index,family,kind,n,m,delta,siriaisa_size,optimum,ratio,expected_constant,within_bound,siriaisa_ms,milp_ms
0,path,bounded,23,22,2,8,8,1.0000,2.0000,1,25.878,13.958
1,cycle,bounded,20,20,2,7,7,1.0000,2.0000,1,20.058,24.485
2,ladder,bounded,20,28,3,6,6,1.0000,3.0000,1,25.823,15.758
3,grid,bounded,16,24,4,4,4,1.0000,4.0000,1,18.730,11.565
4,regular,bounded,10,20,4,3,3,1.0000,4.0000,1,10.869,10.670
5,balanced_tree,bounded,15,14,3,5,5,1.0000,3.0000,1,15.812,13.151
6,lollipop,bounded,6,6,3,2,2,1.0000,3.0000,1,5.453,1.182
7,clique,rigid,1,0,0,1,1,1.0000,1.0000,1,1.331,0.866
8,star,rigid,7,6,6,1,1,1.0000,1.0000,1,5.649,0.982
9,complete_bipartite,rigid,20,99,11,9,9,1.0000,1.0000,1,45.747,2.402
10,crown,rigid,4,2,1,2,2,1.0000,1.0000,1,3.731,0.920
11,double_star,rigid,7,6,4,3,3,1.0000,1.0000,1,5.552,1.120
12,erdos_renyi,random,29,37,6,11,11,1.0000,6.0000,1,45.194,10.911
13,barabasi_albert,random,13,12,6,6,6,1.0000,6.0000,1,13.066,1.294
14,random_tree,random,32,31,5,11,11,1.0000,5.0000,1,42.298,12.695
15,path,bounded,7,6,2,3,3,1.0000,2.0000,1,5.901,1.195
16,cycle,bounded,12,12,2,4,4,1.0000,2.0000,1,9.997,11.029
17,ladder,bounded,34,49,3,9,9,1.0000,3.0000,1,56.657,12.374
18,grid,bounded,10,13,3,3,3,1.0000,4.0000,1,10.104,10.009
19,regular,bounded,8,12,3,2,2,1.0000,3.0000,1,7.642,10.345
20,balanced_tree,bounded,15,14,3,5,5,1.0000,3.0000,1,20.975,19.280
21,lollipop,bounded,9,11,4,3,3,1.0000,4.0000,1,9.712,17.520
22,clique,rigid,7,21,6,1,1,1.0000,1.0000,1,7.977,1.412
23,star,rigid,4,3,3,1,1,1.0000,1.0000,1,3.326,0.898
24,complete_bipartite,rigid,13,22,11,2,2,1.0000,1.0000,1,14.436,1.136
25,crown,rigid,10,20,4,2,2,1.0000,1.0000,1,8.432,10.064
26,double_star,rigid,6,5,4,2,2,1.0000,1.0000,1,7.256,1.403
27,erdos_renyi,random,22,63,9,5,5,1.0000,9.0000,1,41.252,21.737
28,barabasi_albert,random,26,48,12,5,5,1.0000,12.0000,1,38.751,11.537
29,random_tree,random,20,19,4,8,8,1.0000,4.0000,1,22.608,2.182
30,path,bounded,3,2,2,1,1,1.0000,2.0000,1,3.504,1.611
31,cycle,bounded,28,28,2,10,10,1.0000,2.0000,1,31.680,13.205
32,ladder,bounded,24,34,3,7,7,1.0000,3.0000,1,33.419,14.185
33,grid,bounded,25,40,4,7,7,1.0000,4.0000,1,38.762,13.117
34,regular,bounded,29,29,2,10,10,1.0000,2.0000,1,28.018,13.547
35,balanced_tree,bounded,13,12,4,3,3,1.0000,4.0000,1,13.972,2.349
36,lollipop,bounded,17,31,7,4,4,1.0000,7.0000,1,17.612,12.870
37,clique,rigid,10,45,9,1,1,1.0000,1.0000,1,14.535,1.527
38,star,rigid,3,2,2,1,1,1.0000,1.0000,1,3.020,0.898
39,complete_bipartite,rigid,16,60,10,6,6,1.0000,1.0000,1,27.263,1.931
40,crown,rigid,4,2,1,2,2,1.0000,1.0000,1,3.838,0.863
41,double_star,rigid,17,16,10,7,7,1.0000,1.0000,1,12.946,1.172
42,erdos_renyi,random,16,60,11,2,2,1.0000,11.0000,1,27.049,8.400
43,barabasi_albert,random,22,21,7,10,10,1.0000,7.0000,1,23.992,1.704
44,random_tree,random,38,37,4,13,13,1.0000,4.0000,1,53.188,11.653
45,path,bounded,33,32,2,11,11,1.0000,2.0000,1,41.704,11.378
46,cycle,bounded,7,7,2,3,3,1.0000,2.0000,1,6.404,13.557
47,ladder,bounded,30,43,3,8,8,1.0000,3.0000,1,47.943,11.166
48,grid,bounded,8,10,3,3,3,1.0000,4.0000,1,8.063,9.797
49,regular,bounded,10,25,5,2,2,1.0000,5.0000,1,11.686,11.764
50,balanced_tree,bounded,13,12,4,3,3,1.0000,4.0000,1,11.693,1.038
51,lollipop,bounded,10,30,8,2,2,1.0000,8.0000,1,9.962,1.450
52,clique,rigid,1,0,0,1,1,1.0000,1.0000,1,1.280,0.793
53,star,rigid,21,20,20,1,1,1.0000,1.0000,1,15.605,1.249
54,complete_bipartite,rigid,23,132,12,11,11,1.0000,1.0000,1,61.163,2.483
55,crown,rigid,6,6,2,2,2,1.0000,1.0000,1,4.958,12.675
56,double_star,rigid,16,15,12,4,4,1.0000,1.0000,1,18.031,1.346
57,erdos_renyi,random,21,82,12,3,3,1.0000,12.0000,1,45.948,9.879
58,barabasi_albert,random,26,48,12,9,9,1.0000,12.0000,1,43.698,11.092
59,random_tree,random,17,16,3,6,6,1.0000,3.0000,1,16.536,12.311
60,path,bounded,14,13,2,5,5,1.0000,2.0000,1,12.650,13.070
61,cycle,bounded,5,5,2,2,2,1.0000,2.0000,1,5.387,10.933
62,ladder,bounded,34,49,3,9,9,1.0000,3.0000,1,58.588,12.907
63,grid,bounded,15,22,4,4,4,1.0000,4.0000,1,20.353,11.056
64,regular,bounded,13,26,4,3,3,1.0000,4.0000,1,14.141,23.005
65,balanced_tree,bounded,15,14,3,5,5,1.0000,3.0000,1,15.211,12.477
66,lollipop,bounded,13,15,4,4,4,1.0000,4.0000,1,13.603,12.398
67,clique,rigid,11,55,10,1,1,1.0000,1.0000,1,12.630,1.396
68,star,rigid,23,22,22,1,1,1.0000,1.0000,1,15.861,1.199
69,complete_bipartite,rigid,12,27,9,3,3,1.0000,1.0000,1,15.813,1.573
70,crown,rigid,8,12,3,2,2,1.0000,1.0000,1,6.164,10.326
71,double_star,rigid,15,14,10,5,5,1.0000,1.0000,1,12.920,1.436
72,erdos_renyi,random,24,67,9,4,4,1.0000,9.0000,1,50.226,9.226
73,barabasi_albert,random,20,19,8,7,7,1.0000,8.0000,1,20.817,1.585
74,random_tree,random,17,16,5,8,8,1.0000,5.0000,1,16.263,1.139
75,path,bounded,40,39,2,14,14,1.0000,2.0000,1,52.728,11.548
76,cycle,bounded,21,21,2,7,7,1.0000,2.0000,1,21.217,11.854
77,ladder,bounded,28,40,3,8,8,1.0000,3.0000,1,42.382,14.119
78,grid,bounded,6,7,3,2,2,1.0000,4.0000,1,6.418,12.026
79,regular,bounded,34,51,3,10,10,1.0000,3.0000,1,55.104,51.429
80,balanced_tree,bounded,13,12,4,3,3,1.0000,4.0000,1,11.599,1.309
81,lollipop,bounded,10,15,5,3,3,1.0000,5.0000,1,8.622,17.411
82,clique,rigid,6,15,5,1,1,1.0000,1.0000,1,7.604,1.519
83,star,rigid,6,5,5,1,1,1.0000,1.0000,1,4.467,0.924
84,complete_bipartite,rigid,8,15,5,3,3,1.0000,1.0000,1,8.781,1.558
85,crown,rigid,4,2,1,2,2,1.0000,1.0000,1,3.808,0.811
86,double_star,rigid,14,13,11,3,3,1.0000,1.0000,1,9.933,0.923
87,erdos_renyi,random,30,56,7,8,8,1.0000,7.0000,1,51.773,10.988
88,barabasi_albert,random,13,22,9,3,3,1.0000,9.0000,1,17.080,10.105
89,random_tree,random,4,3,2,2,2,1.0000,2.0000,1,4.731,1.386
90,path,bounded,5,4,2,2,2,1.0000,2.0000,1,4.657,1.138
91,cycle,bounded,28,28,2,10,10,1.0000,2.0000,1,32.539,12.577
92,ladder,bounded,20,28,3,6,6,1.0000,3.0000,1,25.515,15.210
93,grid,bounded,12,16,3,4,4,1.0000,4.0000,1,14.614,10.509
94,regular,bounded,26,39,3,7,7,1.0000,3.0000,1,35.556,28.368
95,balanced_tree,bounded,15,14,3,5,5,1.0000,3.0000,1,15.817,12.952
96,lollipop,bounded,9,11,4,3,3,1.0000,4.0000,1,11.007,20.369
97,clique,rigid,8,28,7,1,1,1.0000,1.0000,1,8.456,1.520
98,star,rigid,26,25,25,1,1,1.0000,1.0000,1,20.249,1.466
99,complete_bipartite,rigid,19,90,10,9,9,1.0000,1.0000,1,40.024,2.099
100,crown,rigid,10,20,4,2,2,1.0000,1.0000,1,8.509,9.501
101,double_star,rigid,14,13,9,5,5,1.0000,1.0000,1,11.948,1.263
102,erdos_renyi,random,29,38,6,11,11,1.0000,6.0000,1,43.007,10.626
103,barabasi_albert,random,25,46,16,7,7,1.0000,16.0000,1,37.124,9.549
104,random_tree,random,37,36,6,14,14,1.0000,6.0000,1,54.598,15.191
105,path,bounded,19,18,2,7,7,1.0000,2.0000,1,33.281,10.785
106,cycle,bounded,31,31,2,11,11,1.0000,2.0000,1,38.003,13.485
107,ladder,bounded,30,43,3,8,8,1.0000,3.0000,1,47.741,10.540
108,grid,bounded,25,40,4,7,7,1.0000,4.0000,1,42.351,12.996
109,regular,bounded,6,9,3,2,2,1.0000,3.0000,1,5.703,10.736
110,balanced_tree,bounded,15,14,3,5,5,1.0000,3.0000,1,15.022,12.620
111,lollipop,bounded,16,36,8,4,4,1.0000,8.0000,1,17.714,11.819
112,clique,rigid,12,66,11,1,1,1.0000,1.0000,1,13.886,1.489
113,star,rigid,26,25,25,1,1,1.0000,1.0000,1,17.137,1.271
114,complete_bipartite,rigid,15,50,10,5,5,1.0000,1.0000,1,25.135,1.620
115,crown,rigid,12,30,5,2,2,1.0000,1.0000,1,11.207,9.423
116,double_star,rigid,14,13,8,6,6,1.0000,1.0000,1,13.417,1.381
117,erdos_renyi,random,19,12,5,12,12,1.0000,5.0000,1,19.713,1.275
118,barabasi_albert,random,12,20,8,4,4,1.0000,8.0000,1,12.040,10.550
119,random_tree,random,8,7,3,3,3,1.0000,3.0000,1,8.958,1.526
120,path,bounded,3,2,2,1,1,1.0000,2.0000,1,4.834,1.951
121,cycle,bounded,12,12,2,4,4,1.0000,2.0000,1,9.306,13.281
122,ladder,bounded,34,49,3,9,9,1.0000,3.0000,1,56.215,10.241
123,grid,bounded,20,31,4,6,6,1.0000,4.0000,1,29.143,15.189
124,regular,bounded,6,9,3,2,2,1.0000,3.0000,1,9.669,11.863
125,balanced_tree,bounded,15,14,3,5,5,1.0000,3.0000,1,19.335,17.207
126,lollipop,bounded,14,16,4,4,4,1.0000,4.0000,1,15.240,14.003
127,clique,rigid,14,91,13,1,1,1.0000,1.0000,1,19.032,1.831
128,star,rigid,10,9,9,1,1,1.0000,1.0000,1,13.741,1.213
129,complete_bipartite,rigid,12,11,11,1,1,1.0000,1.0000,1,8.965,1.196
130,crown,rigid,6,6,2,2,2,1.0000,1.0000,1,4.447,12.121
131,double_star,rigid,20,19,13,7,7,1.0000,1.0000,1,18.702,1.792
132,erdos_renyi,random,32,109,11,6,6,1.0000,11.0000,1,90.165,47.843
133,barabasi_albert,random,32,31,11,13,13,1.0000,11.0000,1,38.681,1.769
134,random_tree,random,32,31,4,13,13,1.0000,4.0000,1,47.644,12.106
135,path,bounded,8,7,2,3,3,1.0000,2.0000,1,6.557,12.247
136,cycle,bounded,9,9,2,3,3,1.0000,2.0000,1,7.812,12.183
137,ladder,bounded,26,37,3,7,7,1.0000,3.0000,1,38.582,10.513
138,grid,bounded,12,17,4,4,4,1.0000,4.0000,1,12.894,11.101
139,regular,bounded,4,6,3,1,1,1.0000,3.0000,1,4.002,1.213
140,balanced_tree,bounded,13,12,4,3,3,1.0000,4.0000,1,10.785,0.979
141,lollipop,bounded,11,20,6,3,3,1.0000,6.0000,1,9.573,17.937
142,clique,rigid,14,91,13,1,1,1.0000,1.0000,1,17.840,1.749
143,star,rigid,26,25,25,1,1,1.0000,1.0000,1,17.738,1.482
144,complete_bipartite,rigid,4,4,2,2,2,1.0000,1.0000,1,4.940,1.331
145,crown,rigid,12,30,5,2,2,1.0000,1.0000,1,10.867,9.083
146,double_star,rigid,17,16,13,4,4,1.0000,1.0000,1,14.260,1.202
147,erdos_renyi,random,27,18,4,15,15,1.0000,4.0000,1,32.385,13.654
148,barabasi_albert,random,27,26,8,11,11,1.0000,8.0000,1,40.199,1.875
149,random_tree,random,34,33,4,13,13,1.0000,4.0000,1,54.766,13.638
150,path,bounded,36,35,2,12,12,1.0000,2.0000,1,50.764,11.900
151,cycle,bounded,38,38,2,13,13,1.0000,2.0000,1,54.619,13.026
152,ladder,bounded,14,19,3,4,4,1.0000,3.0000,1,14.692,11.998
153,grid,bounded,24,38,4,7,7,1.0000,4.0000,1,38.530,12.173
154,regular,bounded,9,9,2,3,3,1.0000,2.0000,1,7.217,11.376
155,balanced_tree,bounded,13,12,4,3,3,1.0000,4.0000,1,12.434,1.103
156,lollipop,bounded,5,7,4,1,1,1.0000,4.0000,1,4.271,10.184
157,clique,rigid,9,36,8,1,1,1.0000,1.0000,1,9.675,1.234
158,star,rigid,20,19,19,1,1,1.0000,1.0000,1,13.853,1.242
159,complete_bipartite,rigid,14,33,11,3,3,1.0000,1.0000,1,23.411,1.625
160,crown,rigid,6,6,2,2,2,1.0000,1.0000,1,4.776,11.311
161,double_star,rigid,19,18,13,6,6,1.0000,1.0000,1,14.769,1.231
162,erdos_renyi,random,32,167,18,4,4,1.0000,18.0000,1,121.760,54.487
163,barabasi_albert,random,27,50,16,6,6,1.0000,16.0000,1,42.625,11.427
164,random_tree,random,28,27,3,11,11,1.0000,3.0000,1,34.675,12.099
165,path,bounded,27,26,2,9,9,1.0000,2.0000,1,29.932,11.267
166,cycle,bounded,20,20,2,7,7,1.0000,2.0000,1,20.860,12.749
167,ladder,bounded,32,46,3,9,9,1.0000,3.0000,1,54.083,10.362
168,grid,bounded,8,10,3,3,3,1.0000,4.0000,1,7.899,9.609
169,regular,bounded,14,21,3,4,4,1.0000,3.0000,1,17.216,10.892
170,balanced_tree,bounded,15,14,3,5,5,1.0000,3.0000,1,17.380,13.198
171,lollipop,bounded,10,15,5,3,3,1.0000,5.0000,1,9.721,18.431
172,clique,rigid,5,10,4,1,1,1.0000,1.0000,1,5.347,1.183
173,star,rigid,8,7,7,1,1,1.0000,1.0000,1,5.752,1.008
174,complete_bipartite,rigid,9,14,7,2,2,1.0000,1.0000,1,8.894,1.033
175,crown,rigid,10,20,4,2,2,1.0000,1.0000,1,8.281,10.018
176,double_star,rigid,8,7,4,4,4,1.0000,1.0000,1,6.894,1.121
177,erdos_renyi,random,16,23,5,5,5,1.0000,5.0000,1,16.019,11.104
178,barabasi_albert,random,23,22,11,10,10,1.0000,11.0000,1,25.821,1.357
179,random_tree,random,18,17,3,7,7,1.0000,3.0000,1,17.932,12.405
180,path,bounded,10,9,2,4,4,1.0000,2.0000,1,8.901,13.009
181,cycle,bounded,23,23,2,8,8,1.0000,2.0000,1,29.253,14.396
182,ladder,bounded,4,4,2,2,2,1.0000,3.0000,1,4.007,1.401
183,grid,bounded,24,38,4,7,7,1.0000,4.0000,1,38.099,15.081
184,regular,bounded,4,4,2,2,2,1.0000,2.0000,1,3.660,1.121
185,balanced_tree,bounded,13,12,4,3,3,1.0000,4.0000,1,13.542,1.506
186,lollipop,bounded,12,12,3,4,4,1.0000,3.0000,1,10.189,11.669
187,clique,rigid,2,1,1,1,1,1.0000,1.0000,1,2.261,1.118
188,star,rigid,29,28,28,1,1,1.0000,1.0000,1,19.726,1.778
189,complete_bipartite,rigid,20,96,12,8,8,1.0000,1.0000,1,44.405,2.275
190,crown,rigid,10,20,4,2,2,1.0000,1.0000,1,8.163,9.765
191,double_star,rigid,9,8,7,2,2,1.0000,1.0000,1,8.782,1.041
192,erdos_renyi,random,30,46,6,10,10,1.0000,6.0000,1,47.972,12.342
193,barabasi_albert,random,11,10,5,5,5,1.0000,5.0000,1,8.869,4.806
194,random_tree,random,34,33,4,13,13,1.0000,4.0000,1,88.303,30.431
195,path,bounded,11,10,2,4,4,1.0000,2.0000,1,19.989,22.007
196,cycle,bounded,34,34,2,12,12,1.0000,2.0000,1,61.240,14.891
197,ladder,bounded,32,46,3,9,9,1.0000,3.0000,1,59.871,11.280
198,grid,bounded,12,16,3,4,4,1.0000,4.0000,1,19.140,11.483
199,regular,bounded,5,5,2,2,2,1.0000,2.0000,1,6.437,15.619
200,balanced_tree,bounded,13,12,4,3,3,1.0000,4.0000,1,13.628,1.465
201,lollipop,bounded,16,25,6,4,4,1.0000,6.0000,1,16.723,12.375
202,clique,rigid,7,21,6,1,1,1.0000,1.0000,1,6.817,1.266
203,star,rigid,9,8,8,1,1,1.0000,1.0000,1,6.299,1.011
204,complete_bipartite,rigid,9,14,7,2,2,1.0000,1.0000,1,9.624,1.312
205,crown,rigid,12,30,5,2,2,1.0000,1.0000,1,12.644,8.660
206,double_star,rigid,17,16,11,6,6,1.0000,1.0000,1,14.078,1.750
207,erdos_renyi,random,14,2,1,12,12,1.0000,1.0000,1,16.718,1.018
208,barabasi_albert,random,28,52,11,8,8,1.0000,11.0000,1,48.334,10.885
209,random_tree,random,29,28,4,11,11,1.0000,4.0000,1,38.029,2.373
210,path,bounded,17,16,2,6,6,1.0000,2.0000,1,17.015,10.438
211,cycle,bounded,37,37,2,13,13,1.0000,2.0000,1,53.147,21.521
212,ladder,bounded,6,7,3,2,2,1.0000,3.0000,1,8.971,17.569
213,grid,bounded,20,31,4,6,6,1.0000,4.0000,1,26.251,11.559
214,regular,bounded,32,80,5,7,7,1.0000,5.0000,1,67.685,66.224
215,balanced_tree,bounded,15,14,3,5,5,1.0000,3.0000,1,13.793,14.164
216,lollipop,bounded,12,21,6,3,3,1.0000,6.0000,1,12.852,12.460
217,clique,rigid,9,36,8,1,1,1.0000,1.0000,1,11.404,1.450
218,star,rigid,29,28,28,1,1,1.0000,1.0000,1,18.900,1.428
219,complete_bipartite,rigid,13,42,7,6,6,1.0000,1.0000,1,20.102,1.817
220,crown,rigid,10,20,4,2,2,1.0000,1.0000,1,12.064,10.279
221,double_star,rigid,12,11,7,5,5,1.0000,1.0000,1,11.294,1.300
222,erdos_renyi,random,27,108,12,4,4,1.0000,12.0000,1,73.875,26.823
223,barabasi_albert,random,16,15,8,6,6,1.0000,8.0000,1,14.075,1.411
224,random_tree,random,29,28,4,10,10,1.0000,4.0000,1,38.350,12.050
225,path,bounded,7,6,2,3,3,1.0000,2.0000,1,5.842,1.111
226,cycle,bounded,27,27,2,9,9,1.0000,2.0000,1,28.894,13.193
227,ladder,bounded,18,25,3,5,5,1.0000,3.0000,1,24.002,10.704
228,grid,bounded,12,17,4,4,4,1.0000,4.0000,1,12.162,11.737
229,regular,bounded,7,14,4,2,2,1.0000,4.0000,1,7.884,9.327
230,balanced_tree,bounded,15,14,3,5,5,1.0000,3.0000,1,14.559,13.384
231,lollipop,bounded,7,16,6,1,1,1.0000,6.0000,1,6.985,9.109
232,clique,rigid,13,78,12,1,1,1.0000,1.0000,1,18.167,1.557
233,star,rigid,9,8,8,1,1,1.0000,1.0000,1,6.407,1.027
234,complete_bipartite,rigid,21,110,11,10,10,1.0000,1.0000,1,52.314,2.494
235,crown,rigid,10,20,4,2,2,1.0000,1.0000,1,8.733,10.616
236,double_star,rigid,16,15,9,7,7,1.0000,1.0000,1,13.965,1.283
237,erdos_renyi,random,17,28,8,5,5,1.0000,8.0000,1,22.930,10.987
238,barabasi_albert,random,16,28,9,3,3,1.0000,9.0000,1,17.869,10.012
239,random_tree,random,25,24,5,9,9,1.0000,5.0000,1,28.339,14.114
240,path,bounded,15,14,2,5,5,1.0000,2.0000,1,14.390,12.781
241,cycle,bounded,9,9,2,3,3,1.0000,2.0000,1,8.438,12.395
242,ladder,bounded,18,25,3,5,5,1.0000,3.0000,1,23.719,10.483
243,grid,bounded,10,13,3,3,3,1.0000,4.0000,1,15.186,12.471
244,regular,bounded,20,50,5,4,4,1.0000,5.0000,1,33.817,11.896
245,balanced_tree,bounded,15,14,3,5,5,1.0000,3.0000,1,13.884,12.262
246,lollipop,bounded,10,24,7,2,2,1.0000,7.0000,1,10.757,2.166
247,clique,rigid,2,1,1,1,1,1.0000,1.0000,1,2.458,1.034
248,star,rigid,24,23,23,1,1,1.0000,1.0000,1,15.884,1.369
249,complete_bipartite,rigid,16,63,9,7,7,1.0000,1.0000,1,28.276,1.853
250,crown,rigid,12,30,5,2,2,1.0000,1.0000,1,10.686,9.413
251,double_star,rigid,15,14,13,2,2,1.0000,1.0000,1,11.804,1.320
252,erdos_renyi,random,8,6,4,4,4,1.0000,4.0000,1,7.564,11.610
253,barabasi_albert,random,27,26,11,13,13,1.0000,11.0000,1,28.279,1.414
254,random_tree,random,24,23,4,8,8,1.0000,4.0000,1,28.285,12.557
255,path,bounded,4,3,2,2,2,1.0000,2.0000,1,4.046,1.156
256,cycle,bounded,17,17,2,6,6,1.0000,2.0000,1,16.171,11.882
257,ladder,bounded,12,16,3,4,4,1.0000,3.0000,1,13.197,11.492
258,grid,bounded,10,13,3,3,3,1.0000,4.0000,1,11.360,10.438
259,regular,bounded,32,64,4,8,8,1.0000,4.0000,1,61.110,51.473
260,balanced_tree,bounded,13,12,4,3,3,1.0000,4.0000,1,10.844,1.142
261,lollipop,bounded,13,22,6,3,3,1.0000,6.0000,1,15.402,12.129
262,clique,rigid,5,10,4,1,1,1.0000,1.0000,1,4.819,1.371
263,star,rigid,22,21,21,1,1,1.0000,1.0000,1,15.685,1.310
264,complete_bipartite,rigid,12,36,6,6,6,1.0000,1.0000,1,18.818,1.400
265,crown,rigid,10,20,4,2,2,1.0000,1.0000,1,8.043,11.246
266,double_star,rigid,17,16,11,6,6,1.0000,1.0000,1,13.458,1.152
267,erdos_renyi,random,23,26,5,9,9,1.0000,5.0000,1,27.433,10.398
268,barabasi_albert,random,19,18,10,8,8,1.0000,10.0000,1,18.198,1.237
269,random_tree,random,12,11,6,5,5,1.0000,6.0000,1,10.658,1.894
270,path,bounded,22,21,2,8,8,1.0000,2.0000,1,28.103,12.125
271,cycle,bounded,15,15,2,5,5,1.0000,2.0000,1,13.342,11.612
272,ladder,bounded,8,10,3,3,3,1.0000,3.0000,1,8.423,12.754
273,grid,bounded,12,16,3,4,4,1.0000,4.0000,1,12.408,11.738
274,regular,bounded,10,10,2,4,4,1.0000,2.0000,1,8.519,10.938
275,balanced_tree,bounded,13,12,4,3,3,1.0000,4.0000,1,12.321,1.074
276,lollipop,bounded,9,9,3,3,3,1.0000,3.0000,1,8.524,11.649
277,clique,rigid,3,3,2,1,1,1.0000,1.0000,1,3.045,1.139
278,star,rigid,3,2,2,1,1,1.0000,1.0000,1,3.200,0.891
279,complete_bipartite,rigid,17,60,12,5,5,1.0000,1.0000,1,30.089,1.811
280,crown,rigid,6,6,2,2,2,1.0000,1.0000,1,5.264,10.994
281,double_star,rigid,8,7,4,4,4,1.0000,1.0000,1,7.559,2.262
282,erdos_renyi,random,20,28,5,7,7,1.0000,5.0000,1,23.372,10.032
283,barabasi_albert,random,16,28,8,4,4,1.0000,8.0000,1,20.241,9.519
284,random_tree,random,23,22,5,8,8,1.0000,5.0000,1,30.398,1.536
285,path,bounded,7,6,2,3,3,1.0000,2.0000,1,8.114,1.298
286,cycle,bounded,23,23,2,8,8,1.0000,2.0000,1,27.405,12.874
287,ladder,bounded,24,34,3,7,7,1.0000,3.0000,1,34.208,12.821
288,grid,bounded,8,10,3,3,3,1.0000,4.0000,1,9.138,10.080
289,regular,bounded,14,35,5,3,3,1.0000,5.0000,1,18.600,10.098
290,balanced_tree,bounded,15,14,3,5,5,1.0000,3.0000,1,13.922,11.983
291,lollipop,bounded,9,23,7,2,2,1.0000,7.0000,1,10.262,1.239
292,clique,rigid,2,1,1,1,1,1.0000,1.0000,1,1.867,0.828
293,star,rigid,25,24,24,1,1,1.0000,1.0000,1,15.914,1.107
294,complete_bipartite,rigid,17,72,9,8,8,1.0000,1.0000,1,32.399,2.263
295,crown,rigid,12,30,5,2,2,1.0000,1.0000,1,12.365,11.466
296,double_star,rigid,15,14,10,5,5,1.0000,1.0000,1,11.694,1.133
297,erdos_renyi,random,17,38,7,4,4,1.0000,7.0000,1,23.269,10.582
298,barabasi_albert,random,28,27,7,11,11,1.0000,7.0000,1,31.136,1.612
299,random_tree,random,5,4,3,2,2,1.0000,3.0000,1,4.167,1.095
300,path,bounded,25,24,2,9,9,1.0000,2.0000,1,28.143,11.854
301,cycle,bounded,30,30,2,10,10,1.0000,2.0000,1,35.846,11.102
302,ladder,bounded,16,22,3,5,5,1.0000,3.0000,1,21.853,14.021
303,grid,bounded,10,13,3,3,3,1.0000,4.0000,1,12.577,11.333
304,regular,bounded,12,24,4,3,3,1.0000,4.0000,1,16.548,3.955
305,balanced_tree,bounded,13,12,4,3,3,1.0000,4.0000,1,12.052,1.191
306,lollipop,bounded,14,14,3,5,5,1.0000,3.0000,1,12.807,11.244
307,clique,rigid,12,66,11,1,1,1.0000,1.0000,1,14.615,2.156
308,star,rigid,28,27,27,1,1,1.0000,1.0000,1,18.198,1.428
309,complete_bipartite,rigid,12,11,11,1,1,1.0000,1.0000,1,7.578,0.999
310,crown,rigid,8,12,3,2,2,1.0000,1.0000,1,6.502,10.266
311,double_star,rigid,14,13,12,2,2,1.0000,1.0000,1,12.733,1.071
312,erdos_renyi,random,33,34,6,12,12,1.0000,6.0000,1,39.430,10.707
313,barabasi_albert,random,30,29,9,11,11,1.0000,9.0000,1,35.490,1.376
314,random_tree,random,29,28,5,10,10,1.0000,5.0000,1,37.898,11.619
315,path,bounded,22,21,2,8,8,1.0000,2.0000,1,23.874,11.545
316,cycle,bounded,11,11,2,4,4,1.0000,2.0000,1,10.573,13.926
317,ladder,bounded,4,4,2,2,2,1.0000,3.0000,1,3.944,1.178
318,grid,bounded,4,4,2,2,2,1.0000,4.0000,1,3.732,0.923
319,regular,bounded,18,45,5,4,4,1.0000,5.0000,1,27.033,6.882
320,balanced_tree,bounded,15,14,3,5,5,1.0000,3.0000,1,14.819,13.802
321,lollipop,bounded,11,13,4,3,3,1.0000,4.0000,1,10.355,11.497
322,clique,rigid,9,36,8,1,1,1.0000,1.0000,1,10.078,1.385
323,star,rigid,10,9,9,1,1,1.0000,1.0000,1,7.707,1.251
324,complete_bipartite,rigid,18,81,9,9,9,1.0000,1.0000,1,38.446,2.404
325,crown,rigid,10,20,4,2,2,1.0000,1.0000,1,13.144,10.547
326,double_star,rigid,11,10,7,4,4,1.0000,1.0000,1,11.894,1.585
327,erdos_renyi,random,12,26,7,2,2,1.0000,7.0000,1,12.706,8.460
328,barabasi_albert,random,9,8,6,3,3,1.0000,6.0000,1,7.577,1.354
329,random_tree,random,30,29,4,10,10,1.0000,4.0000,1,35.674,22.071
330,path,bounded,33,32,2,11,11,1.0000,2.0000,1,45.005,11.258
331,cycle,bounded,39,39,2,13,13,1.0000,2.0000,1,48.280,11.985
332,ladder,bounded,16,22,3,5,5,1.0000,3.0000,1,21.264,11.636
333,grid,bounded,9,12,4,3,3,1.0000,4.0000,1,9.428,9.679
334,regular,bounded,32,80,5,7,7,1.0000,5.0000,1,61.765,87.328
335,balanced_tree,bounded,15,14,3,5,5,1.0000,3.0000,1,20.648,13.911
336,lollipop,bounded,15,24,6,4,4,1.0000,6.0000,1,16.117,18.739
337,clique,rigid,8,28,7,1,1,1.0000,1.0000,1,9.894,1.566
338,star,rigid,25,24,24,1,1,1.0000,1.0000,1,21.551,1.646
339,complete_bipartite,rigid,11,10,10,1,1,1.0000,1.0000,1,8.547,1.333
340,crown,rigid,8,12,3,2,2,1.0000,1.0000,1,6.832,11.571
341,double_star,rigid,12,11,8,4,4,1.0000,1.0000,1,15.030,1.732
342,erdos_renyi,random,30,67,8,8,8,1.0000,8.0000,1,59.632,26.571
343,barabasi_albert,random,33,32,6,11,11,1.0000,6.0000,1,42.292,1.634
344,random_tree,random,34,33,4,14,14,1.0000,4.0000,1,47.591,12.751
345,path,bounded,29,28,2,10,10,1.0000,2.0000,1,33.243,11.404
346,cycle,bounded,16,16,2,6,6,1.0000,2.0000,1,15.447,17.325
347,ladder,bounded,26,37,3,7,7,1.0000,3.0000,1,38.729,11.763
348,grid,bounded,20,31,4,6,6,1.0000,4.0000,1,27.261,10.795
349,regular,bounded,22,55,5,5,5,1.0000,5.0000,1,43.296,30.584
350,balanced_tree,bounded,13,12,4,3,3,1.0000,4.0000,1,11.999,1.332
351,lollipop,bounded,14,14,3,5,5,1.0000,3.0000,1,12.877,12.385
352,clique,rigid,6,15,5,1,1,1.0000,1.0000,1,5.986,1.236
353,star,rigid,9,8,8,1,1,1.0000,1.0000,1,6.908,1.100
354,complete_bipartite,rigid,5,6,3,2,2,1.0000,1.0000,1,5.051,0.973
355,crown,rigid,6,6,2,2,2,1.0000,1.0000,1,4.975,13.108
356,double_star,rigid,15,14,10,5,5,1.0000,1.0000,1,13.872,1.278
357,erdos_renyi,random,26,31,5,11,11,1.0000,5.0000,1,34.342,12.379
358,barabasi_albert,random,34,33,12,13,13,1.0000,12.0000,1,36.449,1.458
359,random_tree,random,7,6,2,3,3,1.0000,2.0000,1,5.720,0.992
360,path,bounded,32,31,2,11,11,1.0000,2.0000,1,47.681,11.281
361,cycle,bounded,17,17,2,6,6,1.0000,2.0000,1,17.042,12.971
362,ladder,bounded,16,22,3,5,5,1.0000,3.0000,1,18.367,10.150
363,grid,bounded,15,22,4,4,4,1.0000,4.0000,1,18.280,11.729
364,regular,bounded,24,24,2,9,9,1.0000,2.0000,1,22.540,11.886
365,balanced_tree,bounded,15,14,3,5,5,1.0000,3.0000,1,15.493,14.627
366,lollipop,bounded,8,22,7,1,1,1.0000,7.0000,1,8.798,9.221
367,clique,rigid,9,36,8,1,1,1.0000,1.0000,1,9.933,1.336
368,star,rigid,9,8,8,1,1,1.0000,1.0000,1,7.595,0.997
369,complete_bipartite,rigid,12,27,9,3,3,1.0000,1.0000,1,14.910,1.146
370,crown,rigid,10,20,4,2,2,1.0000,1.0000,1,8.711,11.319
371,double_star,rigid,13,12,11,2,2,1.0000,1.0000,1,10.516,1.142
372,erdos_renyi,random,31,98,11,6,6,1.0000,11.0000,1,81.790,34.277
373,barabasi_albert,random,26,25,10,10,10,1.0000,10.0000,1,31.662,1.467
374,random_tree,random,38,37,5,14,14,1.0000,5.0000,1,52.967,11.738
375,path,bounded,12,11,2,4,4,1.0000,2.0000,1,12.436,13.505
376,cycle,bounded,12,12,2,4,4,1.0000,2.0000,1,11.266,12.643
377,ladder,bounded,12,16,3,4,4,1.0000,3.0000,1,12.791,10.280
378,grid,bounded,20,31,4,6,6,1.0000,4.0000,1,28.532,10.494
379,regular,bounded,16,24,3,4,4,1.0000,3.0000,1,17.768,10.473
380,balanced_tree,bounded,13,12,4,3,3,1.0000,4.0000,1,10.752,1.053
381,lollipop,bounded,9,18,6,2,2,1.0000,6.0000,1,8.210,1.048
382,clique,rigid,5,10,4,1,1,1.0000,1.0000,1,5.084,1.285
383,star,rigid,20,19,19,1,1,1.0000,1.0000,1,13.313,1.152
384,complete_bipartite,rigid,12,20,10,2,2,1.0000,1.0000,1,14.046,1.274
385,crown,rigid,10,20,4,2,2,1.0000,1.0000,1,9.073,9.702
386,double_star,rigid,16,15,11,5,5,1.0000,1.0000,1,14.214,1.134
387,erdos_renyi,random,22,72,10,4,4,1.0000,10.0000,1,49.430,11.879
388,barabasi_albert,random,12,11,6,4,4,1.0000,6.0000,1,11.173,1.347
389,random_tree,random,40,39,4,14,14,1.0000,4.0000,1,56.642,17.935
390,path,bounded,33,32,2,11,11,1.0000,2.0000,1,40.239,10.642
391,cycle,bounded,30,30,2,10,10,1.0000,2.0000,1,36.589,11.777
392,ladder,bounded,24,34,3,7,7,1.0000,3.0000,1,36.384,12.973
393,grid,bounded,10,13,3,3,3,1.0000,4.0000,1,9.820,10.416
394,regular,bounded,32,80,5,7,7,1.0000,5.0000,1,67.859,64.738
395,balanced_tree,bounded,13,12,4,3,3,1.0000,4.0000,1,11.146,1.223
396,lollipop,bounded,12,12,3,4,4,1.0000,3.0000,1,11.772,15.230
397,clique,rigid,11,55,10,1,1,1.0000,1.0000,1,13.361,1.826
398,star,rigid,8,7,7,1,1,1.0000,1.0000,1,5.800,0.948
399,complete_bipartite,rigid,17,72,9,8,8,1.0000,1.0000,1,33.448,2.325
400,crown,rigid,10,20,4,2,2,1.0000,1.0000,1,8.509,9.507
401,double_star,rigid,24,23,12,12,12,1.0000,1.0000,1,20.230,1.535
402,erdos_renyi,random,28,85,12,5,5,1.0000,12.0000,1,68.490,17.886
403,barabasi_albert,random,21,38,9,5,5,1.0000,9.0000,1,31.524,9.628
404,random_tree,random,30,29,4,11,11,1.0000,4.0000,1,38.296,14.333
405,path,bounded,16,15,2,6,6,1.0000,2.0000,1,16.848,11.987
406,cycle,bounded,24,24,2,8,8,1.0000,2.0000,1,25.812,11.212
407,ladder,bounded,30,43,3,8,8,1.0000,3.0000,1,47.206,11.358
408,grid,bounded,10,13,3,3,3,1.0000,4.0000,1,10.306,9.919
409,regular,bounded,4,6,3,1,1,1.0000,3.0000,1,3.907,1.189
410,balanced_tree,bounded,13,12,4,3,3,1.0000,4.0000,1,11.940,1.083
411,lollipop,bounded,15,35,8,3,3,1.0000,8.0000,1,15.131,13.044
412,clique,rigid,10,45,9,1,1,1.0000,1.0000,1,11.729,1.522
413,star,rigid,14,13,13,1,1,1.0000,1.0000,1,9.971,1.163
414,complete_bipartite,rigid,22,120,12,10,10,1.0000,1.0000,1,64.175,2.860
415,crown,rigid,10,20,4,2,2,1.0000,1.0000,1,8.148,9.024
416,double_star,rigid,16,15,9,7,7,1.0000,1.0000,1,14.006,1.224
417,erdos_renyi,random,10,7,3,6,6,1.0000,3.0000,1,9.719,10.885
418,barabasi_albert,random,8,12,5,2,2,1.0000,5.0000,1,7.930,13.214
419,random_tree,random,2,1,1,1,1,1.0000,1.0000,1,2.119,1.036
420,path,bounded,31,30,2,11,11,1.0000,2.0000,1,39.614,10.870
421,cycle,bounded,32,32,2,11,11,1.0000,2.0000,1,41.738,13.130
422,ladder,bounded,14,19,3,4,4,1.0000,3.0000,1,16.762,10.640
423,grid,bounded,12,17,4,4,4,1.0000,4.0000,1,14.495,13.271
424,regular,bounded,24,60,5,5,5,1.0000,5.0000,1,42.871,11.725
425,balanced_tree,bounded,13,12,4,3,3,1.0000,4.0000,1,11.406,2.257
426,lollipop,bounded,10,12,4,3,3,1.0000,4.0000,1,8.534,12.454
427,clique,rigid,7,21,6,1,1,1.0000,1.0000,1,7.047,1.254
428,star,rigid,11,10,10,1,1,1.0000,1.0000,1,7.606,1.860
429,complete_bipartite,rigid,14,48,8,6,6,1.0000,1.0000,1,22.579,1.452
430,crown,rigid,6,6,2,2,2,1.0000,1.0000,1,4.628,12.066
431,double_star,rigid,6,5,4,2,2,1.0000,1.0000,1,7.215,1.110
432,erdos_renyi,random,13,24,6,3,3,1.0000,6.0000,1,13.409,8.276
433,barabasi_albert,random,9,8,3,4,4,1.0000,3.0000,1,9.411,1.232
434,random_tree,random,27,26,5,9,9,1.0000,5.0000,1,34.406,15.542
435,path,bounded,8,7,2,3,3,1.0000,2.0000,1,6.599,11.754
436,cycle,bounded,29,29,2,10,10,1.0000,2.0000,1,36.815,14.439
437,ladder,bounded,24,34,3,7,7,1.0000,3.0000,1,33.377,13.879
438,grid,bounded,12,17,4,4,4,1.0000,4.0000,1,12.287,10.170
439,regular,bounded,14,14,2,5,5,1.0000,2.0000,1,13.536,14.228
440,balanced_tree,bounded,13,12,4,3,3,1.0000,4.0000,1,11.938,1.841
441,lollipop,bounded,18,38,8,4,4,1.0000,8.0000,1,19.957,17.524
442,clique,rigid,3,3,2,1,1,1.0000,1.0000,1,3.522,1.151
443,star,rigid,19,18,18,1,1,1.0000,1.0000,1,15.527,1.335
444,complete_bipartite,rigid,15,54,9,6,6,1.0000,1.0000,1,28.375,1.741
445,crown,rigid,8,12,3,2,2,1.0000,1.0000,1,6.226,10.007
446,double_star,rigid,19,18,13,6,6,1.0000,1.0000,1,15.601,1.398
447,erdos_renyi,random,19,45,10,4,4,1.0000,10.0000,1,30.163,11.805
448,barabasi_albert,random,19,18,8,9,9,1.0000,8.0000,1,18.059,1.244
449,random_tree,random,28,27,5,11,11,1.0000,5.0000,1,35.294,12.303
450,path,bounded,33,32,2,11,11,1.0000,2.0000,1,40.442,12.503
451,cycle,bounded,22,22,2,8,8,1.0000,2.0000,1,28.589,12.562
452,ladder,bounded,10,13,3,3,3,1.0000,3.0000,1,11.178,10.650
453,grid,bounded,10,13,3,3,3,1.0000,4.0000,1,10.783,10.968
454,regular,bounded,32,48,3,9,9,1.0000,3.0000,1,53.242,43.262
455,balanced_tree,bounded,15,14,3,5,5,1.0000,3.0000,1,15.443,12.626
456,lollipop,bounded,13,22,6,3,3,1.0000,6.0000,1,12.124,12.053
457,clique,rigid,14,91,13,1,1,1.0000,1.0000,1,18.178,1.893
458,star,rigid,6,5,5,1,1,1.0000,1.0000,1,5.959,1.775
459,complete_bipartite,rigid,15,50,10,5,5,1.0000,1.0000,1,28.807,2.385
460,crown,rigid,8,12,3,2,2,1.0000,1.0000,1,6.090,10.553
461,double_star,rigid,17,16,13,4,4,1.0000,1.0000,1,14.904,1.227
462,erdos_renyi,random,33,118,11,6,6,1.0000,11.0000,1,93.789,27.325
463,barabasi_albert,random,21,38,9,7,7,1.0000,9.0000,1,32.634,12.954
464,random_tree,random,24,23,3,8,8,1.0000,3.0000,1,30.415,13.117
465,path,bounded,25,24,2,9,9,1.0000,2.0000,1,28.682,10.914
466,cycle,bounded,37,37,2,13,13,1.0000,2.0000,1,47.267,14.819
467,ladder,bounded,8,10,3,3,3,1.0000,3.0000,1,8.131,9.894
468,grid,bounded,30,49,4,8,8,1.0000,4.0000,1,54.419,12.950
469,regular,bounded,14,35,5,3,3,1.0000,5.0000,1,17.825,10.144
470,balanced_tree,bounded,13,12,4,3,3,1.0000,4.0000,1,13.025,1.190
471,lollipop,bounded,8,8,3,3,3,1.0000,3.0000,1,6.844,18.451
472,clique,rigid,6,15,5,1,1,1.0000,1.0000,1,6.658,1.922
473,star,rigid,27,26,26,1,1,1.0000,1.0000,1,18.210,1.231
474,complete_bipartite,rigid,11,30,6,5,5,1.0000,1.0000,1,15.519,1.637
475,crown,rigid,8,12,3,2,2,1.0000,1.0000,1,6.053,9.459
476,double_star,rigid,21,20,13,8,8,1.0000,1.0000,1,17.546,1.248
477,erdos_renyi,random,19,52,8,4,4,1.0000,8.0000,1,31.983,10.419
478,barabasi_albert,random,13,22,8,3,3,1.0000,8.0000,1,13.942,10.019
479,random_tree,random,37,36,3,13,13,1.0000,3.0000,1,53.295,16.739
480,path,bounded,6,5,2,2,2,1.0000,2.0000,1,7.851,1.278
481,cycle,bounded,14,14,2,5,5,1.0000,2.0000,1,13.520,11.322
482,ladder,bounded,28,40,3,8,8,1.0000,3.0000,1,43.443,11.915
483,grid,bounded,15,22,4,4,4,1.0000,4.0000,1,18.107,9.912
484,regular,bounded,11,22,4,3,3,1.0000,4.0000,1,11.355,10.208
485,balanced_tree,bounded,13,12,4,3,3,1.0000,4.0000,1,11.636,1.092
486,lollipop,bounded,8,22,7,1,1,1.0000,7.0000,1,7.658,8.455
487,clique,rigid,2,1,1,1,1,1.0000,1.0000,1,2.167,0.939
488,star,rigid,2,1,1,1,1,1.0000,1.0000,1,2.618,1.675
489,complete_bipartite,rigid,5,4,4,1,1,1.0000,1.0000,1,4.066,0.859
490,crown,rigid,4,2,1,2,2,1.0000,1.0000,1,4.177,0.941
491,double_star,rigid,17,16,9,8,8,1.0000,1.0000,1,13.133,1.068
492,erdos_renyi,random,17,46,9,3,3,1.0000,9.0000,1,25.518,8.415
493,barabasi_albert,random,12,20,9,3,3,1.0000,9.0000,1,14.849,11.120
494,random_tree,random,14,13,5,5,5,1.0000,5.0000,1,14.396,1.239
495,path,bounded,22,21,2,8,8,1.0000,2.0000,1,23.389,14.015
496,cycle,bounded,40,40,2,14,14,1.0000,2.0000,1,50.033,18.174
497,ladder,bounded,34,49,3,9,9,1.0000,3.0000,1,57.389,11.299
498,grid,bounded,18,27,4,6,6,1.0000,4.0000,1,25.165,17.923
499,regular,bounded,26,39,3,8,7,1.1429,3.0000,1,37.199,28.897
500,balanced_tree,bounded,15,14,3,5,5,1.0000,3.0000,1,16.895,12.569
501,lollipop,bounded,13,13,3,4,4,1.0000,3.0000,1,12.019,12.840
502,clique,rigid,3,3,2,1,1,1.0000,1.0000,1,3.120,1.149
503,star,rigid,6,5,5,1,1,1.0000,1.0000,1,5.351,1.086
504,complete_bipartite,rigid,7,12,4,3,3,1.0000,1.0000,1,6.851,1.026
505,crown,rigid,10,20,4,2,2,1.0000,1.0000,1,8.850,10.592
506,double_star,rigid,10,9,8,2,2,1.0000,1.0000,1,8.283,1.063
507,erdos_renyi,random,21,62,11,4,4,1.0000,11.0000,1,40.227,8.700
508,barabasi_albert,random,28,52,9,6,6,1.0000,9.0000,1,47.629,11.627
509,random_tree,random,10,9,3,4,4,1.0000,3.0000,1,8.660,11.464
510,path,bounded,27,26,2,9,9,1.0000,2.0000,1,31.280,10.447
511,cycle,bounded,28,28,2,10,10,1.0000,2.0000,1,32.886,12.398
512,ladder,bounded,22,31,3,6,6,1.0000,3.0000,1,29.404,9.903
513,grid,bounded,30,49,4,8,8,1.0000,4.0000,1,56.424,39.948
514,regular,bounded,24,48,4,6,6,1.0000,4.0000,1,40.161,12.141
515,balanced_tree,bounded,13,12,4,3,3,1.0000,4.0000,1,10.933,1.083
516,lollipop,bounded,6,11,5,1,1,1.0000,5.0000,1,6.343,9.675
517,clique,rigid,11,55,10,1,1,1.0000,1.0000,1,12.627,1.307
518,star,rigid,25,24,24,1,1,1.0000,1.0000,1,17.915,1.548
519,complete_bipartite,rigid,2,1,1,1,1,1.0000,1.0000,1,2.145,1.002
520,crown,rigid,10,20,4,2,2,1.0000,1.0000,1,8.572,9.474
521,double_star,rigid,16,15,11,5,5,1.0000,1.0000,1,13.260,1.800
522,erdos_renyi,random,34,191,17,4,4,1.0000,17.0000,1,144.079,60.199
523,barabasi_albert,random,31,30,14,13,13,1.0000,14.0000,1,37.622,1.776
524,random_tree,random,22,21,4,9,9,1.0000,4.0000,1,25.107,13.304
525,path,bounded,9,8,2,3,3,1.0000,2.0000,1,7.436,11.002
526,cycle,bounded,35,35,2,12,12,1.0000,2.0000,1,55.468,14.561
527,ladder,bounded,24,34,3,7,7,1.0000,3.0000,1,35.258,13.349
528,grid,bounded,12,17,4,4,4,1.0000,4.0000,1,12.501,11.462
529,regular,bounded,16,40,5,4,4,1.0000,5.0000,1,26.047,11.329
530,balanced_tree,bounded,13,12,4,3,3,1.0000,4.0000,1,11.845,1.296
531,lollipop,bounded,5,7,4,1,1,1.0000,4.0000,1,4.236,10.892
532,clique,rigid,7,21,6,1,1,1.0000,1.0000,1,7.791,1.339
533,star,rigid,24,23,23,1,1,1.0000,1.0000,1,15.943,1.259
534,complete_bipartite,rigid,11,30,6,5,5,1.0000,1.0000,1,15.374,2.273
535,crown,rigid,6,6,2,2,2,1.0000,1.0000,1,5.580,14.171
536,double_star,rigid,15,14,11,4,4,1.0000,1.0000,1,12.600,1.264
537,erdos_renyi,random,28,62,8,7,7,1.0000,8.0000,1,58.205,11.145
538,barabasi_albert,random,33,32,9,13,13,1.0000,9.0000,1,40.608,1.553
539,random_tree,random,9,8,2,3,3,1.0000,2.0000,1,7.338,19.655
540,path,bounded,12,11,2,4,4,1.0000,2.0000,1,12.025,12.061
541,cycle,bounded,11,11,2,4,4,1.0000,2.0000,1,11.206,12.440
542,ladder,bounded,16,22,3,5,5,1.0000,3.0000,1,22.557,13.362
543,grid,bounded,10,13,3,3,3,1.0000,4.0000,1,13.540,11.681
544,regular,bounded,32,80,5,7,6,1.1667,5.0000,1,73.525,38.897
545,balanced_tree,bounded,13,12,4,3,3,1.0000,4.0000,1,11.319,1.216
546,lollipop,bounded,13,22,6,3,3,1.0000,6.0000,1,12.087,11.350
547,clique,rigid,4,6,3,1,1,1.0000,1.0000,1,4.538,2.149
548,star,rigid,4,3,3,1,1,1.0000,1.0000,1,3.689,0.939
549,complete_bipartite,rigid,17,60,12,5,5,1.0000,1.0000,1,29.399,2.330
550,crown,rigid,12,30,5,2,2,1.0000,1.0000,1,11.082,8.606
551,double_star,rigid,20,19,13,7,7,1.0000,1.0000,1,17.994,2.741
552,erdos_renyi,random,34,155,15,5,5,1.0000,15.0000,1,123.259,45.849
553,barabasi_albert,random,10,9,4,4,4,1.0000,4.0000,1,8.169,1.245
554,random_tree,random,19,18,3,8,8,1.0000,3.0000,1,20.002,1.465
555,path,bounded,4,3,2,2,2,1.0000,2.0000,1,3.566,1.034
556,cycle,bounded,21,21,2,7,7,1.0000,2.0000,1,19.702,14.050
557,ladder,bounded,32,46,3,9,9,1.0000,3.0000,1,55.178,10.231
558,grid,bounded,15,22,4,4,4,1.0000,4.0000,1,20.238,9.701
559,regular,bounded,18,18,2,6,6,1.0000,2.0000,1,16.563,16.588
560,balanced_tree,bounded,13,12,4,3,3,1.0000,4.0000,1,11.592,1.118
561,lollipop,bounded,12,26,7,3,3,1.0000,7.0000,1,11.756,17.675
562,clique,rigid,5,10,4,1,1,1.0000,1.0000,1,4.665,1.220
563,star,rigid,31,30,30,1,1,1.0000,1.0000,1,33.087,1.571
564,complete_bipartite,rigid,11,24,8,3,3,1.0000,1.0000,1,13.789,1.594
565,crown,rigid,12,30,5,2,2,1.0000,1.0000,1,13.949,10.663
566,double_star,rigid,15,14,13,2,2,1.0000,1.0000,1,11.902,1.350
567,erdos_renyi,random,25,32,7,8,8,1.0000,7.0000,1,33.483,11.438
568,barabasi_albert,random,31,30,13,13,13,1.0000,13.0000,1,37.553,2.059
569,random_tree,random,35,34,5,13,13,1.0000,5.0000,1,47.803,1.765
570,path,bounded,33,32,2,11,11,1.0000,2.0000,1,40.778,12.563
571,cycle,bounded,16,16,2,6,6,1.0000,2.0000,1,20.627,30.065
572,ladder,bounded,30,43,3,8,8,1.0000,3.0000,1,100.075,10.303
573,grid,bounded,18,27,4,6,6,1.0000,4.0000,1,24.707,14.875
574,regular,bounded,24,24,2,8,8,1.0000,2.0000,1,27.973,11.445
575,balanced_tree,bounded,15,14,3,5,5,1.0000,3.0000,1,15.248,13.369
576,lollipop,bounded,20,40,8,5,5,1.0000,8.0000,1,23.627,19.119
577,clique,rigid,6,15,5,1,1,1.0000,1.0000,1,6.056,1.231
578,star,rigid,2,1,1,1,1,1.0000,1.0000,1,2.033,1.060
579,complete_bipartite,rigid,12,32,8,4,4,1.0000,1.0000,1,20.801,1.484
580,crown,rigid,6,6,2,2,2,1.0000,1.0000,1,4.687,10.859
581,double_star,rigid,18,17,10,8,8,1.0000,1.0000,1,15.654,1.768
582,erdos_renyi,random,34,166,16,4,4,1.0000,16.0000,1,125.120,60.879
583,barabasi_albert,random,20,36,9,6,6,1.0000,9.0000,1,34.969,15.217
584,random_tree,random,31,30,4,13,13,1.0000,4.0000,1,45.975,11.636
585,path,bounded,40,39,2,14,14,1.0000,2.0000,1,68.566,12.600
586,cycle,bounded,34,34,2,12,12,1.0000,2.0000,1,46.250,15.309
587,ladder,bounded,28,40,3,8,8,1.0000,3.0000,1,44.076,13.119
588,grid,bounded,8,10,3,3,3,1.0000,4.0000,1,7.402,12.803
589,regular,bounded,29,58,4,7,7,1.0000,4.0000,1,48.554,36.305
590,balanced_tree,bounded,15,14,3,5,5,1.0000,3.0000,1,16.039,13.808
591,lollipop,bounded,20,40,8,5,5,1.0000,8.0000,1,29.866,20.161
592,clique,rigid,6,15,5,1,1,1.0000,1.0000,1,6.800,1.484
593,star,rigid,17,16,16,1,1,1.0000,1.0000,1,11.320,2.379
594,complete_bipartite,rigid,11,30,6,5,5,1.0000,1.0000,1,16.106,1.757
595,crown,rigid,12,30,5,2,2,1.0000,1.0000,1,10.895,10.043
596,double_star,rigid,17,16,12,5,5,1.0000,1.0000,1,15.912,1.335
597,erdos_renyi,random,16,8,2,9,9,1.0000,2.0000,1,16.430,1.126
598,barabasi_albert,random,12,20,7,4,4,1.0000,7.0000,1,12.785,10.189
599,random_tree,random,32,31,4,11,11,1.0000,4.0000,1,42.567,11.970
600,path,bounded,15,14,2,5,5,1.0000,2.0000,1,13.872,12.013
601,cycle,bounded,35,35,2,12,12,1.0000,2.0000,1,48.429,14.030
602,ladder,bounded,8,10,3,3,3,1.0000,3.0000,1,8.976,10.037
603,grid,bounded,4,4,2,2,2,1.0000,4.0000,1,3.773,1.125
604,regular,bounded,24,36,3,7,7,1.0000,3.0000,1,29.233,17.204
605,balanced_tree,bounded,15,14,3,5,5,1.0000,3.0000,1,18.516,12.545
606,lollipop,bounded,16,18,4,5,5,1.0000,4.0000,1,15.498,12.707
607,clique,rigid,14,91,13,1,1,1.0000,1.0000,1,18.345,1.729
608,star,rigid,7,6,6,1,1,1.0000,1.0000,1,5.520,1.108
609,complete_bipartite,rigid,15,54,9,6,6,1.0000,1.0000,1,25.568,1.740
610,crown,rigid,6,6,2,2,2,1.0000,1.0000,1,5.046,10.197
611,double_star,rigid,18,17,13,5,5,1.0000,1.0000,1,16.216,1.345
612,erdos_renyi,random,19,49,10,5,5,1.0000,10.0000,1,33.379,23.236
613,barabasi_albert,random,17,30,10,5,5,1.0000,10.0000,1,20.873,9.970
614,random_tree,random,13,12,3,4,4,1.0000,3.0000,1,11.088,11.870
615,path,bounded,18,17,2,6,6,1.0000,2.0000,1,17.431,12.644
616,cycle,bounded,4,4,2,2,2,1.0000,2.0000,1,4.922,1.247
617,ladder,bounded,36,52,3,10,10,1.0000,3.0000,1,59.494,27.408
618,grid,bounded,20,31,4,6,6,1.0000,4.0000,1,28.736,11.319
619,regular,bounded,24,60,5,5,5,1.0000,5.0000,1,45.630,25.885
620,balanced_tree,bounded,13,12,4,3,3,1.0000,4.0000,1,12.504,1.178
621,lollipop,bounded,10,10,3,3,3,1.0000,3.0000,1,8.294,11.426
622,clique,rigid,10,45,9,1,1,1.0000,1.0000,1,12.814,1.489
623,star,rigid,27,26,26,1,1,1.0000,1.0000,1,17.523,1.495
624,complete_bipartite,rigid,8,15,5,3,3,1.0000,1.0000,1,8.193,1.790
625,crown,rigid,6,6,2,2,2,1.0000,1.0000,1,5.115,11.206
626,double_star,rigid,9,8,6,3,3,1.0000,1.0000,1,7.574,1.015
627,erdos_renyi,random,21,8,2,13,13,1.0000,2.0000,1,23.601,1.581
628,barabasi_albert,random,29,28,6,14,14,1.0000,6.0000,1,43.050,1.627
629,random_tree,random,39,38,5,16,16,1.0000,5.0000,1,58.325,14.496
630,path,bounded,12,11,2,4,4,1.0000,2.0000,1,10.696,11.663
631,cycle,bounded,28,28,2,10,10,1.0000,2.0000,1,34.876,14.434
632,ladder,bounded,4,4,2,2,2,1.0000,3.0000,1,4.360,1.126
633,grid,bounded,30,49,4,8,8,1.0000,4.0000,1,55.936,14.378
634,regular,bounded,33,33,2,12,12,1.0000,2.0000,1,31.120,14.141
635,balanced_tree,bounded,15,14,3,5,5,1.0000,3.0000,1,14.709,12.289
636,lollipop,bounded,20,40,8,5,5,1.0000,8.0000,1,22.815,19.266
637,clique,rigid,3,3,2,1,1,1.0000,1.0000,1,3.477,1.425
638,star,rigid,7,6,6,1,1,1.0000,1.0000,1,6.174,1.134
639,complete_bipartite,rigid,9,20,5,4,4,1.0000,1.0000,1,10.317,1.152
640,crown,rigid,12,30,5,2,2,1.0000,1.0000,1,10.952,8.931
641,double_star,rigid,11,10,7,4,4,1.0000,1.0000,1,9.990,1.114
642,erdos_renyi,random,30,131,13,5,5,1.0000,13.0000,1,92.950,36.385
643,barabasi_albert,random,32,60,16,9,9,1.0000,16.0000,1,65.670,11.473
644,random_tree,random,11,10,4,5,5,1.0000,4.0000,1,9.451,1.236
645,path,bounded,5,4,2,2,2,1.0000,2.0000,1,4.315,1.749
646,cycle,bounded,14,14,2,5,5,1.0000,2.0000,1,12.683,11.312
647,ladder,bounded,24,34,3,7,7,1.0000,3.0000,1,35.438,12.362
648,grid,bounded,9,12,4,3,3,1.0000,4.0000,1,8.943,10.681
649,regular,bounded,19,38,4,4,4,1.0000,4.0000,1,27.803,12.898
650,balanced_tree,bounded,13,12,4,3,3,1.0000,4.0000,1,10.809,1.129
651,lollipop,bounded,11,20,6,3,3,1.0000,6.0000,1,10.214,17.993
652,clique,rigid,5,10,4,1,1,1.0000,1.0000,1,4.780,1.168
653,star,rigid,25,24,24,1,1,1.0000,1.0000,1,17.083,1.975
654,complete_bipartite,rigid,5,4,4,1,1,1.0000,1.0000,1,4.693,1.098
655,crown,rigid,4,2,1,2,2,1.0000,1.0000,1,4.126,0.893
656,double_star,rigid,10,9,7,3,3,1.0000,1.0000,1,8.006,1.055
657,erdos_renyi,random,14,32,8,4,4,1.0000,8.0000,1,18.171,9.598
658,barabasi_albert,random,22,40,10,6,6,1.0000,10.0000,1,33.017,10.302
659,random_tree,random,27,26,3,10,10,1.0000,3.0000,1,35.011,11.493
660,path,bounded,21,20,2,7,7,1.0000,2.0000,1,27.643,11.906
661,cycle,bounded,13,13,2,5,5,1.0000,2.0000,1,11.365,13.127
662,ladder,bounded,32,46,3,9,9,1.0000,3.0000,1,55.362,10.984
663,grid,bounded,16,24,4,4,4,1.0000,4.0000,1,20.191,10.628
664,regular,bounded,24,60,5,5,5,1.0000,5.0000,1,42.363,27.497
665,balanced_tree,bounded,15,14,3,5,5,1.0000,3.0000,1,13.692,14.606
666,lollipop,bounded,5,7,4,1,1,1.0000,4.0000,1,5.822,10.795
667,clique,rigid,9,36,8,1,1,1.0000,1.0000,1,9.949,1.247
668,star,rigid,4,3,3,1,1,1.0000,1.0000,1,3.657,1.013
669,complete_bipartite,rigid,19,88,11,8,8,1.0000,1.0000,1,40.706,2.503
670,crown,rigid,4,2,1,2,2,1.0000,1.0000,1,4.678,1.158
671,double_star,rigid,18,17,13,5,5,1.0000,1.0000,1,13.459,1.340
672,erdos_renyi,random,27,70,11,5,5,1.0000,11.0000,1,59.095,26.593
673,barabasi_albert,random,18,32,12,3,3,1.0000,12.0000,1,21.318,9.946
674,random_tree,random,32,31,4,13,13,1.0000,4.0000,1,45.208,11.970
675,path,bounded,14,13,2,5,5,1.0000,2.0000,1,13.513,12.996
676,cycle,bounded,34,34,2,12,12,1.0000,2.0000,1,44.867,14.030
677,ladder,bounded,10,13,3,3,3,1.0000,3.0000,1,10.755,9.888
678,grid,bounded,20,31,4,6,6,1.0000,4.0000,1,28.172,10.387
679,regular,bounded,33,33,2,12,12,1.0000,2.0000,1,29.611,14.355
680,balanced_tree,bounded,15,14,3,5,5,1.0000,3.0000,1,32.316,26.151
681,lollipop,bounded,12,12,3,4,4,1.0000,3.0000,1,13.516,13.793
682,clique,rigid,7,21,6,1,1,1.0000,1.0000,1,10.667,2.194
683,star,rigid,24,23,23,1,1,1.0000,1.0000,1,17.425,1.634
684,complete_bipartite,rigid,20,99,11,9,9,1.0000,1.0000,1,49.425,2.660
685,crown,rigid,10,20,4,2,2,1.0000,1.0000,1,10.479,9.706
686,double_star,rigid,16,15,9,7,7,1.0000,1.0000,1,13.364,1.224
687,erdos_renyi,random,8,1,1,7,7,1.0000,1.0000,1,10.529,0.980
688,barabasi_albert,random,13,22,6,4,4,1.0000,6.0000,1,15.121,9.430
689,random_tree,random,7,6,2,3,3,1.0000,2.0000,1,5.865,1.549
690,path,bounded,14,13,2,5,5,1.0000,2.0000,1,12.739,17.579
691,cycle,bounded,39,39,2,13,13,1.0000,2.0000,1,58.419,17.067
692,ladder,bounded,4,4,2,2,2,1.0000,3.0000,1,4.518,1.351
693,grid,bounded,20,31,4,6,6,1.0000,4.0000,1,26.831,10.199
694,regular,bounded,17,34,4,4,4,1.0000,4.0000,1,22.882,15.339
695,balanced_tree,bounded,13,12,4,3,3,1.0000,4.0000,1,11.653,1.202
696,lollipop,bounded,15,15,3,5,5,1.0000,3.0000,1,14.582,11.839
697,clique,rigid,14,91,13,1,1,1.0000,1.0000,1,19.407,1.897
698,star,rigid,12,11,11,1,1,1.0000,1.0000,1,8.821,1.048
699,complete_bipartite,rigid,21,108,12,9,9,1.0000,1.0000,1,54.560,3.050
700,crown,rigid,6,6,2,2,2,1.0000,1.0000,1,5.473,11.081
701,double_star,rigid,7,6,4,3,3,1.0000,1.0000,1,6.295,1.129
702,erdos_renyi,random,15,23,7,4,4,1.0000,7.0000,1,15.187,10.095
703,barabasi_albert,random,24,44,10,7,7,1.0000,10.0000,1,36.428,12.784
704,random_tree,random,5,4,3,2,2,1.0000,3.0000,1,5.242,1.429
705,path,bounded,6,5,2,2,2,1.0000,2.0000,1,5.470,1.371
706,cycle,bounded,18,18,2,6,6,1.0000,2.0000,1,19.827,11.224
707,ladder,bounded,32,46,3,9,9,1.0000,3.0000,1,53.874,13.241
708,grid,bounded,4,4,2,2,2,1.0000,4.0000,1,4.238,1.963
709,regular,bounded,21,21,2,7,7,1.0000,2.0000,1,22.017,13.419
710,balanced_tree,bounded,15,14,3,5,5,1.0000,3.0000,1,14.939,15.276
711,lollipop,bounded,10,10,3,3,3,1.0000,3.0000,1,10.246,15.157
712,clique,rigid,14,91,13,1,1,1.0000,1.0000,1,21.851,2.050
713,star,rigid,13,12,12,1,1,1.0000,1.0000,1,8.698,1.133
714,complete_bipartite,rigid,22,120,12,10,10,1.0000,1.0000,1,63.845,4.246
715,crown,rigid,12,30,5,2,2,1.0000,1.0000,1,11.790,9.824
716,double_star,rigid,11,10,9,2,2,1.0000,1.0000,1,10.289,1.112
717,erdos_renyi,random,25,104,12,4,4,1.0000,12.0000,1,78.478,11.088
718,barabasi_albert,random,33,62,12,10,10,1.0000,12.0000,1,68.929,16.096
719,random_tree,random,10,9,4,4,4,1.0000,4.0000,1,10.401,2.175
720,path,bounded,8,7,2,3,3,1.0000,2.0000,1,8.071,12.955
721,cycle,bounded,24,24,2,8,8,1.0000,2.0000,1,25.395,13.001
722,ladder,bounded,36,52,3,10,10,1.0000,3.0000,1,72.815,26.928
723,grid,bounded,12,17,4,4,4,1.0000,4.0000,1,15.198,10.424
724,regular,bounded,20,50,5,4,4,1.0000,5.0000,1,32.923,28.403
725,balanced_tree,bounded,13,12,4,3,3,1.0000,4.0000,1,12.570,2.234
726,lollipop,bounded,16,36,8,4,4,1.0000,8.0000,1,17.185,13.344
727,clique,rigid,8,28,7,1,1,1.0000,1.0000,1,8.525,1.424
728,star,rigid,24,23,23,1,1,1.0000,1.0000,1,19.159,2.581
729,complete_bipartite,rigid,10,24,6,4,4,1.0000,1.0000,1,12.564,1.592
730,crown,rigid,8,12,3,2,2,1.0000,1.0000,1,6.075,11.164
731,double_star,rigid,8,7,5,3,3,1.0000,1.0000,1,8.798,1.203
732,erdos_renyi,random,16,8,4,11,11,1.0000,4.0000,1,16.015,1.121
733,barabasi_albert,random,17,30,11,4,4,1.0000,11.0000,1,21.285,8.921
734,random_tree,random,9,8,3,3,3,1.0000,3.0000,1,7.378,1.161
735,path,bounded,29,28,2,10,10,1.0000,2.0000,1,34.362,10.743
736,cycle,bounded,15,15,2,5,5,1.0000,2.0000,1,14.478,12.677
737,ladder,bounded,30,43,3,8,8,1.0000,3.0000,1,49.114,10.780
738,grid,bounded,15,22,4,4,4,1.0000,4.0000,1,19.958,9.827
739,regular,bounded,22,22,2,8,8,1.0000,2.0000,1,22.906,11.541
740,balanced_tree,bounded,15,14,3,5,5,1.0000,3.0000,1,15.518,15.613
741,lollipop,bounded,10,15,5,3,3,1.0000,5.0000,1,16.994,22.311
742,clique,rigid,12,66,11,1,1,1.0000,1.0000,1,16.894,1.807
743,star,rigid,31,30,30,1,1,1.0000,1.0000,1,23.794,1.854
744,complete_bipartite,rigid,5,6,3,2,2,1.0000,1.0000,1,7.018,1.402
745,crown,rigid,12,30,5,2,2,1.0000,1.0000,1,13.083,10.136
746,double_star,rigid,16,15,11,5,5,1.0000,1.0000,1,13.033,1.116
747,erdos_renyi,random,30,31,4,14,14,1.0000,4.0000,1,44.460,12.852
748,barabasi_albert,random,13,12,4,5,5,1.0000,4.0000,1,12.002,1.226
749,random_tree,random,20,19,4,9,9,1.0000,4.0000,1,21.232,13.793
750,path,bounded,14,13,2,5,5,1.0000,2.0000,1,14.902,11.955
751,cycle,bounded,11,11,2,4,4,1.0000,2.0000,1,11.162,12.202
752,ladder,bounded,18,25,3,5,5,1.0000,3.0000,1,22.734,10.612
753,grid,bounded,16,24,4,4,4,1.0000,4.0000,1,19.621,11.078
754,regular,bounded,6,15,5,1,1,1.0000,5.0000,1,5.914,1.265
755,balanced_tree,bounded,13,12,4,3,3,1.0000,4.0000,1,11.226,1.090
756,lollipop,bounded,5,5,3,2,2,1.0000,3.0000,1,4.359,0.981
757,clique,rigid,5,10,4,1,1,1.0000,1.0000,1,4.667,1.039
758,star,rigid,31,30,30,1,1,1.0000,1.0000,1,22.855,3.334
759,complete_bipartite,rigid,18,72,12,6,6,1.0000,1.0000,1,36.269,2.000
760,crown,rigid,8,12,3,2,2,1.0000,1.0000,1,6.572,10.332
761,double_star,rigid,7,6,4,3,3,1.0000,1.0000,1,7.158,1.180
762,erdos_renyi,random,18,5,1,13,13,1.0000,1.0000,1,19.662,1.134
763,barabasi_albert,random,34,64,13,9,9,1.0000,13.0000,1,62.928,10.901
764,random_tree,random,5,4,2,2,2,1.0000,2.0000,1,6.731,1.220
765,path,bounded,25,24,2,9,9,1.0000,2.0000,1,28.501,10.843
766,cycle,bounded,19,19,2,7,7,1.0000,2.0000,1,19.897,11.406
767,ladder,bounded,22,31,3,6,6,1.0000,3.0000,1,30.899,10.357
768,grid,bounded,30,49,4,8,8,1.0000,4.0000,1,55.963,12.725
769,regular,bounded,28,56,4,7,7,1.0000,4.0000,1,49.203,22.238
770,balanced_tree,bounded,15,14,3,5,5,1.0000,3.0000,1,14.437,13.408
771,lollipop,bounded,17,26,6,5,5,1.0000,6.0000,1,19.116,16.711
772,clique,rigid,8,28,7,1,1,1.0000,1.0000,1,12.185,1.478
773,star,rigid,5,4,4,1,1,1.0000,1.0000,1,4.257,1.480
774,complete_bipartite,rigid,13,36,9,4,4,1.0000,1.0000,1,17.993,1.612
775,crown,rigid,12,30,5,2,2,1.0000,1.0000,1,12.434,8.875
776,double_star,rigid,22,21,13,9,9,1.0000,1.0000,1,17.550,1.244
777,erdos_renyi,random,26,56,8,7,6,1.1667,8.0000,1,51.402,15.102
778,barabasi_albert,random,15,14,8,6,6,1.0000,8.0000,1,13.901,1.959
779,random_tree,random,6,5,3,2,2,1.0000,3.0000,1,5.875,1.102
780,path,bounded,40,39,2,14,14,1.0000,2.0000,1,53.550,12.112
781,cycle,bounded,5,5,2,2,2,1.0000,2.0000,1,5.645,12.566
782,ladder,bounded,8,10,3,3,3,1.0000,3.0000,1,10.103,10.896
783,grid,bounded,18,27,4,6,6,1.0000,4.0000,1,22.631,14.115
784,regular,bounded,22,33,3,6,6,1.0000,3.0000,1,29.360,19.375
785,balanced_tree,bounded,15,14,3,5,5,1.0000,3.0000,1,16.413,13.581
786,lollipop,bounded,14,19,5,4,4,1.0000,5.0000,1,14.950,11.796
787,clique,rigid,7,21,6,1,1,1.0000,1.0000,1,7.037,1.175
788,star,rigid,3,2,2,1,1,1.0000,1.0000,1,3.254,1.010
789,complete_bipartite,rigid,14,40,10,4,4,1.0000,1.0000,1,20.469,1.641
790,crown,rigid,10,20,4,2,2,1.0000,1.0000,1,10.220,9.614
791,double_star,rigid,16,15,10,6,6,1.0000,1.0000,1,14.498,1.277
792,erdos_renyi,random,16,37,7,4,4,1.0000,7.0000,1,25.768,11.067
793,barabasi_albert,random,8,7,5,2,2,1.0000,5.0000,1,8.048,1.264
794,random_tree,random,8,7,3,3,3,1.0000,3.0000,1,6.394,1.112
795,path,bounded,40,39,2,14,14,1.0000,2.0000,1,54.037,12.486
796,cycle,bounded,11,11,2,4,4,1.0000,2.0000,1,11.113,12.648
797,ladder,bounded,12,16,3,4,4,1.0000,3.0000,1,14.025,11.170
798,grid,bounded,20,31,4,6,6,1.0000,4.0000,1,28.519,10.491
799,regular,bounded,25,50,4,6,6,1.0000,4.0000,1,42.967,13.905
800,balanced_tree,bounded,13,12,4,3,3,1.0000,4.0000,1,12.629,1.334
801,lollipop,bounded,10,15,5,3,3,1.0000,5.0000,1,8.540,16.905
802,clique,rigid,14,91,13,1,1,1.0000,1.0000,1,20.268,2.033
803,star,rigid,3,2,2,1,1,1.0000,1.0000,1,2.988,0.900
804,complete_bipartite,rigid,5,6,3,2,2,1.0000,1.0000,1,4.689,0.902
805,crown,rigid,12,30,5,2,2,1.0000,1.0000,1,11.354,9.033
806,double_star,rigid,5,4,3,2,2,1.0000,1.0000,1,5.163,1.135
807,erdos_renyi,random,10,7,3,5,5,1.0000,3.0000,1,9.542,1.004
808,barabasi_albert,random,28,27,10,10,10,1.0000,10.0000,1,33.534,1.701
809,random_tree,random,11,10,3,4,4,1.0000,3.0000,1,11.152,1.297
810,path,bounded,33,32,2,11,11,1.0000,2.0000,1,38.938,12.089
811,cycle,bounded,34,34,2,12,12,1.0000,2.0000,1,48.686,13.330
812,ladder,bounded,34,49,3,9,9,1.0000,3.0000,1,58.617,11.209
813,grid,bounded,12,17,4,4,4,1.0000,4.0000,1,13.078,12.273
814,regular,bounded,26,52,4,6,6,1.0000,4.0000,1,46.536,19.062
815,balanced_tree,bounded,15,14,3,5,5,1.0000,3.0000,1,16.550,12.566
816,lollipop,bounded,8,8,3,3,3,1.0000,3.0000,1,7.393,18.116
817,clique,rigid,2,1,1,1,1,1.0000,1.0000,1,4.048,1.498
818,star,rigid,31,30,30,1,1,1.0000,1.0000,1,19.564,1.300
819,complete_bipartite,rigid,13,40,8,5,5,1.0000,1.0000,1,20.923,1.546
820,crown,rigid,10,20,4,2,2,1.0000,1.0000,1,8.346,10.492
821,double_star,rigid,14,13,9,5,5,1.0000,1.0000,1,12.186,1.143
822,erdos_renyi,random,21,64,13,5,5,1.0000,13.0000,1,38.615,13.547
823,barabasi_albert,random,20,36,9,7,7,1.0000,9.0000,1,27.649,9.584
824,random_tree,random,2,1,1,1,1,1.0000,1.0000,1,2.199,0.914
825,path,bounded,10,9,2,4,4,1.0000,2.0000,1,8.118,13.509
826,cycle,bounded,16,16,2,6,6,1.0000,2.0000,1,16.326,11.668
827,ladder,bounded,4,4,2,2,2,1.0000,3.0000,1,4.691,1.390
828,grid,bounded,24,38,4,7,7,1.0000,4.0000,1,41.942,13.012
829,regular,bounded,18,27,3,5,5,1.0000,3.0000,1,20.466,11.270
830,balanced_tree,bounded,15,14,3,5,5,1.0000,3.0000,1,15.178,13.110
831,lollipop,bounded,15,24,6,4,4,1.0000,6.0000,1,15.995,11.162
832,clique,rigid,11,55,10,1,1,1.0000,1.0000,1,13.448,2.651
833,star,rigid,9,8,8,1,1,1.0000,1.0000,1,6.232,1.052
834,complete_bipartite,rigid,18,72,12,6,6,1.0000,1.0000,1,38.173,1.917
835,crown,rigid,10,20,4,2,2,1.0000,1.0000,1,8.349,9.747
836,double_star,rigid,15,14,9,6,6,1.0000,1.0000,1,13.633,1.322
837,erdos_renyi,random,21,24,5,8,8,1.0000,5.0000,1,22.958,8.000
838,barabasi_albert,random,28,27,9,11,11,1.0000,9.0000,1,28.854,1.371
839,random_tree,random,6,5,3,2,2,1.0000,3.0000,1,5.030,1.108
840,path,bounded,35,34,2,12,12,1.0000,2.0000,1,45.042,11.447
841,cycle,bounded,16,16,2,6,6,1.0000,2.0000,1,14.826,11.358
842,ladder,bounded,20,28,3,6,6,1.0000,3.0000,1,26.844,15.844
843,grid,bounded,6,7,3,2,2,1.0000,4.0000,1,6.015,10.325
844,regular,bounded,14,21,3,4,4,1.0000,3.0000,1,14.198,11.350
845,balanced_tree,bounded,13,12,4,3,3,1.0000,4.0000,1,12.047,1.327
846,lollipop,bounded,16,21,5,5,5,1.0000,5.0000,1,14.740,13.846
847,clique,rigid,3,3,2,1,1,1.0000,1.0000,1,3.402,1.183
848,star,rigid,11,10,10,1,1,1.0000,1.0000,1,8.715,1.062
849,complete_bipartite,rigid,7,6,6,1,1,1.0000,1.0000,1,5.777,1.213
850,crown,rigid,10,20,4,2,2,1.0000,1.0000,1,9.000,10.108
851,double_star,rigid,18,17,12,6,6,1.0000,1.0000,1,14.694,1.512
852,erdos_renyi,random,23,19,4,12,12,1.0000,4.0000,1,24.277,1.456
853,barabasi_albert,random,26,25,9,10,10,1.0000,9.0000,1,27.917,1.321
854,random_tree,random,28,27,4,11,11,1.0000,4.0000,1,36.052,14.718
855,path,bounded,39,38,2,13,13,1.0000,2.0000,1,47.581,11.759
856,cycle,bounded,37,37,2,13,13,1.0000,2.0000,1,49.991,15.185
857,ladder,bounded,26,37,3,7,7,1.0000,3.0000,1,39.195,10.683
858,grid,bounded,12,17,4,4,4,1.0000,4.0000,1,13.029,10.799
859,regular,bounded,29,58,4,7,7,1.0000,4.0000,1,50.077,36.114
860,balanced_tree,bounded,15,14,3,5,5,1.0000,3.0000,1,14.507,13.352
861,lollipop,bounded,6,11,5,1,1,1.0000,5.0000,1,8.227,15.338
862,clique,rigid,10,45,9,1,1,1.0000,1.0000,1,15.949,2.243
863,star,rigid,6,5,5,1,1,1.0000,1.0000,1,4.935,1.087
864,complete_bipartite,rigid,11,10,10,1,1,1.0000,1.0000,1,8.280,1.217
865,crown,rigid,8,12,3,2,2,1.0000,1.0000,1,6.292,10.909
866,double_star,rigid,9,8,5,4,4,1.0000,1.0000,1,9.135,1.203
867,erdos_renyi,random,20,56,9,4,4,1.0000,9.0000,1,36.098,10.519
868,barabasi_albert,random,12,11,4,4,4,1.0000,4.0000,1,10.558,1.308
869,random_tree,random,26,25,4,9,9,1.0000,4.0000,1,30.471,12.319
870,path,bounded,25,24,2,9,9,1.0000,2.0000,1,29.169,14.422
871,cycle,bounded,13,13,2,5,5,1.0000,2.0000,1,12.503,11.649
872,ladder,bounded,30,43,3,8,8,1.0000,3.0000,1,49.695,11.900
873,grid,bounded,30,49,4,8,8,1.0000,4.0000,1,54.757,13.437
874,regular,bounded,26,65,5,6,6,1.0000,5.0000,1,47.989,44.340
875,balanced_tree,bounded,15,14,3,5,5,1.0000,3.0000,1,14.377,13.412
876,lollipop,bounded,8,17,6,2,2,1.0000,6.0000,1,10.404,1.321
877,clique,rigid,2,1,1,1,1,1.0000,1.0000,1,1.964,1.468
878,star,rigid,19,18,18,1,1,1.0000,1.0000,1,15.680,1.370
879,complete_bipartite,rigid,12,35,7,5,5,1.0000,1.0000,1,17.244,3.283
880,crown,rigid,8,12,3,2,2,1.0000,1.0000,1,6.789,9.995
881,double_star,rigid,11,10,8,3,3,1.0000,1.0000,1,9.164,1.465
882,erdos_renyi,random,29,26,4,13,13,1.0000,4.0000,1,35.272,13.392
883,barabasi_albert,random,11,18,6,2,2,1.0000,6.0000,1,11.936,9.563
884,random_tree,random,18,17,3,7,7,1.0000,3.0000,1,20.091,11.804
885,path,bounded,31,30,2,11,11,1.0000,2.0000,1,40.009,10.789
886,cycle,bounded,23,23,2,8,8,1.0000,2.0000,1,27.554,12.985
887,ladder,bounded,28,40,3,8,8,1.0000,3.0000,1,43.402,12.946
888,grid,bounded,12,17,4,4,4,1.0000,4.0000,1,13.540,10.377
889,regular,bounded,23,46,4,6,6,1.0000,4.0000,1,38.488,19.661
890,balanced_tree,bounded,15,14,3,5,5,1.0000,3.0000,1,13.990,13.243
891,lollipop,bounded,10,30,8,2,2,1.0000,8.0000,1,11.407,1.391
892,clique,rigid,4,6,3,1,1,1.0000,1.0000,1,3.557,1.111
893,star,rigid,21,20,20,1,1,1.0000,1.0000,1,13.776,1.131
894,complete_bipartite,rigid,16,60,10,6,6,1.0000,1.0000,1,34.982,2.416
895,crown,rigid,8,12,3,2,2,1.0000,1.0000,1,7.652,13.135
896,double_star,rigid,13,12,7,6,6,1.0000,1.0000,1,11.804,1.275
897,erdos_renyi,random,24,13,4,14,14,1.0000,4.0000,1,24.258,1.369
898,barabasi_albert,random,27,50,12,7,7,1.0000,12.0000,1,41.498,10.629
899,random_tree,random,6,5,2,2,2,1.0000,2.0000,1,4.855,1.178
900,path,bounded,20,19,2,7,7,1.0000,2.0000,1,20.284,12.352
901,cycle,bounded,20,20,2,7,7,1.0000,2.0000,1,22.383,11.908
902,ladder,bounded,16,22,3,5,5,1.0000,3.0000,1,19.040,11.928
903,grid,bounded,12,16,3,4,4,1.0000,4.0000,1,13.288,12.958
904,regular,bounded,9,9,2,3,3,1.0000,2.0000,1,9.397,15.753
905,balanced_tree,bounded,13,12,4,3,3,1.0000,4.0000,1,11.766,1.133
906,lollipop,bounded,5,5,3,2,2,1.0000,3.0000,1,4.643,1.668
907,clique,rigid,12,66,11,1,1,1.0000,1.0000,1,13.741,1.418
908,star,rigid,4,3,3,1,1,1.0000,1.0000,1,3.624,0.909
909,complete_bipartite,rigid,6,5,5,1,1,1.0000,1.0000,1,4.807,0.884
910,crown,rigid,8,12,3,2,2,1.0000,1.0000,1,6.820,10.185
911,double_star,rigid,20,19,11,9,9,1.0000,1.0000,1,16.808,1.167
912,erdos_renyi,random,28,121,13,4,4,1.0000,13.0000,1,85.276,45.060
913,barabasi_albert,random,10,9,5,4,4,1.0000,5.0000,1,11.033,1.948
914,random_tree,random,6,5,3,2,2,1.0000,3.0000,1,5.263,1.006
915,path,bounded,32,31,2,11,11,1.0000,2.0000,1,41.468,11.720
916,cycle,bounded,10,10,2,4,4,1.0000,2.0000,1,9.371,12.580
917,ladder,bounded,8,10,3,3,3,1.0000,3.0000,1,8.345,14.074
918,grid,bounded,8,10,3,3,3,1.0000,4.0000,1,10.405,15.703
919,regular,bounded,10,25,5,2,2,1.0000,5.0000,1,18.093,8.498
920,balanced_tree,bounded,15,14,3,5,5,1.0000,3.0000,1,19.995,15.759
921,lollipop,bounded,17,22,5,5,5,1.0000,5.0000,1,26.378,14.491
922,clique,rigid,1,0,0,1,1,1.0000,1.0000,1,1.551,1.125
923,star,rigid,2,1,1,1,1,1.0000,1.0000,1,3.660,1.842
924,complete_bipartite,rigid,22,121,11,11,11,1.0000,1.0000,1,63.305,3.693
925,crown,rigid,6,6,2,2,2,1.0000,1.0000,1,5.253,11.389
926,double_star,rigid,21,20,12,9,9,1.0000,1.0000,1,19.104,2.336
927,erdos_renyi,random,12,19,5,3,3,1.0000,5.0000,1,12.081,10.672
928,barabasi_albert,random,18,17,6,8,8,1.0000,6.0000,1,21.339,1.619
929,random_tree,random,25,24,4,10,10,1.0000,4.0000,1,36.197,11.523
930,path,bounded,25,24,2,9,9,1.0000,2.0000,1,33.006,14.759
931,cycle,bounded,18,18,2,6,6,1.0000,2.0000,1,21.007,11.002
932,ladder,bounded,20,28,3,6,6,1.0000,3.0000,1,25.804,15.362
933,grid,bounded,24,38,4,7,7,1.0000,4.0000,1,43.166,21.611
934,regular,bounded,14,35,5,3,3,1.0000,5.0000,1,24.077,15.225
935,balanced_tree,bounded,13,12,4,3,3,1.0000,4.0000,1,12.329,1.251
936,lollipop,bounded,14,23,6,4,4,1.0000,6.0000,1,14.255,15.450
937,clique,rigid,11,55,10,1,1,1.0000,1.0000,1,16.211,1.827
938,star,rigid,9,8,8,1,1,1.0000,1.0000,1,9.159,1.847
939,complete_bipartite,rigid,15,54,9,6,6,1.0000,1.0000,1,28.668,1.942
940,crown,rigid,4,2,1,2,2,1.0000,1.0000,1,5.567,1.420
941,double_star,rigid,11,10,7,4,4,1.0000,1.0000,1,10.078,1.499
942,erdos_renyi,random,13,21,6,4,4,1.0000,6.0000,1,16.520,10.111
943,barabasi_albert,random,14,24,12,2,2,1.0000,12.0000,1,15.482,9.845
944,random_tree,random,32,31,3,13,13,1.0000,3.0000,1,45.292,15.169
945,path,bounded,25,24,2,9,9,1.0000,2.0000,1,35.904,11.856
946,cycle,bounded,35,35,2,12,12,1.0000,2.0000,1,51.689,14.713
947,ladder,bounded,36,52,3,10,10,1.0000,3.0000,1,67.689,28.551
948,grid,bounded,36,60,4,10,10,1.0000,4.0000,1,79.824,68.545
949,regular,bounded,28,70,5,6,6,1.0000,5.0000,1,57.419,31.736
950,balanced_tree,bounded,15,14,3,5,5,1.0000,3.0000,1,14.781,13.833
951,lollipop,bounded,16,25,6,4,4,1.0000,6.0000,1,16.907,12.782
952,clique,rigid,5,10,4,1,1,1.0000,1.0000,1,5.165,1.217
953,star,rigid,14,13,13,1,1,1.0000,1.0000,1,12.858,1.406
954,complete_bipartite,rigid,20,100,10,10,10,1.0000,1.0000,1,55.594,2.608
955,crown,rigid,8,12,3,2,2,1.0000,1.0000,1,7.088,11.658
956,double_star,rigid,18,17,12,6,6,1.0000,1.0000,1,14.980,1.338
957,erdos_renyi,random,23,39,8,8,8,1.0000,8.0000,1,35.854,15.408
958,barabasi_albert,random,11,10,7,4,4,1.0000,7.0000,1,15.668,2.410
959,random_tree,random,38,37,5,15,15,1.0000,5.0000,1,79.759,1.925
960,path,bounded,7,6,2,3,3,1.0000,2.0000,1,6.537,1.459
961,cycle,bounded,39,39,2,13,13,1.0000,2.0000,1,63.502,18.692
962,ladder,bounded,22,31,3,6,6,1.0000,3.0000,1,40.519,13.465
963,grid,bounded,12,17,4,4,4,1.0000,4.0000,1,15.040,11.755
964,regular,bounded,29,29,2,10,10,1.0000,2.0000,1,31.956,14.108
965,balanced_tree,bounded,15,14,3,5,5,1.0000,3.0000,1,17.275,13.312
966,lollipop,bounded,13,27,7,3,3,1.0000,7.0000,1,14.991,12.447
967,clique,rigid,9,36,8,1,1,1.0000,1.0000,1,9.836,1.810
968,star,rigid,25,24,24,1,1,1.0000,1.0000,1,24.685,1.679
969,complete_bipartite,rigid,7,6,6,1,1,1.0000,1.0000,1,6.724,1.390
970,crown,rigid,8,12,3,2,2,1.0000,1.0000,1,7.783,10.950
971,double_star,rigid,19,18,12,7,7,1.0000,1.0000,1,16.883,1.347
972,erdos_renyi,random,31,26,6,14,14,1.0000,6.0000,1,38.660,13.192
973,barabasi_albert,random,22,21,7,8,8,1.0000,7.0000,1,24.099,1.523
974,random_tree,random,3,2,2,1,1,1.0000,2.0000,1,3.203,0.929
975,path,bounded,13,12,2,5,5,1.0000,2.0000,1,12.632,11.343
976,cycle,bounded,30,30,2,10,10,1.0000,2.0000,1,40.472,14.493
977,ladder,bounded,10,13,3,3,3,1.0000,3.0000,1,32.668,21.517
978,grid,bounded,25,40,4,7,7,1.0000,4.0000,1,93.759,27.465
979,regular,bounded,22,33,3,6,6,1.0000,3.0000,1,60.102,29.963
980,balanced_tree,bounded,13,12,4,3,3,1.0000,4.0000,1,37.663,3.091
981,lollipop,bounded,17,37,8,4,4,1.0000,8.0000,1,53.636,35.233
982,clique,rigid,13,78,12,1,1,1.0000,1.0000,1,40.489,6.147
983,star,rigid,28,27,27,1,1,1.0000,1.0000,1,48.925,3.595
984,complete_bipartite,rigid,14,49,7,7,7,1.0000,1.0000,1,58.252,3.292
985,crown,rigid,12,30,5,2,2,1.0000,1.0000,1,20.300,17.335
986,double_star,rigid,9,8,5,4,4,1.0000,1.0000,1,14.244,1.507
987,erdos_renyi,random,10,9,3,5,5,1.0000,3.0000,1,16.731,3.251
988,barabasi_albert,random,12,20,7,3,3,1.0000,7.0000,1,35.262,26.845
989,random_tree,random,22,21,3,7,7,1.0000,3.0000,1,60.868,35.459
990,path,bounded,37,36,2,13,13,1.0000,2.0000,1,125.907,26.113
991,cycle,bounded,35,35,2,12,12,1.0000,2.0000,1,130.469,45.737
992,ladder,bounded,6,7,3,2,2,1.0000,3.0000,1,10.916,30.820
993,grid,bounded,16,24,4,4,4,1.0000,4.0000,1,57.524,20.081
994,regular,bounded,26,39,3,8,7,1.1429,3.0000,1,115.321,74.595
995,balanced_tree,bounded,13,12,4,3,3,1.0000,4.0000,1,39.897,3.847
996,lollipop,bounded,9,23,7,2,2,1.0000,7.0000,1,18.893,3.988
997,clique,rigid,12,66,11,1,1,1.0000,1.0000,1,47.380,3.844
998,star,rigid,2,1,1,1,1,1.0000,1.0000,1,4.699,2.691
999,complete_bipartite,rigid,11,10,10,1,1,1.0000,1.0000,1,21.419,3.586
1000,crown,rigid,8,12,3,2,2,1.0000,1.0000,1,17.025,23.152
1001,double_star,rigid,15,14,8,7,7,1.0000,1.0000,1,30.507,3.562
1002,erdos_renyi,random,28,18,4,17,17,1.0000,4.0000,1,73.297,4.772
1003,barabasi_albert,random,31,58,12,9,9,1.0000,12.0000,1,82.220,73.101
1004,random_tree,random,13,12,4,5,5,1.0000,4.0000,1,23.125,3.665
1005,path,bounded,9,8,2,3,3,1.0000,2.0000,1,15.023,37.339
1006,cycle,bounded,16,16,2,6,6,1.0000,2.0000,1,51.672,28.498
1007,ladder,bounded,8,10,3,3,3,1.0000,3.0000,1,18.603,27.716
1008,grid,bounded,18,27,4,6,6,1.0000,4.0000,1,38.987,32.706
1009,regular,bounded,28,42,3,8,8,1.0000,3.0000,1,87.794,46.714
1010,balanced_tree,bounded,15,14,3,5,5,1.0000,3.0000,1,38.644,29.404
1011,lollipop,bounded,19,33,7,5,5,1.0000,7.0000,1,56.065,21.652
1012,clique,rigid,12,66,11,1,1,1.0000,1.0000,1,24.490,2.119
1013,star,rigid,21,20,20,1,1,1.0000,1.0000,1,30.518,2.527
1014,complete_bipartite,rigid,4,3,3,1,1,1.0000,1.0000,1,7.603,2.833
1015,crown,rigid,12,30,5,2,2,1.0000,1.0000,1,28.266,20.974
1016,double_star,rigid,18,17,10,8,8,1.0000,1.0000,1,48.335,3.162
1017,erdos_renyi,random,26,112,13,4,4,1.0000,13.0000,1,121.178,72.721
1018,barabasi_albert,random,12,20,8,3,3,1.0000,8.0000,1,32.791,15.789
1019,random_tree,random,29,28,6,10,10,1.0000,6.0000,1,53.609,2.251
1020,path,bounded,38,37,2,13,13,1.0000,2.0000,1,186.855,34.665
1021,cycle,bounded,13,13,2,5,5,1.0000,2.0000,1,23.481,17.184
1022,ladder,bounded,18,25,3,5,5,1.0000,3.0000,1,53.883,42.989
1023,grid,bounded,8,10,3,3,3,1.0000,4.0000,1,15.509,21.188
1024,regular,bounded,7,14,4,2,2,1.0000,4.0000,1,21.653,26.180
1025,balanced_tree,bounded,15,14,3,5,5,1.0000,3.0000,1,33.772,30.232
1026,lollipop,bounded,13,22,6,3,3,1.0000,6.0000,1,34.575,22.155
1027,clique,rigid,7,21,6,1,1,1.0000,1.0000,1,9.694,1.691
1028,star,rigid,27,26,26,1,1,1.0000,1.0000,1,21.926,1.832
1029,complete_bipartite,rigid,17,66,11,6,6,1.0000,1.0000,1,69.719,5.374
1030,crown,rigid,8,12,3,2,2,1.0000,1.0000,1,16.511,22.257
1031,double_star,rigid,18,17,10,8,8,1.0000,1.0000,1,36.859,3.906
1032,erdos_renyi,random,28,81,10,6,6,1.0000,10.0000,1,134.025,66.035
1033,barabasi_albert,random,22,40,10,5,5,1.0000,10.0000,1,70.925,13.562
1034,random_tree,random,15,14,4,6,6,1.0000,4.0000,1,36.134,2.965
1035,path,bounded,25,24,2,9,9,1.0000,2.0000,1,36.166,20.013
1036,cycle,bounded,40,40,2,14,14,1.0000,2.0000,1,71.425,17.579
1037,ladder,bounded,10,13,3,3,3,1.0000,3.0000,1,24.126,23.583
1038,grid,bounded,24,38,4,7,7,1.0000,4.0000,1,71.407,36.987
1039,regular,bounded,14,35,5,3,3,1.0000,5.0000,1,29.131,14.807
1040,balanced_tree,bounded,15,14,3,5,5,1.0000,3.0000,1,26.989,34.987
1041,lollipop,bounded,19,33,7,5,5,1.0000,7.0000,1,58.347,27.211
1042,clique,rigid,3,3,2,1,1,1.0000,1.0000,1,4.585,1.761
1043,star,rigid,17,16,16,1,1,1.0000,1.0000,1,23.962,3.340
1044,complete_bipartite,rigid,17,60,12,5,5,1.0000,1.0000,1,79.203,2.362
1045,crown,rigid,4,2,1,2,2,1.0000,1.0000,1,5.059,1.225
1046,double_star,rigid,19,18,11,8,8,1.0000,1.0000,1,36.347,3.398
1047,erdos_renyi,random,12,14,4,4,4,1.0000,4.0000,1,22.898,24.832
1048,barabasi_albert,random,11,10,5,5,5,1.0000,5.0000,1,26.336,3.496
1049,random_tree,random,18,17,3,6,6,1.0000,3.0000,1,51.720,2.172
1050,path,bounded,15,14,2,5,5,1.0000,2.0000,1,19.073,14.118
1051,cycle,bounded,3,3,2,1,1,1.0000,2.0000,1,13.045,5.801
1052,ladder,bounded,16,22,3,5,5,1.0000,3.0000,1,33.551,14.110
1053,grid,bounded,25,40,4,7,7,1.0000,4.0000,1,90.756,25.506
1054,regular,bounded,34,51,3,9,9,1.0000,3.0000,1,96.111,61.902
1055,balanced_tree,bounded,13,12,4,3,3,1.0000,4.0000,1,14.412,1.632
1056,lollipop,bounded,7,16,6,1,1,1.0000,6.0000,1,19.022,21.041
1057,clique,rigid,6,15,5,1,1,1.0000,1.0000,1,8.322,2.703
1058,star,rigid,25,24,24,1,1,1.0000,1.0000,1,46.611,3.983
1059,complete_bipartite,rigid,8,15,5,3,3,1.0000,1.0000,1,39.922,3.159
1060,crown,rigid,4,2,1,2,2,1.0000,1.0000,1,13.601,3.007
1061,double_star,rigid,16,15,10,6,6,1.0000,1.0000,1,38.307,3.883
1062,erdos_renyi,random,18,33,8,5,5,1.0000,8.0000,1,64.080,23.688
1063,barabasi_albert,random,21,20,12,7,7,1.0000,12.0000,1,39.849,2.881
1064,random_tree,random,35,34,3,11,11,1.0000,3.0000,1,116.564,32.854
1065,path,bounded,19,18,2,7,7,1.0000,2.0000,1,55.803,26.497
1066,cycle,bounded,19,19,2,7,7,1.0000,2.0000,1,46.822,18.846
1067,ladder,bounded,14,19,3,4,4,1.0000,3.0000,1,35.110,22.244
1068,grid,bounded,20,31,4,6,6,1.0000,4.0000,1,66.533,37.689
1069,regular,bounded,24,36,3,7,7,1.0000,3.0000,1,94.756,32.612
1070,balanced_tree,bounded,15,14,3,5,5,1.0000,3.0000,1,35.652,21.280
1071,lollipop,bounded,15,35,8,3,3,1.0000,8.0000,1,27.780,26.193
1072,clique,rigid,12,66,11,1,1,1.0000,1.0000,1,45.383,2.284
1073,star,rigid,12,11,11,1,1,1.0000,1.0000,1,15.462,2.475
1074,complete_bipartite,rigid,16,63,9,7,7,1.0000,1.0000,1,72.407,5.297
1075,crown,rigid,12,30,5,2,2,1.0000,1.0000,1,30.511,20.948
1076,double_star,rigid,17,16,9,8,8,1.0000,1.0000,1,26.456,2.250
1077,erdos_renyi,random,29,19,4,16,16,1.0000,4.0000,1,57.010,9.574
1078,barabasi_albert,random,33,32,8,15,15,1.0000,8.0000,1,99.031,2.633
1079,random_tree,random,36,35,4,17,17,1.0000,4.0000,1,128.436,6.147
1080,path,bounded,28,27,2,10,10,1.0000,2.0000,1,63.526,19.231
1081,cycle,bounded,39,39,2,13,13,1.0000,2.0000,1,105.193,38.024
1082,ladder,bounded,22,31,3,6,6,1.0000,3.0000,1,58.928,24.260
1083,grid,bounded,10,13,3,3,3,1.0000,4.0000,1,23.426,25.097
1084,regular,bounded,34,85,5,7,7,1.0000,5.0000,1,177.305,122.076
1085,balanced_tree,bounded,13,12,4,3,3,1.0000,4.0000,1,30.722,3.247
1086,lollipop,bounded,10,24,7,2,2,1.0000,7.0000,1,20.315,2.386
1087,clique,rigid,8,28,7,1,1,1.0000,1.0000,1,11.190,1.502
1088,star,rigid,22,21,21,1,1,1.0000,1.0000,1,18.146,2.633
1089,complete_bipartite,rigid,11,10,10,1,1,1.0000,1.0000,1,10.120,1.398
1090,crown,rigid,10,20,4,2,2,1.0000,1.0000,1,9.645,21.207
1091,double_star,rigid,20,19,10,10,10,1.0000,1.0000,1,38.693,3.179
1092,erdos_renyi,random,16,16,4,7,7,1.0000,4.0000,1,25.844,13.288
1093,barabasi_albert,random,32,31,7,14,14,1.0000,7.0000,1,63.374,4.435
1094,random_tree,random,35,34,4,13,13,1.0000,4.0000,1,99.022,18.541
1095,path,bounded,11,10,2,4,4,1.0000,2.0000,1,14.948,21.826
1096,cycle,bounded,18,18,2,6,6,1.0000,2.0000,1,22.257,14.688
1097,ladder,bounded,18,25,3,5,5,1.0000,3.0000,1,36.040,15.524
1098,grid,bounded,20,31,4,6,6,1.0000,4.0000,1,68.366,28.702
1099,regular,bounded,22,44,4,5,5,1.0000,4.0000,1,64.022,31.859
1100,balanced_tree,bounded,13,12,4,3,3,1.0000,4.0000,1,13.995,1.455
1101,lollipop,bounded,8,13,5,2,2,1.0000,5.0000,1,8.844,1.477
1102,clique,rigid,9,36,8,1,1,1.0000,1.0000,1,10.986,1.654
1103,star,rigid,30,29,29,1,1,1.0000,1.0000,1,31.290,2.867
1104,complete_bipartite,rigid,12,11,11,1,1,1.0000,1.0000,1,31.434,1.926
1105,crown,rigid,12,30,5,2,2,1.0000,1.0000,1,21.163,12.017
1106,double_star,rigid,22,21,11,11,11,1.0000,1.0000,1,23.020,2.050
1107,erdos_renyi,random,14,26,6,4,4,1.0000,6.0000,1,29.015,25.947
1108,barabasi_albert,random,26,25,13,10,10,1.0000,13.0000,1,67.104,2.721
1109,random_tree,random,6,5,3,3,3,1.0000,3.0000,1,6.870,1.309
1110,path,bounded,13,12,2,5,5,1.0000,2.0000,1,15.697,23.698
1111,cycle,bounded,8,8,2,3,3,1.0000,2.0000,1,9.659,14.805
1112,ladder,bounded,6,7,3,2,2,1.0000,3.0000,1,9.550,13.046
1113,grid,bounded,12,16,3,4,4,1.0000,4.0000,1,16.877,19.083
1114,regular,bounded,21,42,4,5,5,1.0000,4.0000,1,37.424,12.595
1115,balanced_tree,bounded,15,14,3,5,5,1.0000,3.0000,1,19.499,15.541
1116,lollipop,bounded,9,9,3,3,3,1.0000,3.0000,1,10.903,18.432
1117,clique,rigid,4,6,3,1,1,1.0000,1.0000,1,4.681,1.367
1118,star,rigid,9,8,8,1,1,1.0000,1.0000,1,8.252,1.243
1119,complete_bipartite,rigid,11,28,7,4,4,1.0000,1.0000,1,30.639,2.719
1120,crown,rigid,10,20,4,2,2,1.0000,1.0000,1,13.227,21.614
1121,double_star,rigid,12,11,9,3,3,1.0000,1.0000,1,19.483,1.848
1122,erdos_renyi,random,14,24,6,4,4,1.0000,6.0000,1,20.294,16.513
1123,barabasi_albert,random,20,19,9,9,9,1.0000,9.0000,1,44.796,1.829
1124,random_tree,random,28,27,4,11,11,1.0000,4.0000,1,46.420,1.993
1125,path,bounded,2,1,1,1,1,1.0000,2.0000,1,2.634,0.993
1126,cycle,bounded,5,5,2,2,2,1.0000,2.0000,1,5.203,21.551
1127,ladder,bounded,14,19,3,4,4,1.0000,3.0000,1,21.585,27.708
1128,grid,bounded,6,7,3,2,2,1.0000,4.0000,1,7.800,17.367
1129,regular,bounded,16,32,4,4,4,1.0000,4.0000,1,32.012,12.636
1130,balanced_tree,bounded,15,14,3,5,5,1.0000,3.0000,1,19.968,15.734
1131,lollipop,bounded,9,14,5,2,2,1.0000,5.0000,1,10.952,1.688
1132,clique,rigid,7,21,6,1,1,1.0000,1.0000,1,7.837,1.458
1133,star,rigid,16,15,15,1,1,1.0000,1.0000,1,26.144,3.390
1134,complete_bipartite,rigid,14,40,10,4,4,1.0000,1.0000,1,61.422,4.005
1135,crown,rigid,10,20,4,2,2,1.0000,1.0000,1,21.199,12.228
1136,double_star,rigid,9,8,6,3,3,1.0000,1.0000,1,10.571,1.408
1137,erdos_renyi,random,24,82,11,4,4,1.0000,11.0000,1,111.639,18.403
1138,barabasi_albert,random,14,24,8,4,4,1.0000,8.0000,1,35.884,28.118
1139,random_tree,random,15,14,3,6,6,1.0000,3.0000,1,29.441,23.526
1140,path,bounded,20,19,2,7,7,1.0000,2.0000,1,25.787,14.778
1141,cycle,bounded,19,19,2,7,7,1.0000,2.0000,1,24.181,14.602
1142,ladder,bounded,16,22,3,5,5,1.0000,3.0000,1,24.562,13.248
1143,grid,bounded,8,10,3,3,3,1.0000,4.0000,1,10.427,12.472
1144,regular,bounded,26,65,5,6,6,1.0000,5.0000,1,62.647,129.554
1145,balanced_tree,bounded,13,12,4,3,3,1.0000,4.0000,1,39.511,3.609
1146,lollipop,bounded,9,14,5,2,2,1.0000,5.0000,1,11.265,1.654
1147,clique,rigid,7,21,6,1,1,1.0000,1.0000,1,8.085,1.930
1148,star,rigid,18,17,17,1,1,1.0000,1.0000,1,30.077,4.265
1149,complete_bipartite,rigid,21,108,12,9,9,1.0000,1.0000,1,154.347,6.591
1150,crown,rigid,6,6,2,2,2,1.0000,1.0000,1,9.613,20.313
1151,double_star,rigid,22,21,13,9,9,1.0000,1.0000,1,45.349,2.098
1152,erdos_renyi,random,15,28,6,4,4,1.0000,6.0000,1,26.860,14.508
1153,barabasi_albert,random,9,8,3,4,4,1.0000,3.0000,1,25.427,2.647
1154,random_tree,random,6,5,4,2,2,1.0000,4.0000,1,9.399,1.599
1155,path,bounded,26,25,2,9,9,1.0000,2.0000,1,35.778,15.586
1156,cycle,bounded,22,22,2,8,8,1.0000,2.0000,1,32.709,32.635
1157,ladder,bounded,8,10,3,3,3,1.0000,3.0000,1,21.202,25.955
1158,grid,bounded,10,13,3,3,3,1.0000,4.0000,1,19.645,24.271
1159,regular,bounded,34,51,3,10,10,1.0000,3.0000,1,118.243,104.434
1160,balanced_tree,bounded,15,14,3,5,5,1.0000,3.0000,1,33.605,17.209
1161,lollipop,bounded,16,30,7,4,4,1.0000,7.0000,1,42.112,31.230
1162,clique,rigid,5,10,4,1,1,1.0000,1.0000,1,8.841,1.820
1163,star,rigid,21,20,20,1,1,1.0000,1.0000,1,22.894,2.742
1164,complete_bipartite,rigid,18,72,12,6,6,1.0000,1.0000,1,90.296,6.516
1165,crown,rigid,10,20,4,2,2,1.0000,1.0000,1,17.911,21.603
1166,double_star,rigid,17,16,13,4,4,1.0000,1.0000,1,38.019,5.358
1167,erdos_renyi,random,24,86,13,4,4,1.0000,13.0000,1,86.941,33.404
1168,barabasi_albert,random,18,32,9,5,5,1.0000,9.0000,1,83.419,23.532
1169,random_tree,random,38,37,4,15,15,1.0000,4.0000,1,84.748,16.954
1170,path,bounded,11,10,2,4,4,1.0000,2.0000,1,13.105,15.138
1171,cycle,bounded,23,23,2,8,8,1.0000,2.0000,1,41.237,17.181
1172,ladder,bounded,32,46,3,9,9,1.0000,3.0000,1,84.111,14.226
1173,grid,bounded,6,7,3,2,2,1.0000,4.0000,1,10.326,30.180
1174,regular,bounded,32,80,5,7,6,1.1667,5.0000,1,145.707,121.642
1175,balanced_tree,bounded,15,14,3,5,5,1.0000,3.0000,1,49.879,38.457
1176,lollipop,bounded,10,15,5,3,3,1.0000,5.0000,1,23.331,36.231
1177,clique,rigid,12,66,11,1,1,1.0000,1.0000,1,57.203,3.923
1178,star,rigid,3,2,2,1,1,1.0000,1.0000,1,6.098,3.056
1179,complete_bipartite,rigid,22,120,12,10,10,1.0000,1.0000,1,122.334,5.662
1180,crown,rigid,6,6,2,2,2,1.0000,1.0000,1,11.447,21.511
1181,double_star,rigid,8,7,6,2,2,1.0000,1.0000,1,9.572,1.631
1182,erdos_renyi,random,32,123,13,5,5,1.0000,13.0000,1,153.265,45.915
1183,barabasi_albert,random,29,54,16,8,8,1.0000,16.0000,1,90.080,15.360
1184,random_tree,random,23,22,4,9,9,1.0000,4.0000,1,55.567,1.898
1185,path,bounded,14,13,2,5,5,1.0000,2.0000,1,30.325,24.585
1186,cycle,bounded,39,39,2,13,13,1.0000,2.0000,1,83.796,40.712
1187,ladder,bounded,12,16,3,4,4,1.0000,3.0000,1,30.226,21.583
1188,grid,bounded,24,38,4,7,7,1.0000,4.0000,1,55.419,18.689
1189,regular,bounded,9,9,2,4,4,1.0000,2.0000,1,12.142,18.784
1190,balanced_tree,bounded,15,14,3,5,5,1.0000,3.0000,1,19.855,19.350
1191,lollipop,bounded,13,13,3,4,4,1.0000,3.0000,1,25.199,35.056
1192,clique,rigid,2,1,1,1,1,1.0000,1.0000,1,5.270,1.619
1193,star,rigid,9,8,8,1,1,1.0000,1.0000,1,9.375,1.504
1194,complete_bipartite,rigid,18,81,9,9,9,1.0000,1.0000,1,79.207,5.715
1195,crown,rigid,4,2,1,2,2,1.0000,1.0000,1,8.074,2.277
1196,double_star,rigid,6,5,4,2,2,1.0000,1.0000,1,13.164,2.155
1197,erdos_renyi,random,28,142,15,3,3,1.0000,15.0000,1,223.588,56.603
1198,barabasi_albert,random,18,32,8,5,5,1.0000,8.0000,1,46.081,13.792
1199,random_tree,random,27,26,5,9,9,1.0000,5.0000,1,53.710,2.713
1200,path,bounded,3,2,2,1,1,1.0000,2.0000,1,4.748,1.952
1201,cycle,bounded,17,17,2,6,6,1.0000,2.0000,1,25.094,25.854
1202,ladder,bounded,6,7,3,2,2,1.0000,3.0000,1,15.575,23.671
1203,grid,bounded,18,27,4,6,6,1.0000,4.0000,1,86.463,64.449
1204,regular,bounded,24,24,2,8,8,1.0000,2.0000,1,68.648,22.370
1205,balanced_tree,bounded,15,14,3,5,5,1.0000,3.0000,1,20.072,16.801
1206,lollipop,bounded,12,12,3,4,4,1.0000,3.0000,1,14.862,14.343
1207,clique,rigid,6,15,5,1,1,1.0000,1.0000,1,7.957,1.423
1208,star,rigid,2,1,1,1,1,1.0000,1.0000,1,2.523,1.090
1209,complete_bipartite,rigid,4,3,3,1,1,1.0000,1.0000,1,5.089,1.167
1210,crown,rigid,12,30,5,2,2,1.0000,1.0000,1,15.491,34.028
1211,double_star,rigid,10,9,5,5,5,1.0000,1.0000,1,32.908,2.430
1212,erdos_renyi,random,31,41,6,10,10,1.0000,6.0000,1,114.611,47.857
1213,barabasi_albert,random,14,24,9,3,3,1.0000,9.0000,1,42.394,23.492
1214,random_tree,random,25,24,5,8,8,1.0000,5.0000,1,57.251,19.349
1215,path,bounded,5,4,2,2,2,1.0000,2.0000,1,10.641,2.934
1216,cycle,bounded,6,6,2,2,2,1.0000,2.0000,1,12.501,26.735
1217,ladder,bounded,6,7,3,2,2,1.0000,3.0000,1,15.491,22.975
1218,grid,bounded,4,4,2,2,2,1.0000,4.0000,1,12.645,3.049
1219,regular,bounded,34,85,5,7,7,1.0000,5.0000,1,129.979,98.149
1220,balanced_tree,bounded,13,12,4,3,3,1.0000,4.0000,1,32.656,3.017
1221,lollipop,bounded,14,34,8,3,3,1.0000,8.0000,1,19.974,25.641
1222,clique,rigid,13,78,12,1,1,1.0000,1.0000,1,56.919,4.463
1223,star,rigid,17,16,16,1,1,1.0000,1.0000,1,43.866,5.304
1224,complete_bipartite,rigid,13,42,7,6,6,1.0000,1.0000,1,46.660,2.128
1225,crown,rigid,12,30,5,2,2,1.0000,1.0000,1,13.788,10.865
1226,double_star,rigid,17,16,9,8,8,1.0000,1.0000,1,33.557,3.845
1227,erdos_renyi,random,15,6,2,9,9,1.0000,2.0000,1,35.005,3.290
1228,barabasi_albert,random,15,26,7,4,4,1.0000,7.0000,1,49.954,30.362
1229,random_tree,random,31,30,4,10,10,1.0000,4.0000,1,51.818,15.476
1230,path,bounded,24,23,2,8,8,1.0000,2.0000,1,54.731,30.238
1231,cycle,bounded,10,10,2,4,4,1.0000,2.0000,1,16.991,14.560
1232,ladder,bounded,34,49,3,9,9,1.0000,3.0000,1,95.010,18.032
1233,grid,bounded,10,13,3,3,3,1.0000,4.0000,1,13.429,13.044
1234,regular,bounded,18,27,3,5,5,1.0000,3.0000,1,25.436,35.039
1235,balanced_tree,bounded,15,14,3,5,5,1.0000,3.0000,1,42.840,33.477
1236,lollipop,bounded,15,20,5,4,4,1.0000,5.0000,1,34.098,24.004
1237,clique,rigid,1,0,0,1,1,1.0000,1.0000,1,2.292,1.557
1238,star,rigid,16,15,15,1,1,1.0000,1.0000,1,14.941,1.674
1239,complete_bipartite,rigid,6,8,4,2,2,1.0000,1.0000,1,8.156,1.559
1240,crown,rigid,12,30,5,2,2,1.0000,1.0000,1,13.570,11.142
1241,double_star,rigid,22,21,12,10,10,1.0000,1.0000,1,26.314,2.230
1242,erdos_renyi,random,27,40,6,9,9,1.0000,6.0000,1,48.676,13.806
1243,barabasi_albert,random,12,11,9,2,2,1.0000,9.0000,1,13.672,1.530
1244,random_tree,random,22,21,3,7,7,1.0000,3.0000,1,31.472,25.741
1245,path,bounded,18,17,2,6,6,1.0000,2.0000,1,42.454,32.621
1246,cycle,bounded,4,4,2,2,2,1.0000,2.0000,1,9.849,2.111
1247,ladder,bounded,22,31,3,6,6,1.0000,3.0000,1,68.614,24.503
1248,grid,bounded,20,31,4,6,6,1.0000,4.0000,1,76.515,35.639
1249,regular,bounded,34,85,5,7,7,1.0000,5.0000,1,150.303,109.302
1250,balanced_tree,bounded,13,12,4,3,3,1.0000,4.0000,1,27.846,3.270
1251,lollipop,bounded,6,8,4,2,2,1.0000,4.0000,1,16.139,3.003
1252,clique,rigid,8,28,7,1,1,1.0000,1.0000,1,17.581,2.764
1253,star,rigid,31,30,30,1,1,1.0000,1.0000,1,27.450,1.784
1254,complete_bipartite,rigid,7,6,6,1,1,1.0000,1.0000,1,6.646,1.251
1255,crown,rigid,8,12,3,2,2,1.0000,1.0000,1,7.860,12.582
1256,double_star,rigid,18,17,12,6,6,1.0000,1.0000,1,18.826,1.559
1257,erdos_renyi,random,25,93,13,4,4,1.0000,13.0000,1,110.713,47.859
1258,barabasi_albert,random,30,29,10,11,11,1.0000,10.0000,1,53.603,1.884
1259,random_tree,random,2,1,1,1,1,1.0000,1.0000,1,2.490,1.176
1260,path,bounded,40,39,2,14,14,1.0000,2.0000,1,104.399,15.072
1261,cycle,bounded,4,4,2,2,2,1.0000,2.0000,1,6.113,1.476
1262,ladder,bounded,28,40,3,8,8,1.0000,3.0000,1,54.656,15.455
1263,grid,bounded,6,7,3,2,2,1.0000,4.0000,1,6.787,12.985
1264,regular,bounded,31,62,4,8,7,1.1429,4.0000,1,135.004,67.809
1265,balanced_tree,bounded,15,14,3,5,5,1.0000,3.0000,1,45.068,21.475
1266,lollipop,bounded,6,11,5,1,1,1.0000,5.0000,1,8.491,12.084
1267,clique,rigid,4,6,3,1,1,1.0000,1.0000,1,5.162,1.572
1268,star,rigid,24,23,23,1,1,1.0000,1.0000,1,19.897,1.618
1269,complete_bipartite,rigid,11,10,10,1,1,1.0000,1.0000,1,9.166,1.361
1270,crown,rigid,6,6,2,2,2,1.0000,1.0000,1,7.923,27.282
1271,double_star,rigid,13,12,8,5,5,1.0000,1.0000,1,18.839,3.633
1272,erdos_renyi,random,29,82,10,6,6,1.0000,10.0000,1,119.102,24.836
1273,barabasi_albert,random,23,42,8,4,4,1.0000,8.0000,1,77.790,25.013
1274,random_tree,random,31,30,4,12,12,1.0000,4.0000,1,60.944,2.017
1275,path,bounded,18,17,2,6,6,1.0000,2.0000,1,25.826,19.686
1276,cycle,bounded,8,8,2,3,3,1.0000,2.0000,1,8.420,19.028
1277,ladder,bounded,10,13,3,3,3,1.0000,3.0000,1,22.480,28.765
1278,grid,bounded,6,7,3,2,2,1.0000,4.0000,1,15.375,32.301
1279,regular,bounded,22,44,4,5,5,1.0000,4.0000,1,48.743,34.318
1280,balanced_tree,bounded,13,12,4,3,3,1.0000,4.0000,1,28.254,1.757
1281,lollipop,bounded,9,23,7,2,2,1.0000,7.0000,1,18.478,4.219
1282,clique,rigid,11,55,10,1,1,1.0000,1.0000,1,31.481,5.442
1283,star,rigid,16,15,15,1,1,1.0000,1.0000,1,29.741,5.153
1284,complete_bipartite,rigid,14,33,11,3,3,1.0000,1.0000,1,56.068,2.100
1285,crown,rigid,10,20,4,2,2,1.0000,1.0000,1,12.422,25.319
1286,double_star,rigid,18,17,9,9,9,1.0000,1.0000,1,22.795,1.541
1287,erdos_renyi,random,27,83,10,4,4,1.0000,10.0000,1,97.466,17.286
1288,barabasi_albert,random,12,20,6,3,3,1.0000,6.0000,1,24.524,23.902
1289,random_tree,random,6,5,3,3,3,1.0000,3.0000,1,10.105,1.313
1290,path,bounded,26,25,2,9,9,1.0000,2.0000,1,35.446,14.669
1291,cycle,bounded,4,4,2,2,2,1.0000,2.0000,1,5.614,1.586
1292,ladder,bounded,24,34,3,7,7,1.0000,3.0000,1,46.185,15.787
1293,grid,bounded,10,13,3,3,3,1.0000,4.0000,1,12.517,25.534
1294,regular,bounded,21,21,2,8,8,1.0000,2.0000,1,27.396,28.461
1295,balanced_tree,bounded,15,14,3,5,5,1.0000,3.0000,1,25.807,15.958
1296,lollipop,bounded,7,7,3,2,2,1.0000,3.0000,1,8.441,1.409
1297,clique,rigid,3,3,2,1,1,1.0000,1.0000,1,7.803,3.331
1298,star,rigid,5,4,4,1,1,1.0000,1.0000,1,12.220,2.769
1299,complete_bipartite,rigid,17,72,9,8,8,1.0000,1.0000,1,51.581,2.379
1300,crown,rigid,6,6,2,2,2,1.0000,1.0000,1,6.180,14.440
1301,double_star,rigid,22,21,13,9,9,1.0000,1.0000,1,36.839,3.833
1302,erdos_renyi,random,18,38,7,5,5,1.0000,7.0000,1,53.928,16.868
1303,barabasi_albert,random,14,13,6,6,6,1.0000,6.0000,1,15.681,1.690
1304,random_tree,random,10,9,3,3,3,1.0000,3.0000,1,23.852,3.228
1305,path,bounded,5,4,2,2,2,1.0000,2.0000,1,13.250,2.721
1306,cycle,bounded,9,9,2,3,3,1.0000,2.0000,1,14.618,20.152
1307,ladder,bounded,16,22,3,5,5,1.0000,3.0000,1,48.870,17.934
1308,grid,bounded,18,27,4,6,6,1.0000,4.0000,1,28.766,36.778
1309,regular,bounded,24,24,2,9,9,1.0000,2.0000,1,49.260,15.587
1310,balanced_tree,bounded,15,14,3,5,5,1.0000,3.0000,1,19.440,15.996
1311,lollipop,bounded,14,16,4,4,4,1.0000,4.0000,1,16.700,26.992
1312,clique,rigid,12,66,11,1,1,1.0000,1.0000,1,39.321,4.111
1313,star,rigid,29,28,28,1,1,1.0000,1.0000,1,44.434,5.067
1314,complete_bipartite,rigid,15,56,8,7,7,1.0000,1.0000,1,66.847,4.999
1315,crown,rigid,6,6,2,2,2,1.0000,1.0000,1,13.878,25.935
1316,double_star,rigid,9,8,5,4,4,1.0000,1.0000,1,10.483,1.515
1317,erdos_renyi,random,28,25,4,13,13,1.0000,4.0000,1,45.858,31.593
1318,barabasi_albert,random,13,22,6,4,4,1.0000,6.0000,1,27.014,13.523
1319,random_tree,random,36,35,5,13,13,1.0000,5.0000,1,92.022,2.098
1320,path,bounded,30,29,2,10,10,1.0000,2.0000,1,65.374,15.254
1321,cycle,bounded,23,23,2,8,8,1.0000,2.0000,1,57.126,32.170
1322,ladder,bounded,4,4,2,2,2,1.0000,3.0000,1,11.754,2.807
1323,grid,bounded,9,12,4,3,3,1.0000,4.0000,1,12.432,12.312
1324,regular,bounded,19,19,2,7,7,1.0000,2.0000,1,26.348,15.423
1325,balanced_tree,bounded,15,14,3,5,5,1.0000,3.0000,1,19.911,18.184
1326,lollipop,bounded,13,33,8,3,3,1.0000,8.0000,1,29.338,29.446
1327,clique,rigid,9,36,8,1,1,1.0000,1.0000,1,17.618,7.150
1328,star,rigid,2,1,1,1,1,1.0000,1.0000,1,12.259,2.826
1329,complete_bipartite,rigid,8,15,5,3,3,1.0000,1.0000,1,19.810,3.705
1330,crown,rigid,10,20,4,2,2,1.0000,1.0000,1,18.429,15.516
1331,double_star,rigid,12,11,7,5,5,1.0000,1.0000,1,23.279,2.023
1332,erdos_renyi,random,26,44,6,7,7,1.0000,6.0000,1,73.746,15.177
1333,barabasi_albert,random,34,33,10,13,13,1.0000,10.0000,1,64.148,4.101
1334,random_tree,random,11,10,3,4,4,1.0000,3.0000,1,17.235,1.676
1335,path,bounded,10,9,2,4,4,1.0000,2.0000,1,10.878,14.805
1336,cycle,bounded,24,24,2,8,8,1.0000,2.0000,1,65.434,31.052
1337,ladder,bounded,6,7,3,2,2,1.0000,3.0000,1,18.461,28.262
1338,grid,bounded,15,22,4,4,4,1.0000,4.0000,1,35.609,19.822
1339,regular,bounded,30,45,3,8,8,1.0000,3.0000,1,70.046,14.768
1340,balanced_tree,bounded,13,12,4,3,3,1.0000,4.0000,1,15.771,1.552
1341,lollipop,bounded,6,6,3,2,2,1.0000,3.0000,1,6.907,1.406
1342,clique,rigid,1,0,0,1,1,1.0000,1.0000,1,1.864,1.103
1343,star,rigid,30,29,29,1,1,1.0000,1.0000,1,29.352,2.592
1344,complete_bipartite,rigid,17,60,12,5,5,1.0000,1.0000,1,54.348,5.263
1345,crown,rigid,12,30,5,2,2,1.0000,1.0000,1,31.057,25.809
1346,double_star,rigid,24,23,13,11,11,1.0000,1.0000,1,50.613,1.649
1347,erdos_renyi,random,13,28,7,4,4,1.0000,7.0000,1,20.294,10.741
1348,barabasi_albert,random,30,56,13,6,6,1.0000,13.0000,1,89.084,15.671
1349,random_tree,random,3,2,2,1,1,1.0000,2.0000,1,5.011,1.744
1350,path,bounded,28,27,2,10,10,1.0000,2.0000,1,66.979,36.402
1351,cycle,bounded,34,34,2,12,12,1.0000,2.0000,1,53.388,24.350
1352,ladder,bounded,20,28,3,6,6,1.0000,3.0000,1,67.037,24.057
1353,grid,bounded,6,7,3,2,2,1.0000,4.0000,1,7.068,12.991
1354,regular,bounded,3,3,2,1,1,1.0000,2.0000,1,5.320,1.371
1355,balanced_tree,bounded,15,14,3,5,5,1.0000,3.0000,1,40.040,20.791
1356,lollipop,bounded,7,12,5,2,2,1.0000,5.0000,1,20.939,4.027
1357,clique,rigid,11,55,10,1,1,1.0000,1.0000,1,35.033,3.364
1358,star,rigid,24,23,23,1,1,1.0000,1.0000,1,43.871,2.756
1359,complete_bipartite,rigid,21,110,11,10,10,1.0000,1.0000,1,68.333,5.147
1360,crown,rigid,4,2,1,2,2,1.0000,1.0000,1,9.134,3.153
1361,double_star,rigid,21,20,12,9,9,1.0000,1.0000,1,34.926,1.690
1362,erdos_renyi,random,25,14,4,14,14,1.0000,4.0000,1,64.288,3.897
1363,barabasi_albert,random,9,8,4,4,4,1.0000,4.0000,1,13.231,1.537
1364,random_tree,random,30,29,4,10,10,1.0000,4.0000,1,47.912,31.351
1365,path,bounded,6,5,2,2,2,1.0000,2.0000,1,16.926,2.989
1366,cycle,bounded,16,16,2,6,6,1.0000,2.0000,1,31.507,31.041
1367,ladder,bounded,26,37,3,7,7,1.0000,3.0000,1,83.184,29.559
1368,grid,bounded,24,38,4,7,7,1.0000,4.0000,1,65.396,20.052
1369,regular,bounded,6,9,3,3,3,1.0000,3.0000,1,14.666,4.046
1370,balanced_tree,bounded,15,14,3,5,5,1.0000,3.0000,1,41.891,28.577
1371,lollipop,bounded,10,24,7,2,2,1.0000,7.0000,1,24.084,4.357
1372,clique,rigid,8,28,7,1,1,1.0000,1.0000,1,22.259,3.495
1373,star,rigid,10,9,9,1,1,1.0000,1.0000,1,18.906,3.099
1374,complete_bipartite,rigid,19,88,11,8,8,1.0000,1.0000,1,94.214,4.280
1375,crown,rigid,8,12,3,2,2,1.0000,1.0000,1,9.366,23.060
1376,double_star,rigid,16,15,13,3,3,1.0000,1.0000,1,29.851,1.916
1377,erdos_renyi,random,9,6,3,5,5,1.0000,3.0000,1,13.424,2.929
1378,barabasi_albert,random,25,24,10,8,8,1.0000,10.0000,1,66.891,3.655
1379,random_tree,random,20,19,4,6,6,1.0000,4.0000,1,40.469,15.592
1380,path,bounded,16,15,2,6,6,1.0000,2.0000,1,21.082,15.298
1381,cycle,bounded,29,29,2,10,10,1.0000,2.0000,1,45.844,18.617
1382,ladder,bounded,20,28,3,6,6,1.0000,3.0000,1,47.002,17.658
1383,grid,bounded,24,38,4,7,7,1.0000,4.0000,1,46.271,32.910
1384,regular,bounded,9,18,4,2,2,1.0000,4.0000,1,26.779,27.127
1385,balanced_tree,bounded,13,12,4,3,3,1.0000,4.0000,1,21.464,2.111
1386,lollipop,bounded,8,10,4,2,2,1.0000,4.0000,1,13.763,2.597
1387,clique,rigid,1,0,0,1,1,1.0000,1.0000,1,2.523,1.523
1388,star,rigid,14,13,13,1,1,1.0000,1.0000,1,19.981,3.201
1389,complete_bipartite,rigid,6,5,5,1,1,1.0000,1.0000,1,7.838,1.753
1390,crown,rigid,6,6,2,2,2,1.0000,1.0000,1,9.006,14.393
1391,double_star,rigid,9,8,5,4,4,1.0000,1.0000,1,10.506,1.983
1392,erdos_renyi,random,26,26,5,11,11,1.0000,5.0000,1,36.280,13.793
1393,barabasi_albert,random,8,12,6,2,2,1.0000,6.0000,1,11.973,15.633
1394,random_tree,random,26,25,4,10,10,1.0000,4.0000,1,56.094,28.626
1395,path,bounded,30,29,2,10,10,1.0000,2.0000,1,78.222,24.112
1396,cycle,bounded,29,29,2,10,10,1.0000,2.0000,1,67.347,18.771
1397,ladder,bounded,16,22,3,5,5,1.0000,3.0000,1,30.401,13.628
1398,grid,bounded,10,13,3,3,3,1.0000,4.0000,1,30.007,28.737
1399,regular,bounded,10,25,5,2,2,1.0000,5.0000,1,18.025,13.786
1400,balanced_tree,bounded,15,14,3,5,5,1.0000,3.0000,1,18.859,28.879
1401,lollipop,bounded,11,11,3,4,4,1.0000,3.0000,1,33.489,27.411
1402,clique,rigid,11,55,10,1,1,1.0000,1.0000,1,20.987,3.064
1403,star,rigid,12,11,11,1,1,1.0000,1.0000,1,13.090,1.893
1404,complete_bipartite,rigid,4,4,2,2,2,1.0000,1.0000,1,7.024,2.105
1405,crown,rigid,10,20,4,2,2,1.0000,1.0000,1,11.085,12.183
1406,double_star,rigid,16,15,11,5,5,1.0000,1.0000,1,17.155,1.580
1407,erdos_renyi,random,11,5,2,6,6,1.0000,2.0000,1,14.840,1.176
1408,barabasi_albert,random,11,18,7,3,3,1.0000,7.0000,1,17.146,28.534
1409,random_tree,random,34,33,3,13,13,1.0000,3.0000,1,124.731,15.764
1410,path,bounded,13,12,2,5,5,1.0000,2.0000,1,24.092,34.079
1411,cycle,bounded,12,12,2,4,4,1.0000,2.0000,1,33.594,31.894
1412,ladder,bounded,8,10,3,3,3,1.0000,3.0000,1,20.753,14.763
1413,grid,bounded,9,12,4,3,3,1.0000,4.0000,1,11.969,15.956
1414,regular,bounded,28,70,5,6,6,1.0000,5.0000,1,108.138,55.645
1415,balanced_tree,bounded,13,12,4,3,3,1.0000,4.0000,1,16.906,1.523
1416,lollipop,bounded,11,13,4,3,3,1.0000,4.0000,1,11.888,14.258
1417,clique,rigid,13,78,12,1,1,1.0000,1.0000,1,21.660,2.033
1418,star,rigid,29,28,28,1,1,1.0000,1.0000,1,23.099,1.761
1419,complete_bipartite,rigid,16,63,9,7,7,1.0000,1.0000,1,64.241,4.337
1420,crown,rigid,4,2,1,2,2,1.0000,1.0000,1,10.238,3.869
1421,double_star,rigid,12,11,8,4,4,1.0000,1.0000,1,26.515,3.422
1422,erdos_renyi,random,28,78,10,6,6,1.0000,10.0000,1,128.665,81.480
1423,barabasi_albert,random,8,7,3,3,3,1.0000,3.0000,1,10.514,1.491
1424,random_tree,random,21,20,4,8,8,1.0000,4.0000,1,27.951,1.639
1425,path,bounded,13,12,2,5,5,1.0000,2.0000,1,14.514,13.754
1426,cycle,bounded,27,27,2,9,9,1.0000,2.0000,1,81.604,34.984
1427,ladder,bounded,32,46,3,9,9,1.0000,3.0000,1,67.106,29.807
1428,grid,bounded,30,49,4,8,8,1.0000,4.0000,1,87.708,33.400
1429,regular,bounded,31,31,2,11,11,1.0000,2.0000,1,84.417,17.630
1430,balanced_tree,bounded,13,12,4,3,3,1.0000,4.0000,1,15.797,1.551
1431,lollipop,bounded,10,10,3,3,3,1.0000,3.0000,1,10.056,14.023
1432,clique,rigid,7,21,6,1,1,1.0000,1.0000,1,9.684,1.522
1433,star,rigid,13,12,12,1,1,1.0000,1.0000,1,11.526,1.342
1434,complete_bipartite,rigid,14,40,10,4,4,1.0000,1.0000,1,24.727,1.882
1435,crown,rigid,6,6,2,2,2,1.0000,1.0000,1,5.935,14.151
1436,double_star,rigid,13,12,10,3,3,1.0000,1.0000,1,14.029,1.587
1437,erdos_renyi,random,22,88,12,3,3,1.0000,12.0000,1,94.022,13.208
1438,barabasi_albert,random,26,48,12,8,8,1.0000,12.0000,1,91.210,13.159
1439,random_tree,random,26,25,4,9,9,1.0000,4.0000,1,41.092,15.564
1440,path,bounded,16,15,2,6,6,1.0000,2.0000,1,36.148,20.686
1441,cycle,bounded,33,33,2,11,11,1.0000,2.0000,1,48.307,15.892
1442,ladder,bounded,14,19,3,4,4,1.0000,3.0000,1,35.304,16.534
1443,grid,bounded,10,13,3,3,3,1.0000,4.0000,1,13.525,13.259
1444,regular,bounded,14,21,3,4,4,1.0000,3.0000,1,20.216,19.256
1445,balanced_tree,bounded,13,12,4,3,3,1.0000,4.0000,1,24.858,1.894
1446,lollipop,bounded,12,12,3,4,4,1.0000,3.0000,1,23.069,24.034
1447,clique,rigid,14,91,13,1,1,1.0000,1.0000,1,50.545,2.546
1448,star,rigid,10,9,9,1,1,1.0000,1.0000,1,16.828,3.241
1449,complete_bipartite,rigid,21,108,12,9,9,1.0000,1.0000,1,107.958,10.174
1450,crown,rigid,4,2,1,2,2,1.0000,1.0000,1,10.066,1.567
1451,double_star,rigid,13,12,7,6,6,1.0000,1.0000,1,16.408,1.639
1452,erdos_renyi,random,22,70,12,4,4,1.0000,12.0000,1,84.606,24.053
1453,barabasi_albert,random,31,58,16,9,9,1.0000,16.0000,1,74.497,12.160
1454,random_tree,random,18,17,4,6,6,1.0000,4.0000,1,23.336,15.607
1455,path,bounded,15,14,2,5,5,1.0000,2.0000,1,18.146,15.032
1456,cycle,bounded,19,19,2,7,7,1.0000,2.0000,1,24.314,15.803
1457,ladder,bounded,26,37,3,7,7,1.0000,3.0000,1,91.663,22.049
1458,grid,bounded,15,22,4,4,4,1.0000,4.0000,1,31.226,24.037
1459,regular,bounded,16,24,3,4,4,1.0000,3.0000,1,29.318,41.899
1460,balanced_tree,bounded,13,12,4,3,3,1.0000,4.0000,1,24.656,3.398
1461,lollipop,bounded,19,39,8,5,5,1.0000,8.0000,1,36.351,19.832
1462,clique,rigid,5,10,4,1,1,1.0000,1.0000,1,8.097,1.501
1463,star,rigid,5,4,4,1,1,1.0000,1.0000,1,6.670,2.618
1464,complete_bipartite,rigid,16,60,10,6,6,1.0000,1.0000,1,58.854,3.767
1465,crown,rigid,10,20,4,2,2,1.0000,1.0000,1,20.165,18.718
1466,double_star,rigid,15,14,12,3,3,1.0000,1.0000,1,18.054,1.738
1467,erdos_renyi,random,30,53,9,9,9,1.0000,9.0000,1,96.190,22.829
1468,barabasi_albert,random,13,22,8,3,3,1.0000,8.0000,1,37.120,15.350
1469,random_tree,random,38,37,5,16,16,1.0000,5.0000,1,130.699,6.000
1470,path,bounded,12,11,2,4,4,1.0000,2.0000,1,25.839,22.951
1471,cycle,bounded,13,13,2,5,5,1.0000,2.0000,1,24.720,30.080
1472,ladder,bounded,26,37,3,7,7,1.0000,3.0000,1,103.367,24.914
1473,grid,bounded,18,27,4,6,6,1.0000,4.0000,1,49.662,32.247
1474,regular,bounded,25,50,4,6,6,1.0000,4.0000,1,76.333,26.131
1475,balanced_tree,bounded,15,14,3,5,5,1.0000,3.0000,1,17.544,17.071
1476,lollipop,bounded,20,40,8,5,5,1.0000,8.0000,1,29.531,42.328
1477,clique,rigid,2,1,1,1,1,1.0000,1.0000,1,9.210,2.391
1478,star,rigid,11,10,10,1,1,1.0000,1.0000,1,23.317,3.513
1479,complete_bipartite,rigid,10,25,5,5,5,1.0000,1.0000,1,36.980,4.157
1480,crown,rigid,10,20,4,2,2,1.0000,1.0000,1,20.661,20.604
1481,double_star,rigid,4,3,2,2,2,1.0000,1.0000,1,5.957,3.362
1482,erdos_renyi,random,23,50,7,7,7,1.0000,7.0000,1,66.595,23.102
1483,barabasi_albert,random,29,28,8,11,11,1.0000,8.0000,1,76.118,1.920
1484,random_tree,random,2,1,1,1,1,1.0000,1.0000,1,3.235,1.989
1485,path,bounded,35,34,2,12,12,1.0000,2.0000,1,107.711,17.326
1486,cycle,bounded,34,34,2,12,12,1.0000,2.0000,1,85.031,16.790
1487,ladder,bounded,18,25,3,5,5,1.0000,3.0000,1,32.376,26.381
1488,grid,bounded,4,4,2,2,2,1.0000,4.0000,1,6.747,1.521
1489,regular,bounded,16,40,5,3,3,1.0000,5.0000,1,48.753,32.122
1490,balanced_tree,bounded,13,12,4,3,3,1.0000,4.0000,1,16.115,1.558
1491,lollipop,bounded,17,31,7,4,4,1.0000,7.0000,1,21.401,17.245
1492,clique,rigid,4,6,3,1,1,1.0000,1.0000,1,5.963,2.134
1493,star,rigid,2,1,1,1,1,1.0000,1.0000,1,4.702,3.788
1494,complete_bipartite,rigid,15,56,8,7,7,1.0000,1.0000,1,54.433,2.278
1495,crown,rigid,12,30,5,2,2,1.0000,1.0000,1,13.484,15.019
1496,double_star,rigid,18,17,10,8,8,1.0000,1.0000,1,35.540,1.568
1497,erdos_renyi,random,15,8,3,8,8,1.0000,3.0000,1,19.120,1.404
1498,barabasi_albert,random,19,18,6,7,7,1.0000,6.0000,1,24.336,2.581
1499,random_tree,random,26,25,4,11,11,1.0000,4.0000,1,42.912,16.103
1500,path,bounded,35,34,2,12,12,1.0000,2.0000,1,105.948,29.914
1501,cycle,bounded,26,26,2,9,9,1.0000,2.0000,1,61.712,24.959
1502,ladder,bounded,30,43,3,8,8,1.0000,3.0000,1,113.455,21.096
1503,grid,bounded,18,27,4,6,6,1.0000,4.0000,1,29.261,24.682
1504,regular,bounded,32,32,2,12,12,1.0000,2.0000,1,89.842,41.098
1505,balanced_tree,bounded,15,14,3,5,5,1.0000,3.0000,1,18.864,15.668
1506,lollipop,bounded,10,12,4,3,3,1.0000,4.0000,1,13.138,18.568
1507,clique,rigid,4,6,3,1,1,1.0000,1.0000,1,6.323,3.224
1508,star,rigid,23,22,22,1,1,1.0000,1.0000,1,35.604,2.065
1509,complete_bipartite,rigid,12,32,8,4,4,1.0000,1.0000,1,23.383,3.420
1510,crown,rigid,10,20,4,2,2,1.0000,1.0000,1,20.784,18.936
1511,double_star,rigid,8,7,6,2,2,1.0000,1.0000,1,13.914,3.288
1512,erdos_renyi,random,29,122,13,5,5,1.0000,13.0000,1,162.756,99.102
1513,barabasi_albert,random,29,28,9,9,9,1.0000,9.0000,1,80.028,2.397
1514,random_tree,random,18,17,5,7,7,1.0000,5.0000,1,26.626,3.780
1515,path,bounded,22,21,2,8,8,1.0000,2.0000,1,38.961,28.667
1516,cycle,bounded,3,3,2,1,1,1.0000,2.0000,1,8.769,2.080
1517,ladder,bounded,4,4,2,2,2,1.0000,3.0000,1,6.741,2.917
1518,grid,bounded,20,31,4,6,6,1.0000,4.0000,1,50.561,16.985
1519,regular,bounded,18,27,3,5,5,1.0000,3.0000,1,33.613,16.839
1520,balanced_tree,bounded,13,12,4,3,3,1.0000,4.0000,1,34.304,4.398
1521,lollipop,bounded,10,24,7,2,2,1.0000,7.0000,1,17.054,1.986
1522,clique,rigid,2,1,1,1,1,1.0000,1.0000,1,2.630,1.227
1523,star,rigid,6,5,5,1,1,1.0000,1.0000,1,9.079,1.501
1524,complete_bipartite,rigid,14,45,9,5,5,1.0000,1.0000,1,54.777,6.211
1525,crown,rigid,8,12,3,2,2,1.0000,1.0000,1,25.455,21.472
1526,double_star,rigid,25,24,13,12,12,1.0000,1.0000,1,52.059,1.993
1527,erdos_renyi,random,22,58,8,4,4,1.0000,8.0000,1,89.407,14.721
1528,barabasi_albert,random,18,32,11,4,4,1.0000,11.0000,1,28.976,12.083
1529,random_tree,random,27,26,4,10,10,1.0000,4.0000,1,59.107,21.041
1530,path,bounded,30,29,2,10,10,1.0000,2.0000,1,61.205,27.866
1531,cycle,bounded,28,28,2,10,10,1.0000,2.0000,1,64.466,19.200
1532,ladder,bounded,34,49,3,9,9,1.0000,3.0000,1,121.416,21.360
1533,grid,bounded,12,16,3,4,4,1.0000,4.0000,1,23.938,18.274
1534,regular,bounded,14,14,2,5,5,1.0000,2.0000,1,19.534,24.189
1535,balanced_tree,bounded,15,14,3,5,5,1.0000,3.0000,1,34.728,31.877
1536,lollipop,bounded,5,7,4,1,1,1.0000,4.0000,1,13.490,18.927
1537,clique,rigid,13,78,12,1,1,1.0000,1.0000,1,33.256,4.280
1538,star,rigid,21,20,20,1,1,1.0000,1.0000,1,30.768,5.104
1539,complete_bipartite,rigid,13,22,11,2,2,1.0000,1.0000,1,97.519,2.892
1540,crown,rigid,10,20,4,2,2,1.0000,1.0000,1,25.549,20.741
1541,double_star,rigid,14,13,9,5,5,1.0000,1.0000,1,17.333,1.907
1542,erdos_renyi,random,30,118,13,5,5,1.0000,13.0000,1,164.492,51.332
1543,barabasi_albert,random,15,14,5,5,5,1.0000,5.0000,1,35.815,3.176
1544,random_tree,random,6,5,3,2,2,1.0000,3.0000,1,12.580,2.568
1545,path,bounded,22,21,2,8,8,1.0000,2.0000,1,42.653,25.410
1546,cycle,bounded,12,12,2,4,4,1.0000,2.0000,1,23.065,24.957
1547,ladder,bounded,6,7,3,2,2,1.0000,3.0000,1,19.451,25.124
1548,grid,bounded,12,16,3,4,4,1.0000,4.0000,1,27.555,151.206
1549,regular,bounded,6,12,4,2,2,1.0000,4.0000,1,17.953,3.210
1550,balanced_tree,bounded,15,14,3,5,5,1.0000,3.0000,1,37.940,49.094
1551,lollipop,bounded,11,16,5,3,3,1.0000,5.0000,1,21.426,27.237
1552,clique,rigid,14,91,13,1,1,1.0000,1.0000,1,53.737,4.537
1553,star,rigid,19,18,18,1,1,1.0000,1.0000,1,51.898,8.468
1554,complete_bipartite,rigid,21,108,12,9,9,1.0000,1.0000,1,178.155,10.938
1555,crown,rigid,12,30,5,2,2,1.0000,1.0000,1,33.966,24.541
1556,double_star,rigid,13,12,11,2,2,1.0000,1.0000,1,23.183,2.356
1557,erdos_renyi,random,18,11,3,11,11,1.0000,3.0000,1,44.261,6.721
1558,barabasi_albert,random,25,46,11,7,7,1.0000,11.0000,1,124.263,22.194
1559,random_tree,random,3,2,2,1,1,1.0000,2.0000,1,8.295,3.826
1560,path,bounded,17,16,2,6,6,1.0000,2.0000,1,64.082,26.271
1561,cycle,bounded,15,15,2,5,5,1.0000,2.0000,1,26.831,21.574
1562,ladder,bounded,12,16,3,4,4,1.0000,3.0000,1,34.514,41.476
1563,grid,bounded,12,16,3,4,4,1.0000,4.0000,1,41.336,25.856
1564,regular,bounded,17,34,4,4,4,1.0000,4.0000,1,63.212,113.620
1565,balanced_tree,bounded,13,12,4,3,3,1.0000,4.0000,1,22.994,3.602
1566,lollipop,bounded,20,40,8,5,5,1.0000,8.0000,1,49.991,44.531
1567,clique,rigid,10,45,9,1,1,1.0000,1.0000,1,21.033,2.903
1568,star,rigid,15,14,14,1,1,1.0000,1.0000,1,20.581,2.736
1569,complete_bipartite,rigid,10,24,6,4,4,1.0000,1.0000,1,42.108,3.585
1570,crown,rigid,4,2,1,2,2,1.0000,1.0000,1,14.668,2.871
1571,double_star,rigid,12,11,6,6,6,1.0000,1.0000,1,27.045,2.414
1572,erdos_renyi,random,28,102,14,5,5,1.0000,14.0000,1,169.466,27.199
1573,barabasi_albert,random,28,52,10,7,7,1.0000,10.0000,1,100.648,23.165
1574,random_tree,random,16,15,4,6,6,1.0000,4.0000,1,42.313,5.154
1575,path,bounded,29,28,2,10,10,1.0000,2.0000,1,101.409,25.272
1576,cycle,bounded,24,24,2,8,8,1.0000,2.0000,1,70.416,23.099
1577,ladder,bounded,4,4,2,2,2,1.0000,3.0000,1,5.812,1.749
1578,grid,bounded,24,38,4,7,7,1.0000,4.0000,1,44.472,27.575
1579,regular,bounded,22,55,5,4,4,1.0000,5.0000,1,84.824,51.163
1580,balanced_tree,bounded,15,14,3,5,5,1.0000,3.0000,1,24.073,29.032
1581,lollipop,bounded,17,22,5,5,5,1.0000,5.0000,1,59.967,22.852
1582,clique,rigid,1,0,0,1,1,1.0000,1.0000,1,2.616,2.226
1583,star,rigid,13,12,12,1,1,1.0000,1.0000,1,24.852,3.146
1584,complete_bipartite,rigid,19,84,12,7,7,1.0000,1.0000,1,113.264,3.665
1585,crown,rigid,12,30,5,2,2,1.0000,1.0000,1,21.826,16.514
1586,double_star,rigid,12,11,8,4,4,1.0000,1.0000,1,24.197,3.580
1587,erdos_renyi,random,28,40,5,8,8,1.0000,5.0000,1,112.318,37.361
1588,barabasi_albert,random,10,9,5,5,5,1.0000,5.0000,1,14.089,1.562
1589,random_tree,random,26,25,4,10,10,1.0000,4.0000,1,69.603,3.967
1590,path,bounded,25,24,2,9,9,1.0000,2.0000,1,64.339,19.381
1591,cycle,bounded,18,18,2,6,6,1.0000,2.0000,1,39.162,20.894
1592,ladder,bounded,28,40,3,8,8,1.0000,3.0000,1,81.910,28.939
1593,grid,bounded,15,22,4,4,4,1.0000,4.0000,1,57.363,16.162
1594,regular,bounded,18,45,5,4,4,1.0000,5.0000,1,60.693,15.978
1595,balanced_tree,bounded,15,14,3,5,5,1.0000,3.0000,1,30.302,17.182
1596,lollipop,bounded,11,25,7,2,2,1.0000,7.0000,1,14.418,2.570
1597,clique,rigid,5,10,4,1,1,1.0000,1.0000,1,9.797,3.006
1598,star,rigid,23,22,22,1,1,1.0000,1.0000,1,43.940,3.075
1599,complete_bipartite,rigid,21,108,12,9,9,1.0000,1.0000,1,112.300,2.950
1600,crown,rigid,10,20,4,2,2,1.0000,1.0000,1,18.405,25.749
1601,double_star,rigid,10,9,8,2,2,1.0000,1.0000,1,16.969,1.519
1602,erdos_renyi,random,25,43,6,7,7,1.0000,6.0000,1,73.000,20.032
1603,barabasi_albert,random,12,20,8,4,4,1.0000,8.0000,1,34.937,26.542
1604,random_tree,random,33,32,4,12,12,1.0000,4.0000,1,69.926,25.277
1605,path,bounded,11,10,2,4,4,1.0000,2.0000,1,26.590,19.050
1606,cycle,bounded,5,5,2,2,2,1.0000,2.0000,1,12.167,23.072
1607,ladder,bounded,10,13,3,3,3,1.0000,3.0000,1,16.224,29.813
1608,grid,bounded,9,12,4,3,3,1.0000,4.0000,1,24.887,26.448
1609,regular,bounded,5,5,2,2,2,1.0000,2.0000,1,7.760,32.388
1610,balanced_tree,bounded,13,12,4,3,3,1.0000,4.0000,1,34.272,1.538
1611,lollipop,bounded,12,12,3,4,4,1.0000,3.0000,1,13.190,20.271
1612,clique,rigid,5,10,4,1,1,1.0000,1.0000,1,8.694,2.150
1613,star,rigid,19,18,18,1,1,1.0000,1.0000,1,21.200,1.772
1614,complete_bipartite,rigid,7,6,6,1,1,1.0000,1.0000,1,13.506,3.292
1615,crown,rigid,12,30,5,2,2,1.0000,1.0000,1,21.454,18.462
1616,double_star,rigid,9,8,5,4,4,1.0000,1.0000,1,10.596,1.323
1617,erdos_renyi,random,14,23,5,4,4,1.0000,5.0000,1,29.975,20.966
1618,barabasi_albert,random,15,14,7,6,6,1.0000,7.0000,1,45.016,3.435
1619,random_tree,random,24,23,3,9,9,1.0000,3.0000,1,51.494,28.269
1620,path,bounded,21,20,2,7,7,1.0000,2.0000,1,42.898,19.246
1621,cycle,bounded,30,30,2,10,10,1.0000,2.0000,1,59.817,17.900
1622,ladder,bounded,22,31,3,6,6,1.0000,3.0000,1,43.098,21.512
1623,grid,bounded,30,49,4,8,8,1.0000,4.0000,1,118.795,61.134
1624,regular,bounded,32,80,5,7,6,1.1667,5.0000,1,104.527,92.652
1625,balanced_tree,bounded,13,12,4,3,3,1.0000,4.0000,1,14.521,2.222
1626,lollipop,bounded,13,13,3,4,4,1.0000,3.0000,1,13.907,16.835
1627,clique,rigid,6,15,5,1,1,1.0000,1.0000,1,7.005,2.552
1628,star,rigid,27,26,26,1,1,1.0000,1.0000,1,50.140,6.746
1629,complete_bipartite,rigid,11,28,7,4,4,1.0000,1.0000,1,37.422,2.164
1630,crown,rigid,4,2,1,2,2,1.0000,1.0000,1,8.473,3.287
1631,double_star,rigid,5,4,3,2,2,1.0000,1.0000,1,13.060,3.058
1632,erdos_renyi,random,21,52,7,4,4,1.0000,7.0000,1,64.656,34.307
1633,barabasi_albert,random,22,21,6,9,9,1.0000,6.0000,1,47.420,2.901
1634,random_tree,random,8,7,3,4,4,1.0000,3.0000,1,15.466,2.736
1635,path,bounded,2,1,1,1,1,1.0000,2.0000,1,2.759,1.205
1636,cycle,bounded,22,22,2,8,8,1.0000,2.0000,1,52.917,23.914
1637,ladder,bounded,36,52,3,10,10,1.0000,3.0000,1,121.956,49.730
1638,grid,bounded,24,38,4,7,7,1.0000,4.0000,1,76.018,15.735
1639,regular,bounded,17,17,2,6,6,1.0000,2.0000,1,22.150,18.969
1640,balanced_tree,bounded,15,14,3,5,5,1.0000,3.0000,1,30.684,32.724
1641,lollipop,bounded,14,23,6,4,4,1.0000,6.0000,1,29.575,24.968
1642,clique,rigid,1,0,0,1,1,1.0000,1.0000,1,5.586,2.711
1643,star,rigid,19,18,18,1,1,1.0000,1.0000,1,31.537,4.234
1644,complete_bipartite,rigid,12,32,8,4,4,1.0000,1.0000,1,34.523,2.044
1645,crown,rigid,10,20,4,2,2,1.0000,1.0000,1,11.411,11.896
1646,double_star,rigid,19,18,10,9,9,1.0000,1.0000,1,32.082,1.968
1647,erdos_renyi,random,20,20,5,9,9,1.0000,5.0000,1,37.559,26.671
1648,barabasi_albert,random,22,21,10,8,8,1.0000,10.0000,1,41.648,1.896
1649,random_tree,random,21,20,4,7,7,1.0000,4.0000,1,43.262,15.459
1650,path,bounded,19,18,2,7,7,1.0000,2.0000,1,70.125,34.899
1651,cycle,bounded,16,16,2,6,6,1.0000,2.0000,1,41.400,41.732
1652,ladder,bounded,30,43,3,8,8,1.0000,3.0000,1,110.510,27.539
1653,grid,bounded,12,17,4,4,4,1.0000,4.0000,1,34.690,15.945
1654,regular,bounded,25,50,4,6,6,1.0000,4.0000,1,91.236,23.761
1655,balanced_tree,bounded,15,14,3,5,5,1.0000,3.0000,1,33.093,33.474
1656,lollipop,bounded,15,35,8,3,3,1.0000,8.0000,1,35.580,14.613
1657,clique,rigid,9,36,8,1,1,1.0000,1.0000,1,13.844,4.412
1658,star,rigid,16,15,15,1,1,1.0000,1.0000,1,32.299,3.636
1659,complete_bipartite,rigid,5,6,3,2,2,1.0000,1.0000,1,13.934,3.257
1660,crown,rigid,10,20,4,2,2,1.0000,1.0000,1,22.951,22.352
1661,double_star,rigid,14,13,7,7,7,1.0000,1.0000,1,15.595,1.560
1662,erdos_renyi,random,31,40,7,11,11,1.0000,7.0000,1,58.595,15.711
1663,barabasi_albert,random,8,12,5,2,2,1.0000,5.0000,1,12.986,19.597
1664,random_tree,random,7,6,3,2,2,1.0000,3.0000,1,9.593,2.878
1665,path,bounded,24,23,2,8,8,1.0000,2.0000,1,60.305,41.194
1666,cycle,bounded,19,19,2,7,7,1.0000,2.0000,1,29.682,20.518
1667,ladder,bounded,34,49,3,9,9,1.0000,3.0000,1,98.924,14.034
1668,grid,bounded,10,13,3,3,3,1.0000,4.0000,1,21.222,18.020
1669,regular,bounded,13,26,4,3,3,1.0000,4.0000,1,36.459,15.860
1670,balanced_tree,bounded,15,14,3,5,5,1.0000,3.0000,1,41.063,33.629
1671,lollipop,bounded,4,4,3,1,1,1.0000,3.0000,1,9.977,23.983
1672,clique,rigid,12,66,11,1,1,1.0000,1.0000,1,42.446,4.325
1673,star,rigid,3,2,2,1,1,1.0000,1.0000,1,6.856,2.111
1674,complete_bipartite,rigid,23,132,12,11,11,1.0000,1.0000,1,203.464,29.035
1675,crown,rigid,12,30,5,2,2,1.0000,1.0000,1,41.011,27.636
1676,double_star,rigid,8,7,4,4,4,1.0000,1.0000,1,18.876,1.754
1677,erdos_renyi,random,13,30,8,3,3,1.0000,8.0000,1,32.083,26.333
1678,barabasi_albert,random,16,28,10,5,5,1.0000,10.0000,1,43.452,22.792
1679,random_tree,random,39,38,5,13,13,1.0000,5.0000,1,134.732,26.713
1680,path,bounded,30,29,2,10,10,1.0000,2.0000,1,64.602,22.540
1681,cycle,bounded,19,19,2,7,7,1.0000,2.0000,1,60.978,33.194
1682,ladder,bounded,32,46,3,9,9,1.0000,3.0000,1,133.183,26.746
1683,grid,bounded,8,10,3,3,3,1.0000,4.0000,1,15.197,25.833
1684,regular,bounded,28,70,5,6,6,1.0000,5.0000,1,117.402,114.929
1685,balanced_tree,bounded,13,12,4,3,3,1.0000,4.0000,1,20.727,2.803
1686,lollipop,bounded,8,10,4,2,2,1.0000,4.0000,1,24.873,4.932
1687,clique,rigid,6,15,5,1,1,1.0000,1.0000,1,14.015,3.532
1688,star,rigid,22,21,21,1,1,1.0000,1.0000,1,37.988,4.134
1689,complete_bipartite,rigid,13,12,12,1,1,1.0000,1.0000,1,24.645,2.803
1690,crown,rigid,12,30,5,2,2,1.0000,1.0000,1,43.530,21.227
1691,double_star,rigid,23,22,13,10,10,1.0000,1.0000,1,41.909,4.962
1692,erdos_renyi,random,23,22,5,9,9,1.0000,5.0000,1,90.085,33.592
1693,barabasi_albert,random,34,64,11,9,8,1.1250,11.0000,1,186.192,31.823
1694,random_tree,random,15,14,3,6,6,1.0000,3.0000,1,31.967,19.043
1695,path,bounded,24,23,2,8,8,1.0000,2.0000,1,82.468,30.511
1696,cycle,bounded,18,18,2,6,6,1.0000,2.0000,1,49.009,29.180
1697,ladder,bounded,36,52,3,10,10,1.0000,3.0000,1,189.038,56.157
1698,grid,bounded,4,4,2,2,2,1.0000,4.0000,1,6.788,3.563
1699,regular,bounded,20,30,3,6,6,1.0000,3.0000,1,77.216,44.411
1700,balanced_tree,bounded,15,14,3,5,5,1.0000,3.0000,1,38.691,26.823
1701,lollipop,bounded,8,22,7,1,1,1.0000,7.0000,1,20.492,16.434
1702,clique,rigid,11,55,10,1,1,1.0000,1.0000,1,38.121,4.453
1703,star,rigid,6,5,5,1,1,1.0000,1.0000,1,17.233,3.527
1704,complete_bipartite,rigid,16,60,10,6,6,1.0000,1.0000,1,64.959,7.648
1705,crown,rigid,12,30,5,2,2,1.0000,1.0000,1,34.344,25.380
1706,double_star,rigid,16,15,13,3,3,1.0000,1.0000,1,36.417,2.885
1707,erdos_renyi,random,26,42,6,9,9,1.0000,6.0000,1,139.900,43.429
1708,barabasi_albert,random,15,14,9,6,6,1.0000,9.0000,1,56.308,3.847
1709,random_tree,random,25,24,5,10,10,1.0000,5.0000,1,120.604,33.287
1710,path,bounded,25,24,2,9,9,1.0000,2.0000,1,100.567,27.350
1711,cycle,bounded,10,10,2,4,4,1.0000,2.0000,1,20.223,35.625
1712,ladder,bounded,12,16,3,4,4,1.0000,3.0000,1,59.039,61.552
1713,grid,bounded,18,27,4,6,6,1.0000,4.0000,1,91.118,47.791
1714,regular,bounded,8,20,5,2,2,1.0000,5.0000,1,43.733,14.426
1715,balanced_tree,bounded,13,12,4,3,3,1.0000,4.0000,1,50.035,4.800
1716,lollipop,bounded,8,17,6,2,2,1.0000,6.0000,1,32.588,7.412
1717,clique,rigid,14,91,13,1,1,1.0000,1.0000,1,109.727,6.908
1718,star,rigid,25,24,24,1,1,1.0000,1.0000,1,78.699,6.658
1719,complete_bipartite,rigid,14,49,7,7,7,1.0000,1.0000,1,121.557,8.160
1720,crown,rigid,4,2,1,2,2,1.0000,1.0000,1,24.736,4.314
1721,double_star,rigid,18,17,11,7,7,1.0000,1.0000,1,101.788,7.622
1722,erdos_renyi,random,18,19,6,8,8,1.0000,6.0000,1,112.258,52.108
1723,barabasi_albert,random,9,14,7,2,2,1.0000,7.0000,1,129.338,73.645
1724,random_tree,random,26,25,4,10,10,1.0000,4.0000,1,117.588,42.758
1725,path,bounded,38,37,2,13,13,1.0000,2.0000,1,220.430,44.470
1726,cycle,bounded,35,35,2,12,12,1.0000,2.0000,1,202.967,60.698
1727,ladder,bounded,26,37,3,7,7,1.0000,3.0000,1,127.680,35.533
1728,grid,bounded,8,10,3,3,3,1.0000,4.0000,1,101.384,43.111
1729,regular,bounded,10,15,3,3,3,1.0000,3.0000,1,24.037,32.882
1730,balanced_tree,bounded,13,12,4,3,3,1.0000,4.0000,1,34.720,4.281
1731,lollipop,bounded,5,7,4,1,1,1.0000,4.0000,1,17.225,30.544
1732,clique,rigid,10,45,9,1,1,1.0000,1.0000,1,35.491,7.010
1733,star,rigid,16,15,15,1,1,1.0000,1.0000,1,30.909,3.035
1734,complete_bipartite,rigid,15,56,8,7,7,1.0000,1.0000,1,82.373,2.582
1735,crown,rigid,4,2,1,2,2,1.0000,1.0000,1,12.415,1.674
1736,double_star,rigid,16,15,8,8,8,1.0000,1.0000,1,45.070,3.506
1737,erdos_renyi,random,22,79,11,4,4,1.0000,11.0000,1,110.179,32.548
1738,barabasi_albert,random,33,32,11,15,15,1.0000,11.0000,1,99.373,2.145
1739,random_tree,random,37,36,4,12,12,1.0000,4.0000,1,117.772,27.998
1740,path,bounded,4,3,2,2,2,1.0000,2.0000,1,6.825,2.212
1741,cycle,bounded,21,21,2,7,7,1.0000,2.0000,1,56.934,35.167
1742,ladder,bounded,10,13,3,3,3,1.0000,3.0000,1,19.551,16.828
1743,grid,bounded,9,12,4,3,3,1.0000,4.0000,1,16.542,17.312
1744,regular,bounded,10,20,4,3,3,1.0000,4.0000,1,18.413,23.169
1745,balanced_tree,bounded,15,14,3,5,5,1.0000,3.0000,1,35.795,28.370
1746,lollipop,bounded,15,35,8,3,3,1.0000,8.0000,1,40.403,30.621
1747,clique,rigid,2,1,1,1,1,1.0000,1.0000,1,6.433,3.802
1748,star,rigid,27,26,26,1,1,1.0000,1.0000,1,42.233,2.020
1749,complete_bipartite,rigid,13,30,10,3,3,1.0000,1.0000,1,37.529,3.293
1750,crown,rigid,6,6,2,2,2,1.0000,1.0000,1,21.496,43.793
1751,double_star,rigid,17,16,9,8,8,1.0000,1.0000,1,54.382,2.847
1752,erdos_renyi,random,8,8,3,4,4,1.0000,3.0000,1,21.852,4.367
1753,barabasi_albert,random,31,30,8,12,12,1.0000,8.0000,1,84.478,3.188
1754,random_tree,random,25,24,4,9,9,1.0000,4.0000,1,56.613,3.168
1755,path,bounded,36,35,2,12,12,1.0000,2.0000,1,112.411,40.251
1756,cycle,bounded,9,9,2,3,3,1.0000,2.0000,1,30.249,65.859
1757,ladder,bounded,24,34,3,7,7,1.0000,3.0000,1,173.829,41.272
1758,grid,bounded,12,16,3,4,4,1.0000,4.0000,1,109.493,39.881
1759,regular,bounded,23,23,2,8,8,1.0000,2.0000,1,102.478,37.019
1760,balanced_tree,bounded,13,12,4,3,3,1.0000,4.0000,1,47.997,2.952
1761,lollipop,bounded,16,21,5,5,5,1.0000,5.0000,1,73.852,51.873
1762,clique,rigid,12,66,11,1,1,1.0000,1.0000,1,82.274,3.129
1763,star,rigid,25,24,24,1,1,1.0000,1.0000,1,34.102,5.100
1764,complete_bipartite,rigid,19,88,11,8,8,1.0000,1.0000,1,91.152,5.521
1765,crown,rigid,8,12,3,2,2,1.0000,1.0000,1,13.369,22.837
1766,double_star,rigid,18,17,13,5,5,1.0000,1.0000,1,28.222,2.262
1767,erdos_renyi,random,34,188,16,4,4,1.0000,16.0000,1,517.048,50.434
1768,barabasi_albert,random,16,15,6,8,8,1.0000,6.0000,1,40.879,2.131
1769,random_tree,random,20,19,4,7,7,1.0000,4.0000,1,41.712,2.797
1770,path,bounded,36,35,2,12,12,1.0000,2.0000,1,85.883,19.218
1771,cycle,bounded,9,9,2,3,3,1.0000,2.0000,1,12.513,25.697
1772,ladder,bounded,26,37,3,7,7,1.0000,3.0000,1,97.834,20.731
1773,grid,bounded,25,40,4,7,7,1.0000,4.0000,1,71.676,25.594
1774,regular,bounded,31,62,4,8,7,1.1429,4.0000,1,120.743,78.020
1775,balanced_tree,bounded,15,14,3,5,5,1.0000,3.0000,1,25.828,28.199
1776,lollipop,bounded,15,20,5,4,4,1.0000,5.0000,1,30.269,22.846
1777,clique,rigid,8,28,7,1,1,1.0000,1.0000,1,18.604,2.620
1778,star,rigid,10,9,9,1,1,1.0000,1.0000,1,12.294,1.712
1779,complete_bipartite,rigid,16,60,10,6,6,1.0000,1.0000,1,54.845,4.264
1780,crown,rigid,12,30,5,2,2,1.0000,1.0000,1,17.826,21.342
1781,double_star,rigid,18,17,12,6,6,1.0000,1.0000,1,31.947,2.429
1782,erdos_renyi,random,31,83,8,6,6,1.0000,8.0000,1,145.794,120.841
1783,barabasi_albert,random,16,28,7,5,5,1.0000,7.0000,1,54.606,21.063
1784,random_tree,random,38,37,5,14,14,1.0000,5.0000,1,97.303,2.154
1785,path,bounded,5,4,2,2,2,1.0000,2.0000,1,7.889,1.713
1786,cycle,bounded,23,23,2,8,8,1.0000,2.0000,1,50.609,16.832
1787,ladder,bounded,34,49,3,9,9,1.0000,3.0000,1,113.741,21.671
1788,grid,bounded,8,10,3,3,3,1.0000,4.0000,1,16.114,29.446
1789,regular,bounded,32,48,3,9,9,1.0000,3.0000,1,102.451,42.717
1790,balanced_tree,bounded,15,14,3,5,5,1.0000,3.0000,1,31.157,26.433
1791,lollipop,bounded,18,27,6,5,5,1.0000,6.0000,1,31.713,30.915
1792,clique,rigid,12,66,11,1,1,1.0000,1.0000,1,34.042,4.120
1793,star,rigid,21,20,20,1,1,1.0000,1.0000,1,25.514,2.356
1794,complete_bipartite,rigid,12,35,7,5,5,1.0000,1.0000,1,45.842,3.902
1795,crown,rigid,4,2,1,2,2,1.0000,1.0000,1,9.973,3.302
1796,double_star,rigid,16,15,12,4,4,1.0000,1.0000,1,18.999,4.661
1797,erdos_renyi,random,19,11,3,10,10,1.0000,3.0000,1,51.914,2.659
1798,barabasi_albert,random,30,56,12,8,8,1.0000,12.0000,1,85.616,28.588
1799,random_tree,random,28,27,4,9,9,1.0000,4.0000,1,95.286,3.909
1800,path,bounded,29,28,2,10,10,1.0000,2.0000,1,62.827,26.182
1801,cycle,bounded,27,27,2,9,9,1.0000,2.0000,1,62.558,21.888
1802,ladder,bounded,8,10,3,3,3,1.0000,3.0000,1,14.836,22.854
1803,grid,bounded,12,16,3,4,4,1.0000,4.0000,1,22.262,18.892
1804,regular,bounded,5,5,2,2,2,1.0000,2.0000,1,6.590,26.808
1805,balanced_tree,bounded,13,12,4,3,3,1.0000,4.0000,1,28.312,3.113
1806,lollipop,bounded,9,29,8,1,1,1.0000,8.0000,1,21.457,12.422
1807,clique,rigid,14,91,13,1,1,1.0000,1.0000,1,37.428,5.078
1808,star,rigid,15,14,14,1,1,1.0000,1.0000,1,31.084,2.025
1809,complete_bipartite,rigid,12,35,7,5,5,1.0000,1.0000,1,21.405,1.691
1810,crown,rigid,6,6,2,2,2,1.0000,1.0000,1,4.275,12.246
1811,double_star,rigid,16,15,12,4,4,1.0000,1.0000,1,16.578,1.322
1812,erdos_renyi,random,14,24,8,4,4,1.0000,8.0000,1,17.509,11.096
1813,barabasi_albert,random,32,31,11,15,15,1.0000,11.0000,1,44.169,3.545
1814,random_tree,random,35,34,6,15,15,1.0000,6.0000,1,53.010,14.017
1815,path,bounded,25,24,2,9,9,1.0000,2.0000,1,32.566,12.069
1816,cycle,bounded,16,16,2,6,6,1.0000,2.0000,1,19.398,14.594
1817,ladder,bounded,6,7,3,2,2,1.0000,3.0000,1,7.506,13.454
1818,grid,bounded,6,7,3,2,2,1.0000,4.0000,1,8.619,11.812
1819,regular,bounded,28,56,4,7,7,1.0000,4.0000,1,51.811,25.894
1820,balanced_tree,bounded,15,14,3,5,5,1.0000,3.0000,1,15.562,13.542
1821,lollipop,bounded,14,14,3,5,5,1.0000,3.0000,1,14.700,13.004
1822,clique,rigid,13,78,12,1,1,1.0000,1.0000,1,17.508,2.407
1823,star,rigid,14,13,13,1,1,1.0000,1.0000,1,11.237,1.176
1824,complete_bipartite,rigid,20,96,12,8,8,1.0000,1.0000,1,48.310,3.369
1825,crown,rigid,4,2,1,2,2,1.0000,1.0000,1,3.895,0.998
1826,double_star,rigid,18,17,11,7,7,1.0000,1.0000,1,16.999,2.594
1827,erdos_renyi,random,19,35,6,5,5,1.0000,6.0000,1,24.877,17.176
1828,barabasi_albert,random,15,26,8,3,3,1.0000,8.0000,1,18.245,10.175
1829,random_tree,random,32,31,5,13,13,1.0000,5.0000,1,43.467,15.262
1830,path,bounded,25,24,2,9,9,1.0000,2.0000,1,29.423,11.752
1831,cycle,bounded,17,17,2,6,6,1.0000,2.0000,1,23.391,14.071
1832,ladder,bounded,20,28,3,6,6,1.0000,3.0000,1,30.306,16.177
1833,grid,bounded,24,38,4,7,7,1.0000,4.0000,1,39.062,16.820
1834,regular,bounded,30,60,4,7,7,1.0000,4.0000,1,57.787,38.209
1835,balanced_tree,bounded,13,12,4,3,3,1.0000,4.0000,1,11.239,1.252
1836,lollipop,bounded,7,9,4,2,2,1.0000,4.0000,1,7.756,1.370
1837,clique,rigid,10,45,9,1,1,1.0000,1.0000,1,11.254,1.707
1838,star,rigid,17,16,16,1,1,1.0000,1.0000,1,11.820,1.071
1839,complete_bipartite,rigid,10,21,7,3,3,1.0000,1.0000,1,11.338,1.827
1840,crown,rigid,12,30,5,2,2,1.0000,1.0000,1,11.696,10.861
1841,double_star,rigid,17,16,10,7,7,1.0000,1.0000,1,14.728,1.965
1842,erdos_renyi,random,24,71,9,4,4,1.0000,9.0000,1,51.089,11.806
1843,barabasi_albert,random,30,56,15,8,8,1.0000,15.0000,1,51.993,11.878
1844,random_tree,random,8,7,3,4,4,1.0000,3.0000,1,7.215,1.269
1845,path,bounded,25,24,2,9,9,1.0000,2.0000,1,32.156,12.290
1846,cycle,bounded,22,22,2,8,8,1.0000,2.0000,1,29.671,11.527
1847,ladder,bounded,12,16,3,4,4,1.0000,3.0000,1,17.306,13.029
1848,grid,bounded,4,4,2,2,2,1.0000,4.0000,1,4.058,1.301
1849,regular,bounded,31,31,2,11,11,1.0000,2.0000,1,31.574,12.110
1850,balanced_tree,bounded,15,14,3,5,5,1.0000,3.0000,1,24.687,32.221
1851,lollipop,bounded,16,21,5,5,5,1.0000,5.0000,1,36.136,25.079
1852,clique,rigid,7,21,6,1,1,1.0000,1.0000,1,8.580,3.021
1853,star,rigid,15,14,14,1,1,1.0000,1.0000,1,14.077,2.811
1854,complete_bipartite,rigid,21,108,12,9,9,1.0000,1.0000,1,60.173,3.028
1855,crown,rigid,8,12,3,2,2,1.0000,1.0000,1,7.419,10.003
1856,double_star,rigid,17,16,12,5,5,1.0000,1.0000,1,13.713,1.358
1857,erdos_renyi,random,12,23,7,3,3,1.0000,7.0000,1,15.093,10.012
1858,barabasi_albert,random,17,30,9,4,4,1.0000,9.0000,1,27.080,10.555
1859,random_tree,random,22,21,4,7,7,1.0000,4.0000,1,25.181,1.548
1860,path,bounded,30,29,2,10,10,1.0000,2.0000,1,42.079,12.978
1861,cycle,bounded,15,15,2,5,5,1.0000,2.0000,1,13.865,12.088
1862,ladder,bounded,10,13,3,3,3,1.0000,3.0000,1,11.317,10.084
1863,grid,bounded,30,49,4,8,8,1.0000,4.0000,1,59.580,36.381
1864,regular,bounded,11,22,4,3,3,1.0000,4.0000,1,11.936,9.841
1865,balanced_tree,bounded,13,12,4,3,3,1.0000,4.0000,1,13.290,1.460
1866,lollipop,bounded,11,16,5,3,3,1.0000,5.0000,1,10.826,12.234
1867,clique,rigid,11,55,10,1,1,1.0000,1.0000,1,15.700,1.577
1868,star,rigid,17,16,16,1,1,1.0000,1.0000,1,13.212,1.384
1869,complete_bipartite,rigid,12,11,11,1,1,1.0000,1.0000,1,9.447,1.263
1870,crown,rigid,6,6,2,2,2,1.0000,1.0000,1,4.668,12.657
1871,double_star,rigid,22,21,13,9,9,1.0000,1.0000,1,19.992,1.445
1872,erdos_renyi,random,20,53,9,4,4,1.0000,9.0000,1,36.311,15.680
1873,barabasi_albert,random,16,28,7,4,4,1.0000,7.0000,1,19.698,9.963
1874,random_tree,random,29,28,5,10,10,1.0000,5.0000,1,36.725,19.796
1875,path,bounded,37,36,2,13,13,1.0000,2.0000,1,55.375,14.305
1876,cycle,bounded,19,19,2,7,7,1.0000,2.0000,1,22.758,11.525
1877,ladder,bounded,36,52,3,10,10,1.0000,3.0000,1,66.239,28.343
1878,grid,bounded,24,38,4,7,7,1.0000,4.0000,1,35.227,16.016
1879,regular,bounded,22,55,5,5,5,1.0000,5.0000,1,43.361,34.374
1880,balanced_tree,bounded,15,14,3,5,5,1.0000,3.0000,1,14.573,14.282
1881,lollipop,bounded,4,4,3,1,1,1.0000,3.0000,1,4.238,12.068
1882,clique,rigid,3,3,2,1,1,1.0000,1.0000,1,4.445,1.517
1883,star,rigid,10,9,9,1,1,1.0000,1.0000,1,8.266,1.313
1884,complete_bipartite,rigid,11,28,7,4,4,1.0000,1.0000,1,18.880,1.607
1885,crown,rigid,12,30,5,2,2,1.0000,1.0000,1,12.033,10.984
1886,double_star,rigid,15,14,13,2,2,1.0000,1.0000,1,13.806,1.494
1887,erdos_renyi,random,16,39,9,4,4,1.0000,9.0000,1,24.356,9.604
1888,barabasi_albert,random,21,38,9,7,7,1.0000,9.0000,1,34.854,10.912
1889,random_tree,random,25,24,4,10,10,1.0000,4.0000,1,36.167,12.059
1890,path,bounded,3,2,2,1,1,1.0000,2.0000,1,3.342,1.057
1891,cycle,bounded,16,16,2,6,6,1.0000,2.0000,1,15.426,10.562
1892,ladder,bounded,36,52,3,10,10,1.0000,3.0000,1,63.872,24.975
1893,grid,bounded,20,31,4,6,6,1.0000,4.0000,1,29.492,10.235
1894,regular,bounded,24,24,2,8,8,1.0000,2.0000,1,24.070,11.464
1895,balanced_tree,bounded,15,14,3,5,5,1.0000,3.0000,1,18.149,12.685
1896,lollipop,bounded,12,21,6,3,3,1.0000,6.0000,1,11.659,12.852
1897,clique,rigid,8,28,7,1,1,1.0000,1.0000,1,8.987,1.304
1898,star,rigid,22,21,21,1,1,1.0000,1.0000,1,15.215,1.322
1899,complete_bipartite,rigid,8,16,4,4,4,1.0000,1.0000,1,8.972,1.153
1900,crown,rigid,10,20,4,2,2,1.0000,1.0000,1,10.071,9.275
1901,double_star,rigid,11,10,9,2,2,1.0000,1.0000,1,9.134,0.986
1902,erdos_renyi,random,8,11,4,3,3,1.0000,4.0000,1,8.285,11.229
1903,barabasi_albert,random,16,28,7,5,5,1.0000,7.0000,1,20.027,10.645
1904,random_tree,random,21,20,4,7,7,1.0000,4.0000,1,23.954,1.389
1905,path,bounded,23,22,2,8,8,1.0000,2.0000,1,24.724,10.167
1906,cycle,bounded,35,35,2,12,12,1.0000,2.0000,1,52.371,14.990
1907,ladder,bounded,8,10,3,3,3,1.0000,3.0000,1,7.896,11.249
1908,grid,bounded,12,16,3,4,4,1.0000,4.0000,1,15.578,11.262
1909,regular,bounded,16,16,2,6,6,1.0000,2.0000,1,15.554,12.614
1910,balanced_tree,bounded,15,14,3,5,5,1.0000,3.0000,1,15.140,12.832
1911,lollipop,bounded,16,25,6,4,4,1.0000,6.0000,1,16.360,12.425
1912,clique,rigid,9,36,8,1,1,1.0000,1.0000,1,9.498,1.225
1913,star,rigid,27,26,26,1,1,1.0000,1.0000,1,19.096,1.384
1914,complete_bipartite,rigid,11,30,6,5,5,1.0000,1.0000,1,14.383,1.412
1915,crown,rigid,8,12,3,2,2,1.0000,1.0000,1,7.326,10.207
1916,double_star,rigid,16,15,12,4,4,1.0000,1.0000,1,14.794,1.199
1917,erdos_renyi,random,19,30,8,6,6,1.0000,8.0000,1,23.997,10.201
1918,barabasi_albert,random,11,10,4,5,5,1.0000,4.0000,1,9.762,1.091
1919,random_tree,random,3,2,2,1,1,1.0000,2.0000,1,2.919,0.867
1920,path,bounded,16,15,2,6,6,1.0000,2.0000,1,16.316,11.632
1921,cycle,bounded,38,38,2,13,13,1.0000,2.0000,1,54.913,14.791
1922,ladder,bounded,8,10,3,3,3,1.0000,3.0000,1,7.922,10.077
1923,grid,bounded,8,10,3,3,3,1.0000,4.0000,1,9.018,10.522
1924,regular,bounded,32,80,5,7,7,1.0000,5.0000,1,85.986,77.302
1925,balanced_tree,bounded,15,14,3,5,5,1.0000,3.0000,1,15.069,14.301
1926,lollipop,bounded,16,25,6,4,4,1.0000,6.0000,1,15.499,12.409
1927,clique,rigid,6,15,5,1,1,1.0000,1.0000,1,6.191,2.026
1928,star,rigid,29,28,28,1,1,1.0000,1.0000,1,20.071,1.546
1929,complete_bipartite,rigid,7,6,6,1,1,1.0000,1.0000,1,5.337,1.211
1930,crown,rigid,10,20,4,2,2,1.0000,1.0000,1,8.694,10.360
1931,double_star,rigid,21,20,12,9,9,1.0000,1.0000,1,16.825,1.270
1932,erdos_renyi,random,23,31,6,8,8,1.0000,6.0000,1,32.590,11.538
1933,barabasi_albert,random,11,18,6,2,2,1.0000,6.0000,1,12.480,9.502
1934,random_tree,random,33,32,4,11,11,1.0000,4.0000,1,43.195,12.326
1935,path,bounded,6,5,2,2,2,1.0000,2.0000,1,6.860,1.110
1936,cycle,bounded,27,27,2,9,9,1.0000,2.0000,1,32.227,13.481
1937,ladder,bounded,34,49,3,9,9,1.0000,3.0000,1,58.958,10.991
1938,grid,bounded,36,60,4,10,10,1.0000,4.0000,1,83.646,63.209
1939,regular,bounded,18,27,3,5,5,1.0000,3.0000,1,22.641,21.210
1940,balanced_tree,bounded,15,14,3,5,5,1.0000,3.0000,1,14.805,13.557
1941,lollipop,bounded,15,29,7,4,4,1.0000,7.0000,1,15.212,14.368
1942,clique,rigid,3,3,2,1,1,1.0000,1.0000,1,5.550,1.420
1943,star,rigid,28,27,27,1,1,1.0000,1.0000,1,18.892,1.842
1944,complete_bipartite,rigid,23,132,12,11,11,1.0000,1.0000,1,68.287,2.683
1945,crown,rigid,10,20,4,2,2,1.0000,1.0000,1,9.116,10.564
1946,double_star,rigid,15,14,11,4,4,1.0000,1.0000,1,13.370,1.241
1947,erdos_renyi,random,17,5,3,12,12,1.0000,3.0000,1,19.694,1.202
1948,barabasi_albert,random,31,30,8,11,11,1.0000,8.0000,1,34.641,14.332
1949,random_tree,random,11,10,4,4,4,1.0000,4.0000,1,9.895,1.141
1950,path,bounded,17,16,2,6,6,1.0000,2.0000,1,16.767,12.593
1951,cycle,bounded,26,26,2,9,9,1.0000,2.0000,1,37.678,12.132
1952,ladder,bounded,6,7,3,2,2,1.0000,3.0000,1,6.954,12.020
1953,grid,bounded,30,49,4,8,8,1.0000,4.0000,1,52.898,13.105
1954,regular,bounded,8,16,4,2,2,1.0000,4.0000,1,8.141,11.221
1955,balanced_tree,bounded,13,12,4,3,3,1.0000,4.0000,1,12.154,1.170
1956,lollipop,bounded,13,13,3,4,4,1.0000,3.0000,1,12.066,12.884
1957,clique,rigid,10,45,9,1,1,1.0000,1.0000,1,10.882,1.438
1958,star,rigid,3,2,2,1,1,1.0000,1.0000,1,3.223,1.043
1959,complete_bipartite,rigid,10,25,5,5,5,1.0000,1.0000,1,13.690,1.729
1960,crown,rigid,4,2,1,2,2,1.0000,1.0000,1,4.839,0.967
1961,double_star,rigid,7,6,5,2,2,1.0000,1.0000,1,6.678,1.138
1962,erdos_renyi,random,23,36,7,8,8,1.0000,7.0000,1,47.999,25.470
1963,barabasi_albert,random,32,31,7,13,13,1.0000,7.0000,1,83.161,4.080
1964,random_tree,random,28,27,3,10,10,1.0000,3.0000,1,91.963,32.898
1965,path,bounded,16,15,2,6,6,1.0000,2.0000,1,48.011,27.605
1966,cycle,bounded,29,29,2,10,10,1.0000,2.0000,1,92.903,28.203
1967,ladder,bounded,36,52,3,10,10,1.0000,3.0000,1,113.792,61.589
1968,grid,bounded,9,12,4,3,3,1.0000,4.0000,1,14.493,20.416
1969,regular,bounded,15,30,4,4,4,1.0000,4.0000,1,30.119,19.319
1970,balanced_tree,bounded,15,14,3,5,5,1.0000,3.0000,1,34.481,17.584
1971,lollipop,bounded,14,16,4,4,4,1.0000,4.0000,1,19.033,19.956
1972,clique,rigid,13,78,12,1,1,1.0000,1.0000,1,34.666,3.563
1973,star,rigid,2,1,1,1,1,1.0000,1.0000,1,4.943,1.727
1974,complete_bipartite,rigid,16,63,9,7,7,1.0000,1.0000,1,55.291,4.688
1975,crown,rigid,4,2,1,2,2,1.0000,1.0000,1,8.190,2.796
1976,double_star,rigid,18,17,11,7,7,1.0000,1.0000,1,23.720,1.728
1977,erdos_renyi,random,19,9,2,11,11,1.0000,2.0000,1,32.340,6.423
1978,barabasi_albert,random,18,17,9,6,6,1.0000,9.0000,1,44.943,3.662
1979,random_tree,random,34,33,5,13,13,1.0000,5.0000,1,97.640,16.317
1980,path,bounded,7,6,2,3,3,1.0000,2.0000,1,8.735,1.668
1981,cycle,bounded,8,8,2,3,3,1.0000,2.0000,1,23.850,32.064
1982,ladder,bounded,6,7,3,2,2,1.0000,3.0000,1,13.386,19.949
1983,grid,bounded,24,38,4,7,7,1.0000,4.0000,1,73.793,30.708
1984,regular,bounded,12,30,5,3,3,1.0000,5.0000,1,19.212,11.898
1985,balanced_tree,bounded,13,12,4,3,3,1.0000,4.0000,1,26.661,3.675
1986,lollipop,bounded,7,7,3,2,2,1.0000,3.0000,1,13.810,3.238
1987,clique,rigid,2,1,1,1,1,1.0000,1.0000,1,5.472,2.743
1988,star,rigid,7,6,6,1,1,1.0000,1.0000,1,12.537,3.159
1989,complete_bipartite,rigid,17,70,10,7,7,1.0000,1.0000,1,70.571,2.627
1990,crown,rigid,10,20,4,2,2,1.0000,1.0000,1,10.623,19.898
1991,double_star,rigid,18,17,10,8,8,1.0000,1.0000,1,30.403,1.607
1992,erdos_renyi,random,13,33,8,3,3,1.0000,8.0000,1,35.461,12.803
1993,barabasi_albert,random,10,9,6,4,4,1.0000,6.0000,1,14.432,2.555
1994,random_tree,random,5,4,2,2,2,1.0000,2.0000,1,12.162,2.886
1995,path,bounded,10,9,2,4,4,1.0000,2.0000,1,16.863,16.575
1996,cycle,bounded,16,16,2,6,6,1.0000,2.0000,1,33.057,20.022
1997,ladder,bounded,34,49,3,9,9,1.0000,3.0000,1,106.790,23.063
1998,grid,bounded,30,49,4,8,8,1.0000,4.0000,1,127.010,37.549
1999,regular,bounded,28,42,3,8,8,1.0000,3.0000,1,117.012,30.804
2000,balanced_tree,bounded,13,12,4,3,3,1.0000,4.0000,1,26.429,2.712
2001,lollipop,bounded,6,11,5,1,1,1.0000,5.0000,1,13.522,72.879
2002,clique,rigid,3,3,2,1,1,1.0000,1.0000,1,10.758,3.244
2003,star,rigid,15,14,14,1,1,1.0000,1.0000,1,25.099,4.820
2004,complete_bipartite,rigid,10,9,9,1,1,1.0000,1.0000,1,12.938,2.597
2005,crown,rigid,12,30,5,2,2,1.0000,1.0000,1,21.509,22.044
2006,double_star,rigid,16,15,8,8,8,1.0000,1.0000,1,36.848,4.753
2007,erdos_renyi,random,10,1,1,9,9,1.0000,1.0000,1,37.285,1.538
2008,barabasi_albert,random,25,46,16,7,7,1.0000,16.0000,1,91.581,23.038
2009,random_tree,random,2,1,1,1,1,1.0000,1.0000,1,6.580,2.757
2010,path,bounded,22,21,2,8,8,1.0000,2.0000,1,55.216,25.547
2011,cycle,bounded,13,13,2,5,5,1.0000,2.0000,1,28.424,16.850
2012,ladder,bounded,34,49,3,9,9,1.0000,3.0000,1,120.408,13.201
2013,grid,bounded,9,12,4,3,3,1.0000,4.0000,1,11.989,13.738
2014,regular,bounded,34,51,3,10,9,1.1111,3.0000,1,91.642,30.426
2015,balanced_tree,bounded,15,14,3,5,5,1.0000,3.0000,1,17.519,16.207
2016,lollipop,bounded,7,7,3,2,2,1.0000,3.0000,1,8.917,1.513
2017,clique,rigid,9,36,8,1,1,1.0000,1.0000,1,13.736,2.160
2018,star,rigid,26,25,25,1,1,1.0000,1.0000,1,30.609,2.860
2019,complete_bipartite,rigid,12,20,10,2,2,1.0000,1.0000,1,40.709,4.041
2020,crown,rigid,4,2,1,2,2,1.0000,1.0000,1,6.148,1.904
2021,double_star,rigid,8,7,4,4,4,1.0000,1.0000,1,11.043,3.056
2022,erdos_renyi,random,18,14,5,8,8,1.0000,5.0000,1,48.830,34.043
2023,barabasi_albert,random,22,40,9,5,5,1.0000,9.0000,1,106.067,19.319
2024,random_tree,random,40,39,4,14,14,1.0000,4.0000,1,97.557,14.883
2025,path,bounded,39,38,2,13,13,1.0000,2.0000,1,85.808,17.949
2026,cycle,bounded,4,4,2,2,2,1.0000,2.0000,1,5.824,1.588
2027,ladder,bounded,22,31,3,6,6,1.0000,3.0000,1,35.420,13.330
2028,grid,bounded,24,38,4,7,7,1.0000,4.0000,1,75.184,37.420
2029,regular,bounded,12,30,5,3,3,1.0000,5.0000,1,45.330,27.299
2030,balanced_tree,bounded,13,12,4,3,3,1.0000,4.0000,1,21.469,1.595
2031,lollipop,bounded,17,31,7,4,4,1.0000,7.0000,1,20.773,15.372
2032,clique,rigid,14,91,13,1,1,1.0000,1.0000,1,27.147,2.298
2033,star,rigid,20,19,19,1,1,1.0000,1.0000,1,20.920,1.584
2034,complete_bipartite,rigid,10,24,6,4,4,1.0000,1.0000,1,15.475,1.966
2035,crown,rigid,8,12,3,2,2,1.0000,1.0000,1,10.376,13.375
2036,double_star,rigid,16,15,8,8,8,1.0000,1.0000,1,28.200,2.880
2037,erdos_renyi,random,20,52,10,4,4,1.0000,10.0000,1,65.805,24.165
2038,barabasi_albert,random,13,22,9,3,3,1.0000,9.0000,1,34.168,25.582
2039,random_tree,random,6,5,3,3,3,1.0000,3.0000,1,16.084,2.669
2040,path,bounded,13,12,2,5,5,1.0000,2.0000,1,27.215,17.270
2041,cycle,bounded,3,3,2,1,1,1.0000,2.0000,1,4.691,1.733
2042,ladder,bounded,32,46,3,9,9,1.0000,3.0000,1,113.289,31.527
2043,grid,bounded,12,17,4,4,4,1.0000,4.0000,1,25.818,25.534
2044,regular,bounded,12,30,5,3,3,1.0000,5.0000,1,20.409,25.155
2045,balanced_tree,bounded,13,12,4,3,3,1.0000,4.0000,1,33.734,3.091
2046,lollipop,bounded,12,21,6,3,3,1.0000,6.0000,1,32.075,21.001
2047,clique,rigid,13,78,12,1,1,1.0000,1.0000,1,50.703,3.952
2048,star,rigid,12,11,11,1,1,1.0000,1.0000,1,24.809,3.591
2049,complete_bipartite,rigid,19,84,12,7,7,1.0000,1.0000,1,89.302,3.110
2050,crown,rigid,6,6,2,2,2,1.0000,1.0000,1,6.017,28.643
2051,double_star,rigid,7,6,5,2,2,1.0000,1.0000,1,17.547,3.401
2052,erdos_renyi,random,15,8,2,9,9,1.0000,2.0000,1,29.637,1.574
2053,barabasi_albert,random,25,24,7,10,10,1.0000,7.0000,1,47.211,2.859
2054,random_tree,random,28,27,5,10,10,1.0000,5.0000,1,63.942,3.344
2055,path,bounded,35,34,2,12,12,1.0000,2.0000,1,105.831,26.914
2056,cycle,bounded,23,23,2,8,8,1.0000,2.0000,1,52.727,29.502
2057,ladder,bounded,10,13,3,3,3,1.0000,3.0000,1,20.732,26.157
2058,grid,bounded,20,31,4,6,6,1.0000,4.0000,1,57.603,21.245
2059,regular,bounded,22,22,2,8,8,1.0000,2.0000,1,45.210,27.000
2060,balanced_tree,bounded,13,12,4,3,3,1.0000,4.0000,1,28.728,3.223
2061,lollipop,bounded,11,20,6,3,3,1.0000,6.0000,1,24.531,42.211
2062,clique,rigid,4,6,3,1,1,1.0000,1.0000,1,9.848,2.798
2063,star,rigid,25,24,24,1,1,1.0000,1.0000,1,32.592,2.972
2064,complete_bipartite,rigid,6,8,4,2,2,1.0000,1.0000,1,9.809,1.600
2065,crown,rigid,10,20,4,2,2,1.0000,1.0000,1,11.908,14.305
2066,double_star,rigid,10,9,7,3,3,1.0000,1.0000,1,20.591,1.997
2067,erdos_renyi,random,30,181,18,4,4,1.0000,18.0000,1,173.035,187.140
2068,barabasi_albert,random,14,13,7,6,6,1.0000,7.0000,1,32.330,2.973
2069,random_tree,random,18,17,3,6,6,1.0000,3.0000,1,46.845,22.470
2070,path,bounded,7,6,2,3,3,1.0000,2.0000,1,8.814,1.475
2071,cycle,bounded,40,40,2,14,14,1.0000,2.0000,1,107.884,29.158
2072,ladder,bounded,34,49,3,9,9,1.0000,3.0000,1,93.840,16.489
2073,grid,bounded,12,16,3,4,4,1.0000,4.0000,1,24.281,19.996
2074,regular,bounded,12,30,5,2,2,1.0000,5.0000,1,31.706,14.515
2075,balanced_tree,bounded,15,14,3,5,5,1.0000,3.0000,1,27.043,26.805
2076,lollipop,bounded,8,13,5,2,2,1.0000,5.0000,1,17.550,2.017
2077,clique,rigid,2,1,1,1,1,1.0000,1.0000,1,3.105,1.217
2078,star,rigid,15,14,14,1,1,1.0000,1.0000,1,15.267,3.246
2079,complete_bipartite,rigid,9,20,5,4,4,1.0000,1.0000,1,28.498,3.544
2080,crown,rigid,8,12,3,2,2,1.0000,1.0000,1,14.731,18.163
2081,double_star,rigid,21,20,12,9,9,1.0000,1.0000,1,28.608,2.188
2082,erdos_renyi,random,14,11,5,5,5,1.0000,5.0000,1,17.597,1.715
2083,barabasi_albert,random,25,24,9,12,12,1.0000,9.0000,1,40.748,1.889
2084,random_tree,random,10,9,3,4,4,1.0000,3.0000,1,16.796,1.631
2085,path,bounded,30,29,2,10,10,1.0000,2.0000,1,71.104,18.675
2086,cycle,bounded,29,29,2,10,10,1.0000,2.0000,1,80.061,28.032
2087,ladder,bounded,34,49,3,9,9,1.0000,3.0000,1,132.711,14.873
2088,grid,bounded,18,27,4,6,6,1.0000,4.0000,1,42.465,21.118
2089,regular,bounded,16,16,2,6,6,1.0000,2.0000,1,19.965,14.327
2090,balanced_tree,bounded,15,14,3,5,5,1.0000,3.0000,1,27.169,31.589
2091,lollipop,bounded,17,22,5,5,5,1.0000,5.0000,1,51.620,30.415
2092,clique,rigid,5,10,4,1,1,1.0000,1.0000,1,7.216,1.435
2093,star,rigid,16,15,15,1,1,1.0000,1.0000,1,29.163,3.357
2094,complete_bipartite,rigid,14,33,11,3,3,1.0000,1.0000,1,47.151,4.570
2095,crown,rigid,8,12,3,2,2,1.0000,1.0000,1,15.451,16.725
2096,double_star,rigid,14,13,8,6,6,1.0000,1.0000,1,15.016,1.502
2097,erdos_renyi,random,11,18,5,4,4,1.0000,5.0000,1,14.681,11.070
2098,barabasi_albert,random,12,11,8,4,4,1.0000,8.0000,1,14.157,1.756
2099,random_tree,random,19,18,3,8,8,1.0000,3.0000,1,49.271,1.765
2100,path,bounded,33,32,2,11,11,1.0000,2.0000,1,47.721,13.833
2101,cycle,bounded,25,25,2,9,9,1.0000,2.0000,1,36.912,14.856
2102,ladder,bounded,12,16,3,4,4,1.0000,3.0000,1,23.488,25.713
2103,grid,bounded,20,31,4,6,6,1.0000,4.0000,1,55.208,12.784
2104,regular,bounded,32,80,5,7,6,1.1667,5.0000,1,92.451,95.718
2105,balanced_tree,bounded,13,12,4,3,3,1.0000,4.0000,1,14.027,1.609
2106,lollipop,bounded,15,35,8,3,3,1.0000,8.0000,1,18.638,22.834
2107,clique,rigid,11,55,10,1,1,1.0000,1.0000,1,32.192,3.727
2108,star,rigid,16,15,15,1,1,1.0000,1.0000,1,19.595,1.921
2109,complete_bipartite,rigid,11,30,6,5,5,1.0000,1.0000,1,38.841,2.939
2110,crown,rigid,8,12,3,2,2,1.0000,1.0000,1,18.004,20.334
2111,double_star,rigid,14,13,8,6,6,1.0000,1.0000,1,25.947,3.622
2112,erdos_renyi,random,24,96,12,3,3,1.0000,12.0000,1,122.908,27.608
2113,barabasi_albert,random,18,32,7,6,6,1.0000,7.0000,1,79.877,23.413
2114,random_tree,random,31,30,4,12,12,1.0000,4.0000,1,79.871,18.999
2115,path,bounded,14,13,2,5,5,1.0000,2.0000,1,31.228,22.116
2116,cycle,bounded,4,4,2,2,2,1.0000,2.0000,1,5.884,1.618
2117,ladder,bounded,28,40,3,8,8,1.0000,3.0000,1,68.613,28.775
2118,grid,bounded,12,17,4,4,4,1.0000,4.0000,1,23.493,13.320
2119,regular,bounded,29,58,4,7,7,1.0000,4.0000,1,91.814,93.081
2120,balanced_tree,bounded,13,12,4,3,3,1.0000,4.0000,1,18.504,1.599
2121,lollipop,bounded,12,32,8,2,2,1.0000,8.0000,1,47.500,6.144
2122,clique,rigid,13,78,12,1,1,1.0000,1.0000,1,50.162,6.992
2123,star,rigid,29,28,28,1,1,1.0000,1.0000,1,69.067,1.942
2124,complete_bipartite,rigid,13,40,8,5,5,1.0000,1.0000,1,50.289,3.479
2125,crown,rigid,8,12,3,2,2,1.0000,1.0000,1,18.348,21.965
2126,double_star,rigid,23,22,12,11,11,1.0000,1.0000,1,25.869,1.958
2127,erdos_renyi,random,10,14,4,3,3,1.0000,4.0000,1,13.001,21.301
2128,barabasi_albert,random,23,42,14,6,6,1.0000,14.0000,1,78.808,25.524
2129,random_tree,random,3,2,2,1,1,1.0000,2.0000,1,8.246,1.943
2130,path,bounded,40,39,2,14,14,1.0000,2.0000,1,104.608,21.483
2131,cycle,bounded,7,7,2,3,3,1.0000,2.0000,1,11.406,18.047
2132,ladder,bounded,36,52,3,10,10,1.0000,3.0000,1,108.686,53.066
2133,grid,bounded,18,27,4,6,6,1.0000,4.0000,1,52.860,21.721
2134,regular,bounded,18,18,2,6,6,1.0000,2.0000,1,21.950,14.673
2135,balanced_tree,bounded,13,12,4,3,3,1.0000,4.0000,1,15.331,1.479
2136,lollipop,bounded,7,9,4,2,2,1.0000,4.0000,1,7.602,3.145
2137,clique,rigid,2,1,1,1,1,1.0000,1.0000,1,5.671,2.565
2138,star,rigid,20,19,19,1,1,1.0000,1.0000,1,37.257,3.483
2139,complete_bipartite,rigid,11,30,6,5,5,1.0000,1.0000,1,27.561,4.635
2140,crown,rigid,6,6,2,2,2,1.0000,1.0000,1,9.134,18.417
2141,double_star,rigid,19,18,10,9,9,1.0000,1.0000,1,39.717,3.271
2142,erdos_renyi,random,13,34,8,2,2,1.0000,8.0000,1,23.470,10.364
2143,barabasi_albert,random,30,29,18,10,10,1.0000,18.0000,1,39.395,1.861
2144,random_tree,random,4,3,2,2,2,1.0000,2.0000,1,5.045,1.348
2145,path,bounded,20,19,2,7,7,1.0000,2.0000,1,41.422,28.388
2146,cycle,bounded,16,16,2,6,6,1.0000,2.0000,1,19.101,22.651
2147,ladder,bounded,30,43,3,8,8,1.0000,3.0000,1,92.833,13.140
2148,grid,bounded,16,24,4,4,4,1.0000,4.0000,1,24.602,12.822
2149,regular,bounded,25,25,2,9,9,1.0000,2.0000,1,37.932,22.227
2150,balanced_tree,bounded,15,14,3,5,5,1.0000,3.0000,1,36.364,24.170
2151,lollipop,bounded,8,17,6,2,2,1.0000,6.0000,1,12.943,3.204
2152,clique,rigid,7,21,6,1,1,1.0000,1.0000,1,15.626,3.110
2153,star,rigid,10,9,9,1,1,1.0000,1.0000,1,10.996,4.818
2154,complete_bipartite,rigid,17,70,10,7,7,1.0000,1.0000,1,68.838,3.757
2155,crown,rigid,6,6,2,2,2,1.0000,1.0000,1,8.117,17.147
2156,double_star,rigid,13,12,9,4,4,1.0000,1.0000,1,14.422,1.606
2157,erdos_renyi,random,33,194,18,3,3,1.0000,18.0000,1,224.248,19.089
2158,barabasi_albert,random,19,18,10,5,5,1.0000,10.0000,1,21.307,1.673
2159,random_tree,random,8,7,3,3,3,1.0000,3.0000,1,8.120,1.327
2160,path,bounded,37,36,2,13,13,1.0000,2.0000,1,76.474,30.047
2161,cycle,bounded,9,9,2,3,3,1.0000,2.0000,1,19.020,30.178
2162,ladder,bounded,32,46,3,9,9,1.0000,3.0000,1,82.353,17.052
2163,grid,bounded,15,22,4,4,4,1.0000,4.0000,1,27.559,32.566
2164,regular,bounded,32,32,2,12,12,1.0000,2.0000,1,73.121,18.313
2165,balanced_tree,bounded,15,14,3,5,5,1.0000,3.0000,1,37.099,27.755
2166,lollipop,bounded,12,14,4,4,4,1.0000,4.0000,1,30.039,20.795
2167,clique,rigid,10,45,9,1,1,1.0000,1.0000,1,15.524,1.873
2168,star,rigid,2,1,1,1,1,1.0000,1.0000,1,2.610,1.160
2169,complete_bipartite,rigid,17,72,9,8,8,1.0000,1.0000,1,67.098,2.452
2170,crown,rigid,6,6,2,2,2,1.0000,1.0000,1,5.962,14.024
2171,double_star,rigid,20,19,11,9,9,1.0000,1.0000,1,20.432,1.392
2172,erdos_renyi,random,31,177,17,3,3,1.0000,17.0000,1,176.209,14.404
2173,barabasi_albert,random,9,8,4,4,4,1.0000,4.0000,1,11.764,1.726
2174,random_tree,random,16,15,5,6,6,1.0000,5.0000,1,20.140,31.339
2175,path,bounded,6,5,2,2,2,1.0000,2.0000,1,13.673,2.015
2176,cycle,bounded,5,5,2,2,2,1.0000,2.0000,1,6.893,14.938
2177,ladder,bounded,12,16,3,4,4,1.0000,3.0000,1,16.572,13.152
2178,grid,bounded,16,24,4,4,4,1.0000,4.0000,1,24.175,23.093
2179,regular,bounded,6,6,2,2,2,1.0000,2.0000,1,17.494,3.391
2180,balanced_tree,bounded,15,14,3,5,5,1.0000,3.0000,1,24.176,16.417
2181,lollipop,bounded,16,18,4,5,5,1.0000,4.0000,1,32.103,29.839
2182,clique,rigid,10,45,9,1,1,1.0000,1.0000,1,20.404,2.381
2183,star,rigid,13,12,12,1,1,1.0000,1.0000,1,15.438,1.599
2184,complete_bipartite,rigid,15,44,11,4,4,1.0000,1.0000,1,34.373,2.160
2185,crown,rigid,8,12,3,2,2,1.0000,1.0000,1,11.612,19.485
2186,double_star,rigid,13,12,7,6,6,1.0000,1.0000,1,14.242,1.502
2187,erdos_renyi,random,11,18,5,3,3,1.0000,5.0000,1,13.903,11.251
2188,barabasi_albert,random,27,26,11,11,11,1.0000,11.0000,1,37.943,2.582
2189,random_tree,random,23,22,4,8,8,1.0000,4.0000,1,47.645,2.235
2190,path,bounded,29,28,2,10,10,1.0000,2.0000,1,58.880,13.797
2191,cycle,bounded,6,6,2,2,2,1.0000,2.0000,1,5.830,20.262
2192,ladder,bounded,28,40,3,8,8,1.0000,3.0000,1,101.258,15.834
2193,grid,bounded,24,38,4,7,7,1.0000,4.0000,1,85.949,26.176
2194,regular,bounded,8,20,5,2,2,1.0000,5.0000,1,16.498,16.489
2195,balanced_tree,bounded,15,14,3,5,5,1.0000,3.0000,1,29.647,25.987
2196,lollipop,bounded,20,40,8,5,5,1.0000,8.0000,1,41.209,27.410
2197,clique,rigid,6,15,5,1,1,1.0000,1.0000,1,18.011,2.847
2198,star,rigid,28,27,27,1,1,1.0000,1.0000,1,37.187,3.881
2199,complete_bipartite,rigid,13,40,8,5,5,1.0000,1.0000,1,45.325,3.668
2200,crown,rigid,6,6,2,2,2,1.0000,1.0000,1,10.746,22.816
2201,double_star,rigid,20,19,13,7,7,1.0000,1.0000,1,36.451,2.953
2202,erdos_renyi,random,23,24,5,9,9,1.0000,5.0000,1,64.970,44.411
2203,barabasi_albert,random,17,16,8,5,5,1.0000,8.0000,1,30.251,3.742
2204,random_tree,random,31,30,4,12,12,1.0000,4.0000,1,102.147,40.529
2205,path,bounded,7,6,2,3,3,1.0000,2.0000,1,18.343,3.331
2206,cycle,bounded,7,7,2,3,3,1.0000,2.0000,1,14.363,15.817
2207,ladder,bounded,28,40,3,8,8,1.0000,3.0000,1,111.137,15.291
2208,grid,bounded,15,22,4,4,4,1.0000,4.0000,1,39.888,21.662
2209,regular,bounded,30,75,5,6,6,1.0000,5.0000,1,114.782,176.217
2210,balanced_tree,bounded,15,14,3,5,5,1.0000,3.0000,1,19.498,24.136
2211,lollipop,bounded,18,27,6,5,5,1.0000,6.0000,1,52.168,19.108
2212,clique,rigid,2,1,1,1,1,1.0000,1.0000,1,7.365,2.938
2213,star,rigid,27,26,26,1,1,1.0000,1.0000,1,37.251,1.713
2214,complete_bipartite,rigid,7,6,6,1,1,1.0000,1.0000,1,6.145,1.192
2215,crown,rigid,10,20,4,2,2,1.0000,1.0000,1,10.552,16.274
2216,double_star,rigid,16,15,8,8,8,1.0000,1.0000,1,29.594,3.369
2217,erdos_renyi,random,10,11,4,4,4,1.0000,4.0000,1,19.717,1.526
2218,barabasi_albert,random,17,16,7,7,7,1.0000,7.0000,1,20.946,1.653
2219,random_tree,random,24,23,6,10,10,1.0000,6.0000,1,63.313,1.860
2220,path,bounded,3,2,2,1,1,1.0000,2.0000,1,4.380,1.292
2221,cycle,bounded,25,25,2,9,9,1.0000,2.0000,1,48.464,15.455
2222,ladder,bounded,18,25,3,5,5,1.0000,3.0000,1,39.070,15.565
2223,grid,bounded,15,22,4,4,4,1.0000,4.0000,1,35.293,20.295
2224,regular,bounded,15,30,4,4,3,1.3333,4.0000,1,44.037,20.526
2225,balanced_tree,bounded,15,14,3,5,5,1.0000,3.0000,1,34.755,35.920
2226,lollipop,bounded,18,38,8,4,4,1.0000,8.0000,1,50.073,17.939
2227,clique,rigid,14,91,13,1,1,1.0000,1.0000,1,41.826,6.040
2228,star,rigid,13,12,12,1,1,1.0000,1.0000,1,16.400,1.704
2229,complete_bipartite,rigid,18,72,12,6,6,1.0000,1.0000,1,103.259,6.041
2230,crown,rigid,8,12,3,2,2,1.0000,1.0000,1,19.564,34.646
2231,double_star,rigid,19,18,11,8,8,1.0000,1.0000,1,39.953,4.211
2232,erdos_renyi,random,17,53,9,3,3,1.0000,9.0000,1,56.829,16.703
2233,barabasi_albert,random,26,48,10,7,7,1.0000,10.0000,1,65.889,15.819
2234,random_tree,random,31,30,5,12,12,1.0000,5.0000,1,68.000,29.458
2235,path,bounded,8,7,2,3,3,1.0000,2.0000,1,13.855,23.494
2236,cycle,bounded,11,11,2,4,4,1.0000,2.0000,1,14.322,20.604
2237,ladder,bounded,14,19,3,4,4,1.0000,3.0000,1,27.889,21.252
2238,grid,bounded,15,22,4,4,4,1.0000,4.0000,1,29.756,16.670
2239,regular,bounded,13,26,4,3,3,1.0000,4.0000,1,25.970,22.180
2240,balanced_tree,bounded,13,12,4,3,3,1.0000,4.0000,1,29.724,1.926
2241,lollipop,bounded,18,32,7,5,5,1.0000,7.0000,1,38.459,23.572
2242,clique,rigid,14,91,13,1,1,1.0000,1.0000,1,57.252,4.817
2243,star,rigid,20,19,19,1,1,1.0000,1.0000,1,31.879,4.578
2244,complete_bipartite,rigid,20,99,11,9,9,1.0000,1.0000,1,86.865,8.431
2245,crown,rigid,12,30,5,2,2,1.0000,1.0000,1,27.158,22.916
2246,double_star,rigid,21,20,13,8,8,1.0000,1.0000,1,38.475,1.879
2247,erdos_renyi,random,19,43,8,5,5,1.0000,8.0000,1,45.080,17.880
2248,barabasi_albert,random,24,44,10,7,7,1.0000,10.0000,1,84.839,23.969
2249,random_tree,random,37,36,4,13,13,1.0000,4.0000,1,107.980,4.532
2250,path,bounded,24,23,2,8,8,1.0000,2.0000,1,60.901,25.030
2251,cycle,bounded,27,27,2,9,9,1.0000,2.0000,1,67.476,22.812
2252,ladder,bounded,4,4,2,2,2,1.0000,3.0000,1,6.273,2.735
2253,grid,bounded,15,22,4,4,4,1.0000,4.0000,1,33.060,22.449
2254,regular,bounded,8,20,5,2,2,1.0000,5.0000,1,26.766,22.743
2255,balanced_tree,bounded,15,14,3,5,5,1.0000,3.0000,1,42.082,31.111
2256,lollipop,bounded,11,25,7,2,2,1.0000,7.0000,1,23.802,2.884
2257,clique,rigid,2,1,1,1,1,1.0000,1.0000,1,2.555,1.357
2258,star,rigid,17,16,16,1,1,1.0000,1.0000,1,15.014,2.396
2259,complete_bipartite,rigid,23,132,12,11,11,1.0000,1.0000,1,119.252,4.027
2260,crown,rigid,8,12,3,2,2,1.0000,1.0000,1,13.611,20.568
2261,double_star,rigid,8,7,6,2,2,1.0000,1.0000,1,17.660,3.634
2262,erdos_renyi,random,16,21,5,6,6,1.0000,5.0000,1,45.570,29.314
2263,barabasi_albert,random,27,26,8,10,10,1.0000,8.0000,1,48.141,1.829
2264,random_tree,random,16,15,4,6,6,1.0000,4.0000,1,29.459,2.169
2265,path,bounded,33,32,2,11,11,1.0000,2.0000,1,75.587,19.409
2266,cycle,bounded,23,23,2,8,8,1.0000,2.0000,1,66.461,34.170
2267,ladder,bounded,12,16,3,4,4,1.0000,3.0000,1,34.181,29.009
2268,grid,bounded,6,7,3,2,2,1.0000,4.0000,1,16.202,28.152
2269,regular,bounded,6,6,2,2,2,1.0000,2.0000,1,9.802,19.487
2270,balanced_tree,bounded,13,12,4,3,3,1.0000,4.0000,1,23.306,1.742
2271,lollipop,bounded,15,15,3,5,5,1.0000,3.0000,1,18.518,16.226
2272,clique,rigid,11,55,10,1,1,1.0000,1.0000,1,16.697,2.084
2273,star,rigid,9,8,8,1,1,1.0000,1.0000,1,9.277,1.503
2274,complete_bipartite,rigid,15,36,12,3,3,1.0000,1.0000,1,26.648,3.966
2275,crown,rigid,12,30,5,2,2,1.0000,1.0000,1,28.843,13.636
2276,double_star,rigid,9,8,5,4,4,1.0000,1.0000,1,13.850,2.581
2277,erdos_renyi,random,21,60,10,4,4,1.0000,10.0000,1,69.652,15.824
2278,barabasi_albert,random,34,64,10,9,9,1.0000,10.0000,1,137.922,32.076
2279,random_tree,random,34,33,4,13,13,1.0000,4.0000,1,93.185,29.326
2280,path,bounded,25,24,2,9,9,1.0000,2.0000,1,61.071,22.000
2281,cycle,bounded,32,32,2,11,11,1.0000,2.0000,1,86.968,64.115
2282,ladder,bounded,4,4,2,2,2,1.0000,3.0000,1,8.871,3.516
2283,grid,bounded,18,27,4,6,6,1.0000,4.0000,1,28.561,43.679
2284,regular,bounded,12,18,3,4,4,1.0000,3.0000,1,33.725,20.107
2285,balanced_tree,bounded,13,12,4,3,3,1.0000,4.0000,1,30.819,3.536
2286,lollipop,bounded,14,23,6,4,4,1.0000,6.0000,1,25.170,28.663
2287,clique,rigid,11,55,10,1,1,1.0000,1.0000,1,25.749,3.853
2288,star,rigid,14,13,13,1,1,1.0000,1.0000,1,26.765,2.450
2289,complete_bipartite,rigid,4,4,2,2,2,1.0000,1.0000,1,7.656,1.562
2290,crown,rigid,4,2,1,2,2,1.0000,1.0000,1,5.728,2.453
2291,double_star,rigid,21,20,12,9,9,1.0000,1.0000,1,26.325,3.053
2292,erdos_renyi,random,19,21,4,8,8,1.0000,4.0000,1,43.986,28.615
2293,barabasi_albert,random,33,32,10,13,13,1.0000,10.0000,1,83.545,4.446
2294,random_tree,random,18,17,7,7,7,1.0000,7.0000,1,34.807,1.598
2295,path,bounded,3,2,2,1,1,1.0000,2.0000,1,5.011,2.049
2296,cycle,bounded,7,7,2,3,3,1.0000,2.0000,1,16.684,25.665
2297,ladder,bounded,32,46,3,9,9,1.0000,3.0000,1,141.899,13.645
2298,grid,bounded,12,16,3,4,4,1.0000,4.0000,1,29.266,26.332
2299,regular,bounded,32,64,4,8,8,1.0000,4.0000,1,163.557,77.411
2300,balanced_tree,bounded,15,14,3,5,5,1.0000,3.0000,1,25.134,26.322
2301,lollipop,bounded,18,38,8,4,4,1.0000,8.0000,1,37.224,23.531
2302,clique,rigid,9,36,8,1,1,1.0000,1.0000,1,21.947,2.531
2303,star,rigid,27,26,26,1,1,1.0000,1.0000,1,30.627,3.036
2304,complete_bipartite,rigid,18,80,10,8,8,1.0000,1.0000,1,60.891,4.663
2305,crown,rigid,6,6,2,2,2,1.0000,1.0000,1,11.652,15.749
2306,double_star,rigid,26,25,13,13,13,1.0000,1.0000,1,42.705,3.689
2307,erdos_renyi,random,26,99,12,4,4,1.0000,12.0000,1,115.809,14.557
2308,barabasi_albert,random,26,25,12,10,10,1.0000,12.0000,1,68.558,3.529
2309,random_tree,random,24,23,4,10,10,1.0000,4.0000,1,48.722,3.130
2310,path,bounded,29,28,2,10,10,1.0000,2.0000,1,81.109,18.211
2311,cycle,bounded,35,35,2,12,12,1.0000,2.0000,1,108.084,32.357
2312,ladder,bounded,14,19,3,4,4,1.0000,3.0000,1,18.753,13.576
2313,grid,bounded,12,16,3,4,4,1.0000,4.0000,1,17.009,23.023
2314,regular,bounded,15,30,4,4,4,1.0000,4.0000,1,35.121,15.375
2315,balanced_tree,bounded,15,14,3,5,5,1.0000,3.0000,1,31.857,16.855
2316,lollipop,bounded,16,25,6,4,4,1.0000,6.0000,1,26.048,15.907
2317,clique,rigid,5,10,4,1,1,1.0000,1.0000,1,7.793,1.447
2318,star,rigid,10,9,9,1,1,1.0000,1.0000,1,8.325,1.183
2319,complete_bipartite,rigid,21,108,12,9,9,1.0000,1.0000,1,80.498,3.857
2320,crown,rigid,10,20,4,2,2,1.0000,1.0000,1,15.352,17.657
2321,double_star,rigid,16,15,10,6,6,1.0000,1.0000,1,15.624,1.512
2322,erdos_renyi,random,29,94,11,5,5,1.0000,11.0000,1,191.821,21.646
2323,barabasi_albert,random,14,24,11,3,3,1.0000,11.0000,1,23.061,12.670
2324,random_tree,random,29,28,4,11,11,1.0000,4.0000,1,58.221,26.714
2325,path,bounded,40,39,2,14,14,1.0000,2.0000,1,95.789,18.284
2326,cycle,bounded,24,24,2,8,8,1.0000,2.0000,1,32.582,20.594
2327,ladder,bounded,14,19,3,4,4,1.0000,3.0000,1,42.061,25.306
2328,grid,bounded,12,16,3,4,4,1.0000,4.0000,1,31.233,17.016
2329,regular,bounded,26,39,3,8,7,1.1429,3.0000,1,60.244,49.713
2330,balanced_tree,bounded,13,12,4,3,3,1.0000,4.0000,1,29.034,3.478
2331,lollipop,bounded,12,21,6,3,3,1.0000,6.0000,1,20.765,30.351
2332,clique,rigid,4,6,3,1,1,1.0000,1.0000,1,9.088,1.600
2333,star,rigid,17,16,16,1,1,1.0000,1.0000,1,35.664,4.315
2334,complete_bipartite,rigid,6,9,3,3,3,1.0000,1.0000,1,19.720,3.687
2335,crown,rigid,10,20,4,2,2,1.0000,1.0000,1,19.806,18.216
2336,double_star,rigid,17,16,13,4,4,1.0000,1.0000,1,23.890,1.836
2337,erdos_renyi,random,9,12,5,3,3,1.0000,5.0000,1,13.315,28.237
2338,barabasi_albert,random,14,24,7,4,4,1.0000,7.0000,1,41.937,22.943
2339,random_tree,random,15,14,4,5,5,1.0000,4.0000,1,35.518,3.609
2340,path,bounded,30,29,2,10,10,1.0000,2.0000,1,81.965,30.542
2341,cycle,bounded,18,18,2,6,6,1.0000,2.0000,1,53.009,39.953
2342,ladder,bounded,28,40,3,8,8,1.0000,3.0000,1,144.130,32.356
2343,grid,bounded,20,31,4,6,6,1.0000,4.0000,1,83.184,25.051
2344,regular,bounded,7,7,2,3,3,1.0000,2.0000,1,9.195,1.965
2345,balanced_tree,bounded,15,14,3,5,5,1.0000,3.0000,1,31.904,32.307
2346,lollipop,bounded,11,16,5,3,3,1.0000,5.0000,1,25.844,35.196
2347,clique,rigid,12,66,11,1,1,1.0000,1.0000,1,35.822,3.171
2348,star,rigid,22,21,21,1,1,1.0000,1.0000,1,34.362,3.751
2349,complete_bipartite,rigid,15,36,12,3,3,1.0000,1.0000,1,59.438,3.713
2350,crown,rigid,8,12,3,2,2,1.0000,1.0000,1,16.008,28.972
2351,double_star,rigid,10,9,7,3,3,1.0000,1.0000,1,19.060,2.814
2352,erdos_renyi,random,8,9,5,2,2,1.0000,5.0000,1,20.242,21.379
2353,barabasi_albert,random,20,19,8,9,9,1.0000,8.0000,1,47.118,2.868
2354,random_tree,random,35,34,3,13,13,1.0000,3.0000,1,108.819,28.585
2355,path,bounded,17,16,2,6,6,1.0000,2.0000,1,32.620,19.174
2356,cycle,bounded,38,38,2,13,13,1.0000,2.0000,1,167.111,28.339
2357,ladder,bounded,22,31,3,6,6,1.0000,3.0000,1,81.046,45.818
2358,grid,bounded,10,13,3,3,3,1.0000,4.0000,1,33.217,31.758
2359,regular,bounded,26,39,3,8,7,1.1429,3.0000,1,121.903,46.184
2360,balanced_tree,bounded,13,12,4,3,3,1.0000,4.0000,1,27.644,2.037
2361,lollipop,bounded,15,20,5,4,4,1.0000,5.0000,1,43.826,39.951
2362,clique,rigid,2,1,1,1,1,1.0000,1.0000,1,6.724,4.223
2363,star,rigid,6,5,5,1,1,1.0000,1.0000,1,15.574,4.619
2364,complete_bipartite,rigid,21,108,12,9,9,1.0000,1.0000,1,171.539,8.641
2365,crown,rigid,4,2,1,2,2,1.0000,1.0000,1,8.471,2.915
2366,double_star,rigid,21,20,11,10,10,1.0000,1.0000,1,40.655,2.622
2367,erdos_renyi,random,29,54,7,7,7,1.0000,7.0000,1,82.490,42.382
2368,barabasi_albert,random,12,11,6,4,4,1.0000,6.0000,1,34.348,1.519
2369,random_tree,random,38,37,5,13,13,1.0000,5.0000,1,116.245,28.598
2370,path,bounded,16,15,2,6,6,1.0000,2.0000,1,38.913,19.440
2371,cycle,bounded,21,21,2,7,7,1.0000,2.0000,1,40.206,20.863
2372,ladder,bounded,24,34,3,7,7,1.0000,3.0000,1,71.292,35.274
2373,grid,bounded,6,7,3,2,2,1.0000,4.0000,1,10.727,21.471
2374,regular,bounded,8,20,5,2,2,1.0000,5.0000,1,24.098,15.105
2375,balanced_tree,bounded,15,14,3,5,5,1.0000,3.0000,1,30.527,28.485
2376,lollipop,bounded,5,7,4,1,1,1.0000,4.0000,1,7.796,13.613
2377,clique,rigid,6,15,5,1,1,1.0000,1.0000,1,9.689,3.425
2378,star,rigid,13,12,12,1,1,1.0000,1.0000,1,27.716,2.135
2379,complete_bipartite,rigid,7,6,6,1,1,1.0000,1.0000,1,7.123,2.605
2380,crown,rigid,8,12,3,2,2,1.0000,1.0000,1,8.188,14.088
2381,double_star,rigid,25,24,13,12,12,1.0000,1.0000,1,25.578,1.684
2382,erdos_renyi,random,12,25,7,3,3,1.0000,7.0000,1,23.667,25.687
2383,barabasi_albert,random,9,14,5,3,3,1.0000,5.0000,1,19.824,17.347
2384,random_tree,random,18,17,4,7,7,1.0000,4.0000,1,46.670,26.451
2385,path,bounded,20,19,2,7,7,1.0000,2.0000,1,27.929,15.020
2386,cycle,bounded,34,34,2,12,12,1.0000,2.0000,1,54.128,23.405
2387,ladder,bounded,10,13,3,3,3,1.0000,3.0000,1,13.053,13.425
2388,grid,bounded,30,49,4,8,8,1.0000,4.0000,1,106.847,75.585
2389,regular,bounded,31,62,4,8,7,1.1429,4.0000,1,109.147,106.896
2390,balanced_tree,bounded,13,12,4,3,3,1.0000,4.0000,1,14.251,1.646
2391,lollipop,bounded,20,40,8,5,5,1.0000,8.0000,1,40.229,27.598
2392,clique,rigid,1,0,0,1,1,1.0000,1.0000,1,5.916,3.826
2393,star,rigid,31,30,30,1,1,1.0000,1.0000,1,46.451,4.034
2394,complete_bipartite,rigid,15,36,12,3,3,1.0000,1.0000,1,34.469,3.978
2395,crown,rigid,4,2,1,2,2,1.0000,1.0000,1,9.794,2.377
2396,double_star,rigid,9,8,7,2,2,1.0000,1.0000,1,19.116,1.577
2397,erdos_renyi,random,26,79,11,5,5,1.0000,11.0000,1,101.474,57.370
2398,barabasi_albert,random,31,30,8,10,10,1.0000,8.0000,1,73.326,4.675
2399,random_tree,random,20,19,3,7,7,1.0000,3.0000,1,42.893,25.097
2400,path,bounded,28,27,2,10,10,1.0000,2.0000,1,65.108,29.483
2401,cycle,bounded,40,40,2,14,14,1.0000,2.0000,1,123.258,35.784
2402,ladder,bounded,18,25,3,5,5,1.0000,3.0000,1,45.564,27.071
2403,grid,bounded,4,4,2,2,2,1.0000,4.0000,1,9.828,4.015
2404,regular,bounded,10,20,4,2,2,1.0000,4.0000,1,22.433,23.115
2405,balanced_tree,bounded,15,14,3,5,5,1.0000,3.0000,1,41.718,27.120
2406,lollipop,bounded,12,12,3,4,4,1.0000,3.0000,1,17.852,18.108
2407,clique,rigid,5,10,4,1,1,1.0000,1.0000,1,7.418,2.581
2408,star,rigid,18,17,17,1,1,1.0000,1.0000,1,32.394,3.675
2409,complete_bipartite,rigid,14,24,12,2,2,1.0000,1.0000,1,23.894,2.618
2410,crown,rigid,12,30,5,2,2,1.0000,1.0000,1,14.297,13.158
2411,double_star,rigid,10,9,7,3,3,1.0000,1.0000,1,16.261,2.689
2412,erdos_renyi,random,18,60,12,3,3,1.0000,12.0000,1,64.385,10.641
2413,barabasi_albert,random,27,50,9,8,8,1.0000,9.0000,1,116.813,16.491
2414,random_tree,random,26,25,5,9,9,1.0000,5.0000,1,63.217,3.885
2415,path,bounded,12,11,2,4,4,1.0000,2.0000,1,20.844,16.212
2416,cycle,bounded,33,33,2,11,11,1.0000,2.0000,1,62.166,19.682
2417,ladder,bounded,14,19,3,4,4,1.0000,3.0000,1,28.241,17.150
2418,grid,bounded,12,17,4,4,4,1.0000,4.0000,1,29.960,19.063
2419,regular,bounded,20,30,3,6,6,1.0000,3.0000,1,50.150,37.624
2420,balanced_tree,bounded,13,12,4,3,3,1.0000,4.0000,1,21.697,1.714
2421,lollipop,bounded,19,39,8,5,5,1.0000,8.0000,1,49.409,26.745
2422,clique,rigid,6,15,5,1,1,1.0000,1.0000,1,13.879,4.820
2423,star,rigid,12,11,11,1,1,1.0000,1.0000,1,28.114,3.794
2424,complete_bipartite,rigid,12,32,8,4,4,1.0000,1.0000,1,35.412,2.129
2425,crown,rigid,6,6,2,2,2,1.0000,1.0000,1,10.390,22.673
2426,double_star,rigid,18,17,11,7,7,1.0000,1.0000,1,35.955,3.060
2427,erdos_renyi,random,22,84,11,3,3,1.0000,11.0000,1,123.621,22.442
2428,barabasi_albert,random,25,24,7,6,6,1.0000,7.0000,1,65.390,2.939
2429,random_tree,random,11,10,4,4,4,1.0000,4.0000,1,22.917,2.222
2430,path,bounded,24,23,2,8,8,1.0000,2.0000,1,60.099,29.113
2431,cycle,bounded,36,36,2,12,12,1.0000,2.0000,1,80.152,19.123
2432,ladder,bounded,8,10,3,3,3,1.0000,3.0000,1,22.864,20.894
2433,grid,bounded,6,7,3,2,2,1.0000,4.0000,1,12.100,17.272
2434,regular,bounded,10,15,3,3,3,1.0000,3.0000,1,17.810,18.361
2435,balanced_tree,bounded,13,12,4,3,3,1.0000,4.0000,1,23.706,2.622
2436,lollipop,bounded,14,34,8,3,3,1.0000,8.0000,1,34.363,24.740
2437,clique,rigid,1,0,0,1,1,1.0000,1.0000,1,4.030,4.776
2438,star,rigid,6,5,5,1,1,1.0000,1.0000,1,15.865,2.895
2439,complete_bipartite,rigid,7,12,4,3,3,1.0000,1.0000,1,22.943,3.219
2440,crown,rigid,12,30,5,2,2,1.0000,1.0000,1,28.398,36.220
2441,double_star,rigid,24,23,12,12,12,1.0000,1.0000,1,61.319,3.190
2442,erdos_renyi,random,12,21,6,4,4,1.0000,6.0000,1,27.593,22.292
2443,barabasi_albert,random,33,32,15,16,16,1.0000,15.0000,1,116.669,3.006
2444,random_tree,random,26,25,4,10,10,1.0000,4.0000,1,58.251,2.055
2445,path,bounded,38,37,2,13,13,1.0000,2.0000,1,101.977,35.332
2446,cycle,bounded,9,9,2,3,3,1.0000,2.0000,1,31.765,44.186
2447,ladder,bounded,8,10,3,3,3,1.0000,3.0000,1,15.251,13.631
2448,grid,bounded,25,40,4,7,7,1.0000,4.0000,1,100.144,29.905
2449,regular,bounded,26,26,2,9,9,1.0000,2.0000,1,48.856,17.220
2450,balanced_tree,bounded,15,14,3,5,5,1.0000,3.0000,1,35.822,16.836
2451,lollipop,bounded,9,11,4,3,3,1.0000,4.0000,1,10.906,24.094
2452,clique,rigid,13,78,12,1,1,1.0000,1.0000,1,23.511,2.190
2453,star,rigid,26,25,25,1,1,1.0000,1.0000,1,45.133,3.477
2454,complete_bipartite,rigid,8,12,6,2,2,1.0000,1.0000,1,14.720,1.456
2455,crown,rigid,10,20,4,2,2,1.0000,1.0000,1,13.462,26.368
2456,double_star,rigid,10,9,6,4,4,1.0000,1.0000,1,23.022,1.598
2457,erdos_renyi,random,28,135,14,4,4,1.0000,14.0000,1,186.213,30.413
2458,barabasi_albert,random,23,22,8,10,10,1.0000,8.0000,1,30.851,1.675
2459,random_tree,random,17,16,4,6,6,1.0000,4.0000,1,25.935,1.707
2460,path,bounded,26,25,2,9,9,1.0000,2.0000,1,70.927,27.662
2461,cycle,bounded,27,27,2,9,9,1.0000,2.0000,1,47.632,16.746
2462,ladder,bounded,14,19,3,4,4,1.0000,3.0000,1,19.993,13.534
2463,grid,bounded,12,16,3,4,4,1.0000,4.0000,1,18.635,14.314
2464,regular,bounded,4,4,2,2,2,1.0000,2.0000,1,5.752,1.553
2465,balanced_tree,bounded,13,12,4,3,3,1.0000,4.0000,1,27.204,3.284
2466,lollipop,bounded,11,25,7,2,2,1.0000,7.0000,1,27.549,2.865
2467,clique,rigid,5,10,4,1,1,1.0000,1.0000,1,10.904,2.961
2468,star,rigid,6,5,5,1,1,1.0000,1.0000,1,10.734,3.276
2469,complete_bipartite,rigid,9,18,6,3,3,1.0000,1.0000,1,22.930,2.262
2470,crown,rigid,6,6,2,2,2,1.0000,1.0000,1,6.174,18.087
2471,double_star,rigid,8,7,6,2,2,1.0000,1.0000,1,7.891,1.417
2472,erdos_renyi,random,15,11,3,8,8,1.0000,3.0000,1,18.741,1.370
2473,barabasi_albert,random,30,29,8,11,11,1.0000,8.0000,1,73.313,1.943
2474,random_tree,random,4,3,2,2,2,1.0000,2.0000,1,4.933,2.372
2475,path,bounded,2,1,1,1,1,1.0000,2.0000,1,2.548,1.873
2476,cycle,bounded,19,19,2,7,7,1.0000,2.0000,1,22.866,14.285
2477,ladder,bounded,4,4,2,2,2,1.0000,3.0000,1,5.228,1.546
2478,grid,bounded,30,49,4,8,8,1.0000,4.0000,1,143.591,40.570
2479,regular,bounded,14,21,3,4,4,1.0000,3.0000,1,53.928,48.521
2480,balanced_tree,bounded,15,14,3,5,5,1.0000,3.0000,1,29.389,27.113
2481,lollipop,bounded,18,27,6,5,5,1.0000,6.0000,1,38.444,25.800
2482,clique,rigid,9,36,8,1,1,1.0000,1.0000,1,12.306,1.668
2483,star,rigid,20,19,19,1,1,1.0000,1.0000,1,18.142,1.578
2484,complete_bipartite,rigid,17,70,10,7,7,1.0000,1.0000,1,40.889,2.475
2485,crown,rigid,6,6,2,2,2,1.0000,1.0000,1,9.338,29.388
2486,double_star,rigid,16,15,9,7,7,1.0000,1.0000,1,23.604,3.146
2487,erdos_renyi,random,29,94,11,5,5,1.0000,11.0000,1,150.963,55.400
2488,barabasi_albert,random,28,52,13,7,7,1.0000,13.0000,1,89.445,28.156
2489,random_tree,random,38,37,4,14,14,1.0000,4.0000,1,99.613,34.812
2490,path,bounded,40,39,2,14,14,1.0000,2.0000,1,122.188,27.447
2491,cycle,bounded,14,14,2,5,5,1.0000,2.0000,1,36.651,18.505
2492,ladder,bounded,6,7,3,2,2,1.0000,3.0000,1,10.430,23.786
2493,grid,bounded,12,17,4,4,4,1.0000,4.0000,1,36.330,26.839
2494,regular,bounded,7,7,2,3,3,1.0000,2.0000,1,12.285,1.630
2495,balanced_tree,bounded,15,14,3,5,5,1.0000,3.0000,1,26.692,20.147
2496,lollipop,bounded,17,22,5,5,5,1.0000,5.0000,1,39.607,21.689
2497,clique,rigid,9,36,8,1,1,1.0000,1.0000,1,14.318,3.168
2498,star,rigid,14,13,13,1,1,1.0000,1.0000,1,23.725,1.874
2499,complete_bipartite,rigid,16,63,9,7,7,1.0000,1.0000,1,51.336,3.201
2500,crown,rigid,4,2,1,2,2,1.0000,1.0000,1,7.383,2.198
2501,double_star,rigid,13,12,7,6,6,1.0000,1.0000,1,23.102,2.833
2502,erdos_renyi,random,16,39,8,4,4,1.0000,8.0000,1,55.509,21.146
2503,barabasi_albert,random,21,20,7,9,9,1.0000,7.0000,1,42.828,2.078
2504,random_tree,random,35,34,4,12,12,1.0000,4.0000,1,86.075,20.068
2505,path,bounded,40,39,2,14,14,1.0000,2.0000,1,102.427,21.198
2506,cycle,bounded,28,28,2,10,10,1.0000,2.0000,1,53.916,30.403
2507,ladder,bounded,30,43,3,8,8,1.0000,3.0000,1,108.685,24.735
2508,grid,bounded,15,22,4,4,4,1.0000,4.0000,1,37.290,20.847
2509,regular,bounded,30,75,5,6,6,1.0000,5.0000,1,137.361,83.589
2510,balanced_tree,bounded,13,12,4,3,3,1.0000,4.0000,1,23.981,3.710
2511,lollipop,bounded,15,29,7,4,4,1.0000,7.0000,1,24.437,28.157
2512,clique,rigid,6,15,5,1,1,1.0000,1.0000,1,9.633,1.641
2513,star,rigid,3,2,2,1,1,1.0000,1.0000,1,6.762,3.176
2514,complete_bipartite,rigid,9,8,8,1,1,1.0000,1.0000,1,12.930,1.787
2515,crown,rigid,8,12,3,2,2,1.0000,1.0000,1,17.649,23.695
2516,double_star,rigid,16,15,9,7,7,1.0000,1.0000,1,41.004,4.109
2517,erdos_renyi,random,27,57,9,7,7,1.0000,9.0000,1,100.902,40.825
2518,barabasi_albert,random,17,30,9,5,5,1.0000,9.0000,1,35.498,17.904
2519,random_tree,random,21,20,6,7,7,1.0000,6.0000,1,62.669,17.621
2520,path,bounded,16,15,2,6,6,1.0000,2.0000,1,19.944,15.254
2521,cycle,bounded,18,18,2,6,6,1.0000,2.0000,1,23.134,14.882
2522,ladder,bounded,28,40,3,8,8,1.0000,3.0000,1,88.397,28.081
2523,grid,bounded,24,38,4,7,7,1.0000,4.0000,1,76.712,39.223
2524,regular,bounded,12,30,5,2,2,1.0000,5.0000,1,32.855,31.484
2525,balanced_tree,bounded,15,14,3,5,5,1.0000,3.0000,1,44.905,27.296
2526,lollipop,bounded,8,22,7,1,1,1.0000,7.0000,1,17.954,20.630
2527,clique,rigid,7,21,6,1,1,1.0000,1.0000,1,20.794,2.987
2528,star,rigid,20,19,19,1,1,1.0000,1.0000,1,30.125,1.884
2529,complete_bipartite,rigid,20,96,12,8,8,1.0000,1.0000,1,88.043,5.174
2530,crown,rigid,12,30,5,2,2,1.0000,1.0000,1,22.621,16.557
2531,double_star,rigid,5,4,3,2,2,1.0000,1.0000,1,8.806,1.694
2532,erdos_renyi,random,14,12,3,5,5,1.0000,3.0000,1,31.554,3.438
2533,barabasi_albert,random,17,16,5,8,8,1.0000,5.0000,1,31.676,1.847
2534,random_tree,random,34,33,3,13,13,1.0000,3.0000,1,95.207,25.859
2535,path,bounded,31,30,2,11,11,1.0000,2.0000,1,81.200,23.158
2536,cycle,bounded,30,30,2,10,10,1.0000,2.0000,1,79.787,18.392
2537,ladder,bounded,14,19,3,4,4,1.0000,3.0000,1,21.066,18.851
2538,grid,bounded,16,24,4,4,4,1.0000,4.0000,1,38.070,28.274
2539,regular,bounded,25,25,2,10,10,1.0000,2.0000,1,54.691,26.998
2540,balanced_tree,bounded,15,14,3,5,5,1.0000,3.0000,1,19.717,17.325
2541,lollipop,bounded,8,17,6,2,2,1.0000,6.0000,1,12.628,1.380
2542,clique,rigid,4,6,3,1,1,1.0000,1.0000,1,4.332,1.230
2543,star,rigid,27,26,26,1,1,1.0000,1.0000,1,35.584,3.898
2544,complete_bipartite,rigid,22,121,11,11,11,1.0000,1.0000,1,141.134,5.973
2545,crown,rigid,6,6,2,2,2,1.0000,1.0000,1,13.492,18.618
2546,double_star,rigid,19,18,12,7,7,1.0000,1.0000,1,18.454,1.587
2547,erdos_renyi,random,16,41,8,4,4,1.0000,8.0000,1,55.393,21.900
2548,barabasi_albert,random,27,50,13,8,8,1.0000,13.0000,1,82.356,12.919
2549,random_tree,random,4,3,2,2,2,1.0000,2.0000,1,8.101,2.948
2550,path,bounded,3,2,2,1,1,1.0000,2.0000,1,7.779,2.560
2551,cycle,bounded,3,3,2,1,1,1.0000,2.0000,1,7.368,2.720
2552,ladder,bounded,30,43,3,8,8,1.0000,3.0000,1,85.441,19.270
2553,grid,bounded,16,24,4,4,4,1.0000,4.0000,1,45.055,13.218
2554,regular,bounded,28,28,2,10,10,1.0000,2.0000,1,30.858,15.694
2555,balanced_tree,bounded,15,14,3,5,5,1.0000,3.0000,1,37.602,27.722
2556,lollipop,bounded,13,13,3,4,4,1.0000,3.0000,1,20.000,26.570
2557,clique,rigid,5,10,4,1,1,1.0000,1.0000,1,16.103,2.669
2558,star,rigid,15,14,14,1,1,1.0000,1.0000,1,17.056,3.007
2559,complete_bipartite,rigid,19,90,10,9,9,1.0000,1.0000,1,69.572,3.973
2560,crown,rigid,10,20,4,2,2,1.0000,1.0000,1,22.316,21.378
2561,double_star,rigid,16,15,11,5,5,1.0000,1.0000,1,26.131,4.683
2562,erdos_renyi,random,32,188,16,3,3,1.0000,16.0000,1,225.344,69.125
2563,barabasi_albert,random,27,26,5,12,12,1.0000,5.0000,1,49.792,2.253
2564,random_tree,random,2,1,1,1,1,1.0000,1.0000,1,5.754,2.205
2565,path,bounded,31,30,2,11,11,1.0000,2.0000,1,78.086,31.693
2566,cycle,bounded,22,22,2,8,8,1.0000,2.0000,1,40.632,16.173
2567,ladder,bounded,34,49,3,9,9,1.0000,3.0000,1,91.095,24.311
2568,grid,bounded,24,38,4,7,7,1.0000,4.0000,1,70.345,20.000
2569,regular,bounded,28,70,5,6,6,1.0000,5.0000,1,125.479,98.704
2570,balanced_tree,bounded,15,14,3,5,5,1.0000,3.0000,1,38.996,48.768
2571,lollipop,bounded,13,13,3,4,4,1.0000,3.0000,1,27.511,22.731
2572,clique,rigid,5,10,4,1,1,1.0000,1.0000,1,7.032,1.545
2573,star,rigid,8,7,7,1,1,1.0000,1.0000,1,7.270,1.231
2574,complete_bipartite,rigid,12,11,11,1,1,1.0000,1.0000,1,10.694,2.370
2575,crown,rigid,6,6,2,2,2,1.0000,1.0000,1,17.738,50.539
2576,double_star,rigid,19,18,13,6,6,1.0000,1.0000,1,60.423,2.253
2577,erdos_renyi,random,26,103,12,4,4,1.0000,12.0000,1,133.675,16.689
2578,barabasi_albert,random,20,36,10,6,6,1.0000,10.0000,1,32.880,15.134
2579,random_tree,random,28,27,5,10,10,1.0000,5.0000,1,69.442,3.549
2580,path,bounded,27,26,2,9,9,1.0000,2.0000,1,50.764,20.033
2581,cycle,bounded,30,30,2,10,10,1.0000,2.0000,1,43.453,14.014
2582,ladder,bounded,20,28,3,6,6,1.0000,3.0000,1,33.307,19.921
2583,grid,bounded,18,27,4,6,6,1.0000,4.0000,1,26.985,18.301
2584,regular,bounded,17,34,4,4,4,1.0000,4.0000,1,28.977,22.183
2585,balanced_tree,bounded,15,14,3,5,5,1.0000,3.0000,1,37.687,15.623
2586,lollipop,bounded,7,7,3,2,2,1.0000,3.0000,1,15.790,4.027
2587,clique,rigid,8,28,7,1,1,1.0000,1.0000,1,17.111,1.641
2588,star,rigid,30,29,29,1,1,1.0000,1.0000,1,37.111,2.266
2589,complete_bipartite,rigid,13,40,8,5,5,1.0000,1.0000,1,51.225,4.335
2590,crown,rigid,8,12,3,2,2,1.0000,1.0000,1,14.117,22.940
2591,double_star,rigid,10,9,8,2,2,1.0000,1.0000,1,14.489,2.074
2592,erdos_renyi,random,26,67,10,5,5,1.0000,10.0000,1,86.424,29.849
2593,barabasi_albert,random,21,38,10,7,7,1.0000,10.0000,1,51.751,12.826
2594,random_tree,random,22,21,4,9,9,1.0000,4.0000,1,31.991,1.910
2595,path,bounded,13,12,2,5,5,1.0000,2.0000,1,14.797,26.876
2596,cycle,bounded,13,13,2,5,5,1.0000,2.0000,1,29.292,29.861
2597,ladder,bounded,10,13,3,3,3,1.0000,3.0000,1,31.336,28.293
2598,grid,bounded,9,12,4,3,3,1.0000,4.0000,1,13.201,14.023
2599,regular,bounded,20,50,5,4,4,1.0000,5.0000,1,52.026,27.753
2600,balanced_tree,bounded,13,12,4,3,3,1.0000,4.0000,1,26.666,3.540
2601,lollipop,bounded,10,24,7,2,2,1.0000,7.0000,1,22.473,2.018
2602,clique,rigid,2,1,1,1,1,1.0000,1.0000,1,3.171,2.516
2603,star,rigid,3,2,2,1,1,1.0000,1.0000,1,6.011,1.556
2604,complete_bipartite,rigid,7,12,4,3,3,1.0000,1.0000,1,10.387,1.318
2605,crown,rigid,12,30,5,2,2,1.0000,1.0000,1,14.511,10.580
2606,double_star,rigid,10,9,6,4,4,1.0000,1.0000,1,11.154,1.140
2607,erdos_renyi,random,12,17,5,4,4,1.0000,5.0000,1,15.356,27.669
2608,barabasi_albert,random,23,42,10,6,6,1.0000,10.0000,1,99.552,23.407
2609,random_tree,random,23,22,4,8,8,1.0000,4.0000,1,55.631,1.802
2610,path,bounded,17,16,2,6,6,1.0000,2.0000,1,20.140,21.137
2611,cycle,bounded,22,22,2,8,8,1.0000,2.0000,1,54.789,14.553
2612,ladder,bounded,36,52,3,10,10,1.0000,3.0000,1,118.584,52.046
2613,grid,bounded,12,17,4,4,4,1.0000,4.0000,1,34.101,20.577
2614,regular,bounded,15,15,2,5,5,1.0000,2.0000,1,23.480,37.762
2615,balanced_tree,bounded,15,14,3,5,5,1.0000,3.0000,1,27.722,29.569
2616,lollipop,bounded,17,31,7,4,4,1.0000,7.0000,1,39.837,17.568
2617,clique,rigid,5,10,4,1,1,1.0000,1.0000,1,14.141,2.187
2618,star,rigid,26,25,25,1,1,1.0000,1.0000,1,47.457,2.657
2619,complete_bipartite,rigid,4,3,3,1,1,1.0000,1.0000,1,8.656,2.017
2620,crown,rigid,12,30,5,2,2,1.0000,1.0000,1,31.161,19.480
2621,double_star,rigid,19,18,12,7,7,1.0000,1.0000,1,43.851,2.955
2622,erdos_renyi,random,14,25,6,4,4,1.0000,6.0000,1,23.380,12.300
2623,barabasi_albert,random,21,38,8,6,6,1.0000,8.0000,1,60.264,22.221
2624,random_tree,random,3,2,2,1,1,1.0000,2.0000,1,9.170,2.030
2625,path,bounded,18,17,2,6,6,1.0000,2.0000,1,33.209,22.533
2626,cycle,bounded,32,32,2,11,11,1.0000,2.0000,1,70.733,75.435
2627,ladder,bounded,8,10,3,3,3,1.0000,3.0000,1,17.099,22.053
2628,grid,bounded,6,7,3,2,2,1.0000,4.0000,1,11.451,19.751
2629,regular,bounded,8,8,2,3,3,1.0000,2.0000,1,16.457,26.717
2630,balanced_tree,bounded,13,12,4,3,3,1.0000,4.0000,1,29.535,3.731
2631,lollipop,bounded,11,11,3,4,4,1.0000,3.0000,1,22.475,35.424
2632,clique,rigid,11,55,10,1,1,1.0000,1.0000,1,31.744,3.131
2633,star,rigid,24,23,23,1,1,1.0000,1.0000,1,43.533,1.977
2634,complete_bipartite,rigid,10,9,9,1,1,1.0000,1.0000,1,17.804,2.160
2635,crown,rigid,6,6,2,2,2,1.0000,1.0000,1,9.704,21.205
2636,double_star,rigid,15,14,9,6,6,1.0000,1.0000,1,25.753,2.763
2637,erdos_renyi,random,30,133,15,4,4,1.0000,15.0000,1,181.191,56.475
2638,barabasi_albert,random,11,10,6,4,4,1.0000,6.0000,1,21.327,2.470
2639,random_tree,random,30,29,4,11,11,1.0000,4.0000,1,81.969,2.375
2640,path,bounded,19,18,2,7,7,1.0000,2.0000,1,42.026,15.645
2641,cycle,bounded,35,35,2,12,12,1.0000,2.0000,1,79.131,23.533
2642,ladder,bounded,4,4,2,2,2,1.0000,3.0000,1,5.441,1.530
2643,grid,bounded,12,16,3,4,4,1.0000,4.0000,1,22.623,25.947
2644,regular,bounded,24,48,4,6,6,1.0000,4.0000,1,86.294,31.670
2645,balanced_tree,bounded,13,12,4,3,3,1.0000,4.0000,1,41.096,4.580
2646,lollipop,bounded,18,38,8,4,4,1.0000,8.0000,1,58.461,40.515
2647,clique,rigid,8,28,7,1,1,1.0000,1.0000,1,13.760,3.753
2648,star,rigid,17,16,16,1,1,1.0000,1.0000,1,36.406,3.916
2649,complete_bipartite,rigid,8,7,7,1,1,1.0000,1.0000,1,25.862,4.677
2650,crown,rigid,6,6,2,2,2,1.0000,1.0000,1,13.987,33.942
2651,double_star,rigid,11,10,7,4,4,1.0000,1.0000,1,26.763,2.765
2652,erdos_renyi,random,25,94,12,5,5,1.0000,12.0000,1,133.046,71.168
2653,barabasi_albert,random,19,34,10,6,6,1.0000,10.0000,1,43.769,25.984
2654,random_tree,random,7,6,3,3,3,1.0000,3.0000,1,14.513,2.037
2655,path,bounded,15,14,2,5,5,1.0000,2.0000,1,17.694,14.037
2656,cycle,bounded,14,14,2,5,5,1.0000,2.0000,1,17.034,13.930
2657,ladder,bounded,12,16,3,4,4,1.0000,3.0000,1,16.568,13.450
2658,grid,bounded,18,27,4,6,6,1.0000,4.0000,1,40.538,38.423
2659,regular,bounded,30,75,5,6,6,1.0000,5.0000,1,141.008,69.477
2660,balanced_tree,bounded,13,12,4,3,3,1.0000,4.0000,1,35.695,3.181
2661,lollipop,bounded,7,9,4,2,2,1.0000,4.0000,1,18.532,3.335
2662,clique,rigid,11,55,10,1,1,1.0000,1.0000,1,39.544,4.183
2663,star,rigid,6,5,5,1,1,1.0000,1.0000,1,12.039,2.336
2664,complete_bipartite,rigid,13,22,11,2,2,1.0000,1.0000,1,29.809,3.901
2665,crown,rigid,10,20,4,2,2,1.0000,1.0000,1,31.376,25.782
2666,double_star,rigid,9,8,7,2,2,1.0000,1.0000,1,28.018,3.472
2667,erdos_renyi,random,23,22,6,11,11,1.0000,6.0000,1,45.130,21.315
2668,barabasi_albert,random,32,31,7,13,13,1.0000,7.0000,1,59.467,3.705
2669,random_tree,random,36,35,4,12,12,1.0000,4.0000,1,90.340,28.590
2670,path,bounded,16,15,2,6,6,1.0000,2.0000,1,40.801,20.078
2671,cycle,bounded,39,39,2,13,13,1.0000,2.0000,1,67.156,22.060
2672,ladder,bounded,10,13,3,3,3,1.0000,3.0000,1,13.397,18.541
2673,grid,bounded,12,16,3,4,4,1.0000,4.0000,1,34.188,28.070
2674,regular,bounded,28,28,2,10,10,1.0000,2.0000,1,53.082,26.849
2675,balanced_tree,bounded,15,14,3,5,5,1.0000,3.0000,1,29.833,34.775
2676,lollipop,bounded,17,31,7,4,4,1.0000,7.0000,1,26.728,15.797
2677,clique,rigid,4,6,3,1,1,1.0000,1.0000,1,9.303,3.270
2678,star,rigid,3,2,2,1,1,1.0000,1.0000,1,8.381,2.326
2679,complete_bipartite,rigid,4,4,2,2,2,1.0000,1.0000,1,10.591,2.560
2680,crown,rigid,12,30,5,2,2,1.0000,1.0000,1,31.664,18.792
2681,double_star,rigid,10,9,7,3,3,1.0000,1.0000,1,24.969,3.133
2682,erdos_renyi,random,21,13,4,11,11,1.0000,4.0000,1,59.381,2.795
2683,barabasi_albert,random,8,12,6,2,2,1.0000,6.0000,1,21.758,23.598
2684,random_tree,random,9,8,3,4,4,1.0000,3.0000,1,10.816,1.412
2685,path,bounded,10,9,2,4,4,1.0000,2.0000,1,10.162,24.554
2686,cycle,bounded,6,6,2,2,2,1.0000,2.0000,1,18.404,35.597
2687,ladder,bounded,16,22,3,5,5,1.0000,3.0000,1,69.013,20.545
2688,grid,bounded,10,13,3,3,3,1.0000,4.0000,1,13.326,13.545
2689,regular,bounded,28,70,5,6,6,1.0000,5.0000,1,96.301,33.596
2690,balanced_tree,bounded,13,12,4,3,3,1.0000,4.0000,1,15.879,1.897
2691,lollipop,bounded,10,12,4,3,3,1.0000,4.0000,1,10.554,21.109
2692,clique,rigid,9,36,8,1,1,1.0000,1.0000,1,24.917,2.609
2693,star,rigid,6,5,5,1,1,1.0000,1.0000,1,10.556,3.541
2694,complete_bipartite,rigid,18,72,12,6,6,1.0000,1.0000,1,50.421,2.473
2695,crown,rigid,8,12,3,2,2,1.0000,1.0000,1,8.375,12.679
2696,double_star,rigid,19,18,13,6,6,1.0000,1.0000,1,19.522,1.582
2697,erdos_renyi,random,9,11,4,3,3,1.0000,4.0000,1,10.377,1.557
2698,barabasi_albert,random,15,26,8,4,4,1.0000,8.0000,1,26.623,24.797
2699,random_tree,random,12,11,3,4,4,1.0000,3.0000,1,25.252,30.648
2700,path,bounded,32,31,2,11,11,1.0000,2.0000,1,83.835,28.477
2701,cycle,bounded,3,3,2,1,1,1.0000,2.0000,1,7.930,2.195
2702,ladder,bounded,4,4,2,2,2,1.0000,3.0000,1,9.619,3.271
2703,grid,bounded,18,27,4,6,6,1.0000,4.0000,1,61.882,41.461
2704,regular,bounded,8,12,3,2,2,1.0000,3.0000,1,18.662,18.450
2705,balanced_tree,bounded,13,12,4,3,3,1.0000,4.0000,1,15.661,1.569
2706,lollipop,bounded,17,31,7,4,4,1.0000,7.0000,1,23.583,15.425
2707,clique,rigid,9,36,8,1,1,1.0000,1.0000,1,12.934,1.654
2708,star,rigid,27,26,26,1,1,1.0000,1.0000,1,23.314,1.711
2709,complete_bipartite,rigid,13,12,12,1,1,1.0000,1.0000,1,13.288,1.584
2710,crown,rigid,10,20,4,2,2,1.0000,1.0000,1,10.709,17.736
2711,double_star,rigid,19,18,10,9,9,1.0000,1.0000,1,47.456,2.854
2712,erdos_renyi,random,17,49,10,4,4,1.0000,10.0000,1,52.435,25.229
2713,barabasi_albert,random,18,32,10,5,5,1.0000,10.0000,1,57.151,13.151
2714,random_tree,random,19,18,5,8,8,1.0000,5.0000,1,25.005,1.803
2715,path,bounded,23,22,2,8,8,1.0000,2.0000,1,30.396,14.370
2716,cycle,bounded,14,14,2,5,5,1.0000,2.0000,1,19.524,29.253
2717,ladder,bounded,16,22,3,5,5,1.0000,3.0000,1,36.062,13.303
2718,grid,bounded,24,38,4,7,7,1.0000,4.0000,1,45.102,19.405
2719,regular,bounded,21,42,4,5,5,1.0000,4.0000,1,56.001,15.972
2720,balanced_tree,bounded,13,12,4,3,3,1.0000,4.0000,1,15.957,1.524
2721,lollipop,bounded,15,17,4,5,5,1.0000,4.0000,1,24.741,37.442
2722,clique,rigid,13,78,12,1,1,1.0000,1.0000,1,23.297,2.161
2723,star,rigid,6,5,5,1,1,1.0000,1.0000,1,6.078,1.284
2724,complete_bipartite,rigid,19,90,10,9,9,1.0000,1.0000,1,53.538,2.751
2725,crown,rigid,12,30,5,2,2,1.0000,1.0000,1,27.573,19.519
2726,double_star,rigid,13,12,11,2,2,1.0000,1.0000,1,23.368,2.835
2727,erdos_renyi,random,34,190,18,4,4,1.0000,18.0000,1,309.574,15.284
2728,barabasi_albert,random,21,20,12,8,8,1.0000,12.0000,1,37.876,2.171
2729,random_tree,random,36,35,4,13,13,1.0000,4.0000,1,84.986,32.847
2730,path,bounded,20,19,2,7,7,1.0000,2.0000,1,46.732,14.892
2731,cycle,bounded,17,17,2,6,6,1.0000,2.0000,1,21.883,17.278
2732,ladder,bounded,14,19,3,4,4,1.0000,3.0000,1,38.427,14.673
2733,grid,bounded,30,49,4,8,8,1.0000,4.0000,1,67.130,16.854
2734,regular,bounded,10,10,2,4,4,1.0000,2.0000,1,12.149,1.577
2735,balanced_tree,bounded,13,12,4,3,3,1.0000,4.0000,1,25.783,3.234
2736,lollipop,bounded,15,35,8,3,3,1.0000,8.0000,1,27.843,28.950
2737,clique,rigid,5,10,4,1,1,1.0000,1.0000,1,7.767,3.761
2738,star,rigid,25,24,24,1,1,1.0000,1.0000,1,44.048,3.200
2739,complete_bipartite,rigid,10,9,9,1,1,1.0000,1.0000,1,14.313,1.984
2740,crown,rigid,4,2,1,2,2,1.0000,1.0000,1,9.092,2.759
2741,double_star,rigid,17,16,10,7,7,1.0000,1.0000,1,30.511,1.844
2742,erdos_renyi,random,33,211,16,4,4,1.0000,16.0000,1,243.565,202.280
2743,barabasi_albert,random,32,60,17,8,8,1.0000,17.0000,1,112.307,28.243
2744,random_tree,random,20,19,3,7,7,1.0000,3.0000,1,40.782,26.027
2745,path,bounded,25,24,2,9,9,1.0000,2.0000,1,71.681,28.920
2746,cycle,bounded,7,7,2,3,3,1.0000,2.0000,1,14.464,23.335
2747,ladder,bounded,10,13,3,3,3,1.0000,3.0000,1,18.392,14.707
2748,grid,bounded,30,49,4,8,8,1.0000,4.0000,1,81.573,33.119
2749,regular,bounded,24,48,4,6,6,1.0000,4.0000,1,55.373,46.435
2750,balanced_tree,bounded,13,12,4,3,3,1.0000,4.0000,1,14.110,1.727
2751,lollipop,bounded,18,27,6,5,5,1.0000,6.0000,1,23.331,15.252
2752,clique,rigid,9,36,8,1,1,1.0000,1.0000,1,23.089,2.289
2753,star,rigid,7,6,6,1,1,1.0000,1.0000,1,11.737,4.100
2754,complete_bipartite,rigid,12,20,10,2,2,1.0000,1.0000,1,18.823,1.749
2755,crown,rigid,8,12,3,2,2,1.0000,1.0000,1,20.056,27.794
2756,double_star,rigid,18,17,13,5,5,1.0000,1.0000,1,29.481,1.887
2757,erdos_renyi,random,28,84,9,5,5,1.0000,9.0000,1,137.493,17.333
2758,barabasi_albert,random,32,31,10,14,14,1.0000,10.0000,1,109.052,4.739
2759,random_tree,random,14,13,4,6,6,1.0000,4.0000,1,23.109,2.535
2760,path,bounded,5,4,2,2,2,1.0000,2.0000,1,8.070,1.971
2761,cycle,bounded,16,16,2,6,6,1.0000,2.0000,1,30.484,24.088
2762,ladder,bounded,30,43,3,8,8,1.0000,3.0000,1,104.545,14.765
2763,grid,bounded,8,10,3,3,3,1.0000,4.0000,1,16.697,23.764
2764,regular,bounded,28,42,3,8,8,1.0000,3.0000,1,104.230,65.225
2765,balanced_tree,bounded,15,14,3,5,5,1.0000,3.0000,1,30.318,37.881
2766,lollipop,bounded,18,38,8,4,4,1.0000,8.0000,1,42.964,27.785
2767,clique,rigid,4,6,3,1,1,1.0000,1.0000,1,11.244,3.346
2768,star,rigid,17,16,16,1,1,1.0000,1.0000,1,22.407,3.092
2769,complete_bipartite,rigid,20,96,12,8,8,1.0000,1.0000,1,157.217,3.216
2770,crown,rigid,10,20,4,2,2,1.0000,1.0000,1,21.735,20.276
2771,double_star,rigid,15,14,9,6,6,1.0000,1.0000,1,36.275,3.182
2772,erdos_renyi,random,17,32,9,5,5,1.0000,9.0000,1,86.253,17.346
2773,barabasi_albert,random,15,14,5,7,7,1.0000,5.0000,1,21.717,1.856
2774,random_tree,random,26,25,4,9,9,1.0000,4.0000,1,63.014,2.057
2775,path,bounded,28,27,2,10,10,1.0000,2.0000,1,64.974,30.351
2776,cycle,bounded,5,5,2,2,2,1.0000,2.0000,1,12.909,27.755
2777,ladder,bounded,22,31,3,6,6,1.0000,3.0000,1,60.915,23.895
2778,grid,bounded,20,31,4,6,6,1.0000,4.0000,1,49.066,20.573
2779,regular,bounded,10,10,2,4,4,1.0000,2.0000,1,21.034,2.807
2780,balanced_tree,bounded,13,12,4,3,3,1.0000,4.0000,1,22.981,2.156
2781,lollipop,bounded,5,7,4,1,1,1.0000,4.0000,1,11.547,31.417
2782,clique,rigid,11,55,10,1,1,1.0000,1.0000,1,21.267,3.809
2783,star,rigid,2,1,1,1,1,1.0000,1.0000,1,4.413,1.914
2784,complete_bipartite,rigid,10,24,6,4,4,1.0000,1.0000,1,26.678,2.160
2785,crown,rigid,8,12,3,2,2,1.0000,1.0000,1,12.093,18.428
2786,double_star,rigid,24,23,13,11,11,1.0000,1.0000,1,29.132,1.778
2787,erdos_renyi,random,21,15,5,11,11,1.0000,5.0000,1,39.897,30.539
2788,barabasi_albert,random,27,26,8,11,11,1.0000,8.0000,1,82.707,3.503
2789,random_tree,random,28,27,6,10,10,1.0000,6.0000,1,78.260,27.038
2790,path,bounded,15,14,2,5,5,1.0000,2.0000,1,35.952,14.215
2791,cycle,bounded,40,40,2,14,14,1.0000,2.0000,1,122.701,32.264
2792,ladder,bounded,4,4,2,2,2,1.0000,3.0000,1,9.321,2.692
2793,grid,bounded,24,38,4,7,7,1.0000,4.0000,1,80.180,21.387
2794,regular,bounded,16,40,5,3,3,1.0000,5.0000,1,45.200,17.183
2795,balanced_tree,bounded,15,14,3,5,5,1.0000,3.0000,1,30.093,28.182
2796,lollipop,bounded,18,38,8,4,4,1.0000,8.0000,1,53.949,26.850
2797,clique,rigid,13,78,12,1,1,1.0000,1.0000,1,36.973,2.637
2798,star,rigid,2,1,1,1,1,1.0000,1.0000,1,4.128,2.504
2799,complete_bipartite,rigid,12,32,8,4,4,1.0000,1.0000,1,29.651,2.005
2800,crown,rigid,6,6,2,2,2,1.0000,1.0000,1,10.442,27.326
2801,double_star,rigid,10,9,8,2,2,1.0000,1.0000,1,21.692,2.730
2802,erdos_renyi,random,24,105,14,4,4,1.0000,14.0000,1,129.895,122.626
2803,barabasi_albert,random,32,31,9,15,15,1.0000,9.0000,1,50.595,1.926
2804,random_tree,random,30,29,4,11,11,1.0000,4.0000,1,86.625,1.931
2805,path,bounded,17,16,2,6,6,1.0000,2.0000,1,22.487,19.058
2806,cycle,bounded,34,34,2,12,12,1.0000,2.0000,1,99.524,32.738
2807,ladder,bounded,12,16,3,4,4,1.0000,3.0000,1,30.613,16.304
2808,grid,bounded,36,60,4,10,10,1.0000,4.0000,1,147.283,108.502
2809,regular,bounded,32,64,4,8,7,1.1429,4.0000,1,125.725,113.289
2810,balanced_tree,bounded,13,12,4,3,3,1.0000,4.0000,1,32.453,4.773
2811,lollipop,bounded,9,29,8,1,1,1.0000,8.0000,1,22.765,15.640
2812,clique,rigid,7,21,6,1,1,1.0000,1.0000,1,14.135,2.007
2813,star,rigid,11,10,10,1,1,1.0000,1.0000,1,10.848,1.673
2814,complete_bipartite,rigid,16,48,12,4,4,1.0000,1.0000,1,37.335,2.241
2815,crown,rigid,6,6,2,2,2,1.0000,1.0000,1,6.558,28.091
2816,double_star,rigid,23,22,12,11,11,1.0000,1.0000,1,44.214,3.774
2817,erdos_renyi,random,31,36,5,14,14,1.0000,5.0000,1,102.721,21.320
2818,barabasi_albert,random,26,48,14,5,5,1.0000,14.0000,1,68.121,21.536
2819,random_tree,random,40,39,6,15,15,1.0000,6.0000,1,159.129,26.278
2820,path,bounded,37,36,2,13,13,1.0000,2.0000,1,91.706,19.111
2821,cycle,bounded,28,28,2,10,10,1.0000,2.0000,1,44.507,19.281
2822,ladder,bounded,28,40,3,8,8,1.0000,3.0000,1,77.725,34.164
2823,grid,bounded,6,7,3,2,2,1.0000,4.0000,1,23.217,22.586
2824,regular,bounded,6,6,2,2,2,1.0000,2.0000,1,7.923,1.489
2825,balanced_tree,bounded,15,14,3,5,5,1.0000,3.0000,1,31.702,25.739
2826,lollipop,bounded,11,31,8,2,2,1.0000,8.0000,1,19.672,2.933
2827,clique,rigid,11,55,10,1,1,1.0000,1.0000,1,22.366,4.176
2828,star,rigid,29,28,28,1,1,1.0000,1.0000,1,42.102,5.027
2829,complete_bipartite,rigid,13,42,7,6,6,1.0000,1.0000,1,39.310,2.615
2830,crown,rigid,4,2,1,2,2,1.0000,1.0000,1,6.054,3.139
2831,double_star,rigid,23,22,13,10,10,1.0000,1.0000,1,39.091,4.016
2832,erdos_renyi,random,8,9,6,2,2,1.0000,6.0000,1,17.193,26.401
2833,barabasi_albert,random,19,34,10,6,6,1.0000,10.0000,1,60.236,27.500
2834,random_tree,random,28,27,5,9,9,1.0000,5.0000,1,102.309,38.971
2835,path,bounded,15,14,2,5,5,1.0000,2.0000,1,42.636,33.141
2836,cycle,bounded,37,37,2,13,13,1.0000,2.0000,1,84.424,19.042
2837,ladder,bounded,32,46,3,9,9,1.0000,3.0000,1,81.051,20.465
2838,grid,bounded,24,38,4,7,7,1.0000,4.0000,1,53.826,29.333
2839,regular,bounded,22,22,2,8,8,1.0000,2.0000,1,33.373,14.885
2840,balanced_tree,bounded,15,14,3,5,5,1.0000,3.0000,1,19.385,15.547
2841,lollipop,bounded,14,14,3,5,5,1.0000,3.0000,1,16.780,15.595
2842,clique,rigid,6,15,5,1,1,1.0000,1.0000,1,11.531,2.308
2843,star,rigid,10,9,9,1,1,1.0000,1.0000,1,10.393,2.038
2844,complete_bipartite,rigid,10,9,9,1,1,1.0000,1.0000,1,14.959,1.719
2845,crown,rigid,10,20,4,2,2,1.0000,1.0000,1,10.788,11.450
2846,double_star,rigid,5,4,3,2,2,1.0000,1.0000,1,7.082,1.281
2847,erdos_renyi,random,23,44,8,7,7,1.0000,8.0000,1,45.282,49.680
2848,barabasi_albert,random,26,25,9,11,11,1.0000,9.0000,1,47.686,3.773
2849,random_tree,random,29,28,4,11,11,1.0000,4.0000,1,92.208,33.526
2850,path,bounded,34,33,2,12,12,1.0000,2.0000,1,98.230,25.445
2851,cycle,bounded,13,13,2,5,5,1.0000,2.0000,1,18.427,23.763
2852,ladder,bounded,20,28,3,6,6,1.0000,3.0000,1,57.272,39.615
2853,grid,bounded,8,10,3,3,3,1.0000,4.0000,1,15.624,13.705
2854,regular,bounded,16,40,5,4,4,1.0000,5.0000,1,28.504,40.108
2855,balanced_tree,bounded,15,14,3,5,5,1.0000,3.0000,1,33.705,29.708
2856,lollipop,bounded,15,35,8,3,3,1.0000,8.0000,1,29.388,15.187
2857,clique,rigid,4,6,3,1,1,1.0000,1.0000,1,10.212,3.403
2858,star,rigid,31,30,30,1,1,1.0000,1.0000,1,59.368,4.177
2859,complete_bipartite,rigid,5,6,3,2,2,1.0000,1.0000,1,12.376,1.928
2860,crown,rigid,6,6,2,2,2,1.0000,1.0000,1,6.993,14.878
2861,double_star,rigid,18,17,12,6,6,1.0000,1.0000,1,18.538,1.554
2862,erdos_renyi,random,10,4,2,7,7,1.0000,2.0000,1,17.848,2.813
2863,barabasi_albert,random,8,12,6,2,2,1.0000,6.0000,1,15.215,28.902
2864,random_tree,random,33,32,4,12,12,1.0000,4.0000,1,71.096,18.009
2865,path,bounded,3,2,2,1,1,1.0000,2.0000,1,4.967,1.651
2866,cycle,bounded,18,18,2,6,6,1.0000,2.0000,1,23.231,13.909
2867,ladder,bounded,4,4,2,2,2,1.0000,3.0000,1,5.539,2.088
2868,grid,bounded,8,10,3,3,3,1.0000,4.0000,1,21.195,22.221
2869,regular,bounded,24,48,4,6,6,1.0000,4.0000,1,75.960,35.401
2870,balanced_tree,bounded,15,14,3,5,5,1.0000,3.0000,1,42.452,16.313
2871,lollipop,bounded,15,17,4,5,5,1.0000,4.0000,1,24.091,28.330
2872,clique,rigid,13,78,12,1,1,1.0000,1.0000,1,48.009,3.184
2873,star,rigid,29,28,28,1,1,1.0000,1.0000,1,37.639,3.717
2874,complete_bipartite,rigid,15,50,10,5,5,1.0000,1.0000,1,30.079,2.177
2875,crown,rigid,12,30,5,2,2,1.0000,1.0000,1,13.689,11.792
2876,double_star,rigid,18,17,12,6,6,1.0000,1.0000,1,19.284,1.560
2877,erdos_renyi,random,14,10,3,7,7,1.0000,3.0000,1,16.081,1.425
2878,barabasi_albert,random,13,22,7,4,4,1.0000,7.0000,1,27.844,11.899
2879,random_tree,random,24,23,5,8,8,1.0000,5.0000,1,34.108,1.948
2880,path,bounded,19,18,2,7,7,1.0000,2.0000,1,23.579,14.771
2881,cycle,bounded,34,34,2,12,12,1.0000,2.0000,1,87.023,17.534
2882,ladder,bounded,36,52,3,10,10,1.0000,3.0000,1,122.231,55.402
2883,grid,bounded,18,27,4,6,6,1.0000,4.0000,1,52.921,61.881
2884,regular,bounded,28,70,5,6,6,1.0000,5.0000,1,119.215,115.348
2885,balanced_tree,bounded,13,12,4,3,3,1.0000,4.0000,1,23.361,3.938
2886,lollipop,bounded,10,30,8,2,2,1.0000,8.0000,1,31.836,2.316
2887,clique,rigid,4,6,3,1,1,1.0000,1.0000,1,4.893,2.186
2888,star,rigid,17,16,16,1,1,1.0000,1.0000,1,35.791,3.656
2889,complete_bipartite,rigid,10,9,9,1,1,1.0000,1.0000,1,18.704,3.219
2890,crown,rigid,6,6,2,2,2,1.0000,1.0000,1,13.312,15.588
2891,double_star,rigid,13,12,11,2,2,1.0000,1.0000,1,14.591,1.432
2892,erdos_renyi,random,30,153,18,3,3,1.0000,18.0000,1,231.847,20.641
2893,barabasi_albert,random,17,16,6,8,8,1.0000,6.0000,1,43.710,3.510
2894,random_tree,random,24,23,3,9,9,1.0000,3.0000,1,72.567,4.121
2895,path,bounded,10,9,2,4,4,1.0000,2.0000,1,20.543,17.852
2896,cycle,bounded,6,6,2,2,2,1.0000,2.0000,1,7.489,26.738
2897,ladder,bounded,28,40,3,8,8,1.0000,3.0000,1,97.648,34.069
2898,grid,bounded,15,22,4,4,4,1.0000,4.0000,1,52.008,17.714
2899,regular,bounded,28,42,3,8,8,1.0000,3.0000,1,62.875,49.174
2900,balanced_tree,bounded,15,14,3,5,5,1.0000,3.0000,1,34.422,20.203
2901,lollipop,bounded,17,26,6,5,5,1.0000,6.0000,1,31.294,23.663
2902,clique,rigid,6,15,5,1,1,1.0000,1.0000,1,8.637,2.073
2903,star,rigid,8,7,7,1,1,1.0000,1.0000,1,12.081,1.357
2904,complete_bipartite,rigid,18,77,11,7,7,1.0000,1.0000,1,88.648,3.226
2905,crown,rigid,6,6,2,2,2,1.0000,1.0000,1,5.979,13.991
2906,double_star,rigid,14,13,10,4,4,1.0000,1.0000,1,14.801,1.413
2907,erdos_renyi,random,27,27,5,13,13,1.0000,5.0000,1,61.962,15.677
2908,barabasi_albert,random,24,44,14,7,7,1.0000,14.0000,1,80.181,21.005
2909,random_tree,random,2,1,1,1,1,1.0000,1.0000,1,5.058,2.216
2910,path,bounded,25,24,2,9,9,1.0000,2.0000,1,40.799,13.889
2911,cycle,bounded,19,19,2,7,7,1.0000,2.0000,1,24.578,19.465
2912,ladder,bounded,36,52,3,10,10,1.0000,3.0000,1,188.239,55.029
2913,grid,bounded,18,27,4,6,6,1.0000,4.0000,1,37.732,32.726
2914,regular,bounded,20,30,3,6,6,1.0000,3.0000,1,47.201,48.538
2915,balanced_tree,bounded,13,12,4,3,3,1.0000,4.0000,1,31.077,1.646
2916,lollipop,bounded,4,4,3,1,1,1.0000,3.0000,1,7.149,25.101
2917,clique,rigid,1,0,0,1,1,1.0000,1.0000,1,4.904,3.109
2918,star,rigid,21,20,20,1,1,1.0000,1.0000,1,28.120,2.194
2919,complete_bipartite,rigid,8,12,6,2,2,1.0000,1.0000,1,15.352,1.714
2920,crown,rigid,10,20,4,2,2,1.0000,1.0000,1,10.760,11.030
2921,double_star,rigid,22,21,12,10,10,1.0000,1.0000,1,47.431,2.677
2922,erdos_renyi,random,16,35,7,3,3,1.0000,7.0000,1,38.635,12.205
2923,barabasi_albert,random,16,15,4,8,8,1.0000,4.0000,1,20.768,1.997
2924,random_tree,random,11,10,4,4,4,1.0000,4.0000,1,23.819,3.504
2925,path,bounded,36,35,2,12,12,1.0000,2.0000,1,72.544,14.644
2926,cycle,bounded,19,19,2,7,7,1.0000,2.0000,1,41.488,17.329
2927,ladder,bounded,28,40,3,8,8,1.0000,3.0000,1,78.321,15.773
2928,grid,bounded,24,38,4,7,7,1.0000,4.0000,1,45.219,18.113
2929,regular,bounded,28,70,5,6,6,1.0000,5.0000,1,85.834,144.946
2930,balanced_tree,bounded,15,14,3,5,5,1.0000,3.0000,1,43.501,27.362
2931,lollipop,bounded,8,8,3,3,3,1.0000,3.0000,1,24.488,42.771
2932,clique,rigid,6,15,5,1,1,1.0000,1.0000,1,13.280,2.882
2933,star,rigid,15,14,14,1,1,1.0000,1.0000,1,21.037,2.477
2934,complete_bipartite,rigid,16,63,9,7,7,1.0000,1.0000,1,65.049,5.588
2935,crown,rigid,10,20,4,2,2,1.0000,1.0000,1,16.818,14.823
2936,double_star,rigid,7,6,4,3,3,1.0000,1.0000,1,9.304,1.504
2937,erdos_renyi,random,15,24,5,5,5,1.0000,5.0000,1,25.668,15.529
2938,barabasi_albert,random,23,22,11,11,11,1.0000,11.0000,1,46.229,2.564
2939,random_tree,random,17,16,3,6,6,1.0000,3.0000,1,48.692,33.789
2940,path,bounded,25,24,2,9,9,1.0000,2.0000,1,60.167,23.719
2941,cycle,bounded,14,14,2,5,5,1.0000,2.0000,1,21.226,24.102
2942,ladder,bounded,30,43,3,8,8,1.0000,3.0000,1,76.160,24.042
2943,grid,bounded,12,16,3,4,4,1.0000,4.0000,1,32.893,19.288
2944,regular,bounded,14,28,4,3,3,1.0000,4.0000,1,28.835,21.334
2945,balanced_tree,bounded,13,12,4,3,3,1.0000,4.0000,1,17.693,2.778
2946,lollipop,bounded,13,33,8,3,3,1.0000,8.0000,1,30.896,69.269
2947,clique,rigid,1,0,0,1,1,1.0000,1.0000,1,3.759,2.574
2948,star,rigid,6,5,5,1,1,1.0000,1.0000,1,15.744,3.277
2949,complete_bipartite,rigid,10,9,9,1,1,1.0000,1.0000,1,22.414,2.854
2950,crown,rigid,12,30,5,2,2,1.0000,1.0000,1,36.513,25.255
2951,double_star,rigid,19,18,13,6,6,1.0000,1.0000,1,39.198,2.585
2952,erdos_renyi,random,16,58,10,3,3,1.0000,10.0000,1,73.183,20.825
2953,barabasi_albert,random,14,13,5,6,6,1.0000,5.0000,1,36.210,2.690
2954,random_tree,random,32,31,4,12,12,1.0000,4.0000,1,102.482,17.056
2955,path,bounded,13,12,2,5,5,1.0000,2.0000,1,32.539,36.349
2956,cycle,bounded,7,7,2,3,3,1.0000,2.0000,1,20.500,23.812
2957,ladder,bounded,28,40,3,8,8,1.0000,3.0000,1,82.950,33.929
2958,grid,bounded,30,49,4,8,8,1.0000,4.0000,1,84.091,67.305
2959,regular,bounded,34,51,3,11,10,1.1000,3.0000,1,106.514,85.445
2960,balanced_tree,bounded,15,14,3,5,5,1.0000,3.0000,1,20.505,18.029
2961,lollipop,bounded,16,36,8,4,4,1.0000,8.0000,1,22.449,16.944
2962,clique,rigid,5,10,4,1,1,1.0000,1.0000,1,7.967,1.753
2963,star,rigid,2,1,1,1,1,1.0000,1.0000,1,2.839,1.339
2964,complete_bipartite,rigid,16,55,11,5,5,1.0000,1.0000,1,47.659,5.227
2965,crown,rigid,10,20,4,2,2,1.0000,1.0000,1,28.250,25.150
2966,double_star,rigid,9,8,7,2,2,1.0000,1.0000,1,15.553,2.917
2967,erdos_renyi,random,12,20,7,4,4,1.0000,7.0000,1,24.591,12.832
2968,barabasi_albert,random,31,30,9,9,9,1.0000,9.0000,1,84.359,3.231
2969,random_tree,random,26,25,5,10,10,1.0000,5.0000,1,72.462,25.936
2970,path,bounded,31,30,2,11,11,1.0000,2.0000,1,88.347,28.554
2971,cycle,bounded,3,3,2,1,1,1.0000,2.0000,1,4.381,1.941
2972,ladder,bounded,8,10,3,3,3,1.0000,3.0000,1,13.761,26.277
2973,grid,bounded,6,7,3,2,2,1.0000,4.0000,1,15.977,19.884
2974,regular,bounded,34,68,4,8,8,1.0000,4.0000,1,149.990,117.281
2975,balanced_tree,bounded,15,14,3,5,5,1.0000,3.0000,1,26.371,24.855
2976,lollipop,bounded,14,16,4,4,4,1.0000,4.0000,1,33.658,27.360
2977,clique,rigid,6,15,5,1,1,1.0000,1.0000,1,14.281,2.782
2978,star,rigid,19,18,18,1,1,1.0000,1.0000,1,36.831,3.049
2979,complete_bipartite,rigid,15,50,10,5,5,1.0000,1.0000,1,46.045,2.322
2980,crown,rigid,6,6,2,2,2,1.0000,1.0000,1,5.304,19.100
2981,double_star,rigid,15,14,9,6,6,1.0000,1.0000,1,23.662,2.238
2982,erdos_renyi,random,11,16,4,3,3,1.0000,4.0000,1,14.147,22.522
2983,barabasi_albert,random,34,64,13,11,11,1.0000,13.0000,1,152.315,19.752
2984,random_tree,random,33,32,4,13,13,1.0000,4.0000,1,92.683,2.075
2985,path,bounded,39,38,2,13,13,1.0000,2.0000,1,70.686,25.649
2986,cycle,bounded,16,16,2,6,6,1.0000,2.0000,1,21.633,14.404
2987,ladder,bounded,34,49,3,9,9,1.0000,3.0000,1,139.221,20.304
2988,grid,bounded,12,16,3,4,4,1.0000,4.0000,1,16.379,13.297
2989,regular,bounded,6,12,4,2,2,1.0000,4.0000,1,9.148,2.020
2990,balanced_tree,bounded,15,14,3,5,5,1.0000,3.0000,1,17.648,16.168
2991,lollipop,bounded,12,12,3,4,4,1.0000,3.0000,1,24.984,30.341
2992,clique,rigid,7,21,6,1,1,1.0000,1.0000,1,21.030,4.397
2993,star,rigid,2,1,1,1,1,1.0000,1.0000,1,6.142,3.748
2994,complete_bipartite,rigid,9,8,8,1,1,1.0000,1.0000,1,16.794,2.195
2995,crown,rigid,6,6,2,2,2,1.0000,1.0000,1,8.683,24.867
2996,double_star,rigid,20,19,12,8,8,1.0000,1.0000,1,45.429,3.844
2997,erdos_renyi,random,27,36,5,10,10,1.0000,5.0000,1,71.379,24.923
2998,barabasi_albert,random,18,32,10,5,5,1.0000,10.0000,1,40.651,19.135
2999,random_tree,random,7,6,3,2,2,1.0000,3.0000,1,15.414,2.316
3000,path,bounded,33,32,2,11,11,1.0000,2.0000,1,96.612,26.268
3001,cycle,bounded,31,31,2,11,11,1.0000,2.0000,1,70.413,24.276
3002,ladder,bounded,28,40,3,8,8,1.0000,3.0000,1,115.440,24.227
3003,grid,bounded,36,60,4,10,10,1.0000,4.0000,1,150.317,120.582
3004,regular,bounded,15,15,2,6,6,1.0000,2.0000,1,33.714,24.057
3005,balanced_tree,bounded,15,14,3,5,5,1.0000,3.0000,1,35.977,27.819
3006,lollipop,bounded,11,16,5,3,3,1.0000,5.0000,1,17.272,21.802
3007,clique,rigid,8,28,7,1,1,1.0000,1.0000,1,13.361,2.862
3008,star,rigid,15,14,14,1,1,1.0000,1.0000,1,26.815,2.830
3009,complete_bipartite,rigid,12,35,7,5,5,1.0000,1.0000,1,51.537,3.002
3010,crown,rigid,10,20,4,2,2,1.0000,1.0000,1,19.155,16.943
3011,double_star,rigid,18,17,12,6,6,1.0000,1.0000,1,27.148,2.052
3012,erdos_renyi,random,9,15,5,2,2,1.0000,5.0000,1,18.974,21.600
3013,barabasi_albert,random,28,52,10,8,8,1.0000,10.0000,1,128.029,30.982
3014,random_tree,random,3,2,2,1,1,1.0000,2.0000,1,6.913,1.997
3015,path,bounded,14,13,2,5,5,1.0000,2.0000,1,20.745,26.665
3016,cycle,bounded,28,28,2,10,10,1.0000,2.0000,1,67.027,22.358
3017,ladder,bounded,4,4,2,2,2,1.0000,3.0000,1,6.042,1.619
3018,grid,bounded,8,10,3,3,3,1.0000,4.0000,1,16.097,15.096
3019,regular,bounded,11,11,2,4,4,1.0000,2.0000,1,23.492,27.768
3020,balanced_tree,bounded,13,12,4,3,3,1.0000,4.0000,1,22.679,2.271
3021,lollipop,bounded,16,25,6,4,4,1.0000,6.0000,1,28.011,27.755
3022,clique,rigid,12,66,11,1,1,1.0000,1.0000,1,27.597,3.701
3023,star,rigid,12,11,11,1,1,1.0000,1.0000,1,19.323,5.970
3024,complete_bipartite,rigid,5,6,3,2,2,1.0000,1.0000,1,10.985,2.265
3025,crown,rigid,4,2,1,2,2,1.0000,1.0000,1,7.411,1.492
3026,double_star,rigid,16,15,12,4,4,1.0000,1.0000,1,31.017,3.270
3027,erdos_renyi,random,29,64,8,8,8,1.0000,8.0000,1,118.159,23.253
3028,barabasi_albert,random,24,23,6,10,10,1.0000,6.0000,1,57.815,3.593
3029,random_tree,random,15,14,3,7,7,1.0000,3.0000,1,37.973,2.418
3030,path,bounded,13,12,2,5,5,1.0000,2.0000,1,22.931,21.958
3031,cycle,bounded,33,33,2,11,11,1.0000,2.0000,1,68.555,26.714
3032,ladder,bounded,12,16,3,4,4,1.0000,3.0000,1,32.613,21.959
3033,grid,bounded,18,27,4,6,6,1.0000,4.0000,1,51.976,36.640
3034,regular,bounded,24,60,5,5,5,1.0000,5.0000,1,69.795,47.764
3035,balanced_tree,bounded,13,12,4,3,3,1.0000,4.0000,1,21.575,2.708
3036,lollipop,bounded,15,24,6,4,4,1.0000,6.0000,1,28.976,16.473
3037,clique,rigid,14,91,13,1,1,1.0000,1.0000,1,43.837,5.075
3038,star,rigid,25,24,24,1,1,1.0000,1.0000,1,38.374,3.522
3039,complete_bipartite,rigid,6,8,4,2,2,1.0000,1.0000,1,12.190,2.779
3040,crown,rigid,8,12,3,2,2,1.0000,1.0000,1,14.279,13.335
3041,double_star,rigid,15,14,12,3,3,1.0000,1.0000,1,18.650,1.603
3042,erdos_renyi,random,28,36,6,9,9,1.0000,6.0000,1,83.301,20.725
3043,barabasi_albert,random,21,20,7,6,6,1.0000,7.0000,1,47.654,2.496
3044,random_tree,random,34,33,4,13,13,1.0000,4.0000,1,128.346,19.847
3045,path,bounded,34,33,2,12,12,1.0000,2.0000,1,77.397,27.500
3046,cycle,bounded,39,39,2,13,13,1.0000,2.0000,1,117.267,24.136
3047,ladder,bounded,6,7,3,2,2,1.0000,3.0000,1,8.075,29.831
3048,grid,bounded,6,7,3,2,2,1.0000,4.0000,1,13.182,25.289
3049,regular,bounded,14,28,4,4,4,1.0000,4.0000,1,48.912,25.577
3050,balanced_tree,bounded,15,14,3,5,5,1.0000,3.0000,1,34.150,23.635
3051,lollipop,bounded,9,18,6,2,2,1.0000,6.0000,1,15.918,1.966
3052,clique,rigid,5,10,4,1,1,1.0000,1.0000,1,8.691,1.731
3053,star,rigid,29,28,28,1,1,1.0000,1.0000,1,36.379,4.522
3054,complete_bipartite,rigid,17,60,12,5,5,1.0000,1.0000,1,67.006,2.527
3055,crown,rigid,10,20,4,2,2,1.0000,1.0000,1,12.944,13.460
3056,double_star,rigid,16,15,13,3,3,1.0000,1.0000,1,18.388,2.847
3057,erdos_renyi,random,32,63,8,7,7,1.0000,8.0000,1,128.208,18.649
3058,barabasi_albert,random,9,14,5,4,4,1.0000,5.0000,1,21.234,3.106
3059,random_tree,random,3,2,2,1,1,1.0000,2.0000,1,6.268,2.267
3060,path,bounded,17,16,2,6,6,1.0000,2.0000,1,43.290,24.880
3061,cycle,bounded,4,4,2,2,2,1.0000,2.0000,1,9.612,3.101
3062,ladder,bounded,12,16,3,4,4,1.0000,3.0000,1,32.042,21.709
3063,grid,bounded,12,16,3,4,4,1.0000,4.0000,1,25.751,26.014
3064,regular,bounded,24,60,5,5,5,1.0000,5.0000,1,108.856,16.862
3065,balanced_tree,bounded,13,12,4,3,3,1.0000,4.0000,1,18.359,2.804
3066,lollipop,bounded,19,33,7,5,5,1.0000,7.0000,1,25.817,23.794
3067,clique,rigid,11,55,10,1,1,1.0000,1.0000,1,32.678,2.349
3068,star,rigid,2,1,1,1,1,1.0000,1.0000,1,3.179,1.171
3069,complete_bipartite,rigid,10,25,5,5,5,1.0000,1.0000,1,30.183,3.528
3070,crown,rigid,8,12,3,2,2,1.0000,1.0000,1,14.571,21.537
3071,double_star,rigid,6,5,4,2,2,1.0000,1.0000,1,12.581,4.804
3072,erdos_renyi,random,24,39,6,8,8,1.0000,6.0000,1,73.281,29.288
3073,barabasi_albert,random,18,17,7,7,7,1.0000,7.0000,1,21.272,2.122
3074,random_tree,random,2,1,1,1,1,1.0000,1.0000,1,2.876,1.162
3075,path,bounded,19,18,2,7,7,1.0000,2.0000,1,43.473,17.867
3076,cycle,bounded,34,34,2,12,12,1.0000,2.0000,1,79.436,35.731
3077,ladder,bounded,8,10,3,3,3,1.0000,3.0000,1,23.102,25.621
3078,grid,bounded,24,38,4,7,7,1.0000,4.0000,1,75.080,45.385
3079,regular,bounded,28,70,5,6,6,1.0000,5.0000,1,75.819,82.636
3080,balanced_tree,bounded,13,12,4,3,3,1.0000,4.0000,1,15.587,1.589
3081,lollipop,bounded,17,37,8,4,4,1.0000,8.0000,1,21.536,15.873
3082,clique,rigid,3,3,2,1,1,1.0000,1.0000,1,4.420,1.661
3083,star,rigid,28,27,27,1,1,1.0000,1.0000,1,25.845,1.863
3084,complete_bipartite,rigid,18,72,12,6,6,1.0000,1.0000,1,41.605,2.508
3085,crown,rigid,12,30,5,2,2,1.0000,1.0000,1,13.575,10.799
3086,double_star,rigid,16,15,11,5,5,1.0000,1.0000,1,17.542,1.631
3087,erdos_renyi,random,31,40,6,13,13,1.0000,6.0000,1,94.074,23.867
3088,barabasi_albert,random,29,28,13,12,12,1.0000,13.0000,1,66.807,4.517
3089,random_tree,random,12,11,5,5,5,1.0000,5.0000,1,35.567,1.769
3090,path,bounded,2,1,1,1,1,1.0000,2.0000,1,3.692,2.335
3091,cycle,bounded,34,34,2,12,12,1.0000,2.0000,1,93.584,25.026
3092,ladder,bounded,6,7,3,2,2,1.0000,3.0000,1,8.499,29.146
3093,grid,bounded,20,31,4,6,6,1.0000,4.0000,1,54.547,24.301
3094,regular,bounded,12,18,3,4,4,1.0000,3.0000,1,34.089,26.158
3095,balanced_tree,bounded,13,12,4,3,3,1.0000,4.0000,1,25.193,1.810
3096,lollipop,bounded,8,17,6,2,2,1.0000,6.0000,1,11.675,1.977
3097,clique,rigid,7,21,6,1,1,1.0000,1.0000,1,9.860,1.669
3098,star,rigid,13,12,12,1,1,1.0000,1.0000,1,13.402,1.889
3099,complete_bipartite,rigid,15,54,9,6,6,1.0000,1.0000,1,41.890,3.059
3100,crown,rigid,4,2,1,2,2,1.0000,1.0000,1,9.762,1.711
3101,double_star,rigid,9,8,5,4,4,1.0000,1.0000,1,13.657,1.910
3102,erdos_renyi,random,21,40,7,6,6,1.0000,7.0000,1,52.372,39.201
3103,barabasi_albert,random,14,24,8,3,3,1.0000,8.0000,1,30.220,13.239
3104,random_tree,random,8,7,5,2,2,1.0000,5.0000,1,13.649,1.945
3105,path,bounded,39,38,2,13,13,1.0000,2.0000,1,102.853,27.310
3106,cycle,bounded,36,36,2,12,12,1.0000,2.0000,1,161.174,23.979
3107,ladder,bounded,8,10,3,3,3,1.0000,3.0000,1,23.811,30.876
3108,grid,bounded,8,10,3,3,3,1.0000,4.0000,1,22.190,24.811
3109,regular,bounded,24,48,4,6,6,1.0000,4.0000,1,86.322,60.000
3110,balanced_tree,bounded,15,14,3,5,5,1.0000,3.0000,1,36.903,25.256
3111,lollipop,bounded,10,10,3,3,3,1.0000,3.0000,1,18.907,27.394
3112,clique,rigid,14,91,13,1,1,1.0000,1.0000,1,36.498,2.593
3113,star,rigid,19,18,18,1,1,1.0000,1.0000,1,19.093,3.648
3114,complete_bipartite,rigid,11,28,7,4,4,1.0000,1.0000,1,28.905,3.083
3115,crown,rigid,6,6,2,2,2,1.0000,1.0000,1,6.327,21.792
3116,double_star,rigid,18,17,12,6,6,1.0000,1.0000,1,49.136,4.543
3117,erdos_renyi,random,22,33,8,8,8,1.0000,8.0000,1,66.154,28.673
3118,barabasi_albert,random,9,14,8,1,1,1.0000,8.0000,1,13.755,13.706
3119,random_tree,random,34,33,5,13,13,1.0000,5.0000,1,87.980,2.757
3120,path,bounded,16,15,2,6,6,1.0000,2.0000,1,19.803,18.102
3121,cycle,bounded,7,7,2,3,3,1.0000,2.0000,1,9.914,15.698
3122,ladder,bounded,16,22,3,5,5,1.0000,3.0000,1,33.429,14.251
3123,grid,bounded,8,10,3,3,3,1.0000,4.0000,1,14.672,16.436
3124,regular,bounded,15,15,2,5,5,1.0000,2.0000,1,17.649,30.658
3125,balanced_tree,bounded,13,12,4,3,3,1.0000,4.0000,1,35.159,2.857
3126,lollipop,bounded,7,7,3,2,2,1.0000,3.0000,1,11.611,1.585
3127,clique,rigid,13,78,12,1,1,1.0000,1.0000,1,22.058,3.098
3128,star,rigid,28,27,27,1,1,1.0000,1.0000,1,52.440,3.198
3129,complete_bipartite,rigid,17,60,12,5,5,1.0000,1.0000,1,90.747,5.107
3130,crown,rigid,12,30,5,2,2,1.0000,1.0000,1,27.884,15.776
3131,double_star,rigid,17,16,9,8,8,1.0000,1.0000,1,30.394,2.081
3132,erdos_renyi,random,27,89,9,5,5,1.0000,9.0000,1,149.444,22.054
3133,barabasi_albert,random,11,10,5,4,4,1.0000,5.0000,1,20.749,2.583
3134,random_tree,random,26,25,4,9,9,1.0000,4.0000,1,63.673,4.995
3135,path,bounded,29,28,2,10,10,1.0000,2.0000,1,77.601,45.544
3136,cycle,bounded,30,30,2,10,10,1.0000,2.0000,1,87.007,31.217
3137,ladder,bounded,20,28,3,6,6,1.0000,3.0000,1,70.524,34.449
3138,grid,bounded,4,4,2,2,2,1.0000,4.0000,1,9.786,3.283
3139,regular,bounded,5,10,4,1,1,1.0000,4.0000,1,9.135,2.242
3140,balanced_tree,bounded,15,14,3,5,5,1.0000,3.0000,1,35.167,23.952
3141,lollipop,bounded,13,33,8,3,3,1.0000,8.0000,1,19.710,41.985
3142,clique,rigid,14,91,13,1,1,1.0000,1.0000,1,52.662,3.810
3143,star,rigid,26,25,25,1,1,1.0000,1.0000,1,34.915,2.175
3144,complete_bipartite,rigid,19,90,10,9,9,1.0000,1.0000,1,72.444,2.913
3145,crown,rigid,12,30,5,2,2,1.0000,1.0000,1,28.618,22.685
3146,double_star,rigid,25,24,13,12,12,1.0000,1.0000,1,49.756,2.299
3147,erdos_renyi,random,22,31,6,8,8,1.0000,6.0000,1,48.589,23.512
3148,barabasi_albert,random,19,34,7,5,5,1.0000,7.0000,1,51.115,24.611
3149,random_tree,random,40,39,6,17,17,1.0000,6.0000,1,103.044,25.305
3150,path,bounded,29,28,2,10,10,1.0000,2.0000,1,64.858,14.342
3151,cycle,bounded,5,5,2,2,2,1.0000,2.0000,1,13.661,21.588
3152,ladder,bounded,10,13,3,3,3,1.0000,3.0000,1,15.237,16.849
3153,grid,bounded,30,49,4,8,8,1.0000,4.0000,1,119.170,18.209
3154,regular,bounded,17,34,4,4,4,1.0000,4.0000,1,51.853,28.863
3155,balanced_tree,bounded,13,12,4,3,3,1.0000,4.0000,1,37.912,2.601
3156,lollipop,bounded,18,32,7,5,5,1.0000,7.0000,1,45.231,32.095
3157,clique,rigid,2,1,1,1,1,1.0000,1.0000,1,3.603,2.310
3158,star,rigid,14,13,13,1,1,1.0000,1.0000,1,29.806,3.632
3159,complete_bipartite,rigid,15,36,12,3,3,1.0000,1.0000,1,50.071,4.806
3160,crown,rigid,4,2,1,2,2,1.0000,1.0000,1,6.002,1.650
3161,double_star,rigid,21,20,13,8,8,1.0000,1.0000,1,24.035,2.778
3162,erdos_renyi,random,30,121,13,4,4,1.0000,13.0000,1,188.199,44.931
3163,barabasi_albert,random,14,13,9,5,5,1.0000,9.0000,1,19.052,2.547
3164,random_tree,random,38,37,4,14,14,1.0000,4.0000,1,142.069,28.294
3165,path,bounded,9,8,2,3,3,1.0000,2.0000,1,14.784,22.908
3166,cycle,bounded,14,14,2,5,5,1.0000,2.0000,1,22.454,14.921
3167,ladder,bounded,26,37,3,7,7,1.0000,3.0000,1,52.416,24.105
3168,grid,bounded,9,12,4,3,3,1.0000,4.0000,1,15.332,23.671
3169,regular,bounded,13,13,2,5,5,1.0000,2.0000,1,24.898,20.767
3170,balanced_tree,bounded,13,12,4,3,3,1.0000,4.0000,1,22.513,1.932
3171,lollipop,bounded,6,6,3,2,2,1.0000,3.0000,1,14.826,3.495
3172,clique,rigid,1,0,0,1,1,1.0000,1.0000,1,2.353,1.466
3173,star,rigid,30,29,29,1,1,1.0000,1.0000,1,34.822,2.679
3174,complete_bipartite,rigid,11,18,9,2,2,1.0000,1.0000,1,19.153,3.151
3175,crown,rigid,12,30,5,2,2,1.0000,1.0000,1,19.561,19.183
3176,double_star,rigid,7,6,4,3,3,1.0000,1.0000,1,14.840,4.776
3177,erdos_renyi,random,12,23,6,4,4,1.0000,6.0000,1,34.551,23.832
3178,barabasi_albert,random,25,24,8,11,11,1.0000,8.0000,1,55.091,3.989
3179,random_tree,random,15,14,4,6,6,1.0000,4.0000,1,31.266,26.302
3180,path,bounded,33,32,2,11,11,1.0000,2.0000,1,88.625,26.788
3181,cycle,bounded,13,13,2,5,5,1.0000,2.0000,1,25.382,27.562
3182,ladder,bounded,18,25,3,5,5,1.0000,3.0000,1,65.738,24.654
3183,grid,bounded,30,49,4,8,8,1.0000,4.0000,1,163.039,87.860
3184,regular,bounded,8,8,2,3,3,1.0000,2.0000,1,13.096,19.766
3185,balanced_tree,bounded,15,14,3,5,5,1.0000,3.0000,1,28.150,19.748
3186,lollipop,bounded,7,9,4,2,2,1.0000,4.0000,1,10.126,1.592
3187,clique,rigid,14,91,13,1,1,1.0000,1.0000,1,24.936,3.952
3188,star,rigid,25,24,24,1,1,1.0000,1.0000,1,49.657,3.731
3189,complete_bipartite,rigid,14,24,12,2,2,1.0000,1.0000,1,48.510,7.383
3190,crown,rigid,12,30,5,2,2,1.0000,1.0000,1,25.728,15.185
3191,double_star,rigid,19,18,12,7,7,1.0000,1.0000,1,75.937,1.832
3192,erdos_renyi,random,33,207,20,3,3,1.0000,20.0000,1,297.598,32.587
3193,barabasi_albert,random,33,62,16,9,9,1.0000,16.0000,1,172.259,28.411
3194,random_tree,random,4,3,3,1,1,1.0000,3.0000,1,5.786,2.862
3195,path,bounded,22,21,2,8,8,1.0000,2.0000,1,51.237,25.338
3196,cycle,bounded,21,21,2,7,7,1.0000,2.0000,1,51.152,29.029
3197,ladder,bounded,10,13,3,3,3,1.0000,3.0000,1,28.827,27.174
3198,grid,bounded,12,17,4,4,4,1.0000,4.0000,1,33.812,23.512
3199,regular,bounded,33,66,4,8,8,1.0000,4.0000,1,151.470,134.177
3200,balanced_tree,bounded,13,12,4,3,3,1.0000,4.0000,1,21.282,2.806
3201,lollipop,bounded,9,11,4,3,3,1.0000,4.0000,1,19.120,44.903
3202,clique,rigid,7,21,6,1,1,1.0000,1.0000,1,13.560,2.479
3203,star,rigid,29,28,28,1,1,1.0000,1.0000,1,26.235,1.767
3204,complete_bipartite,rigid,14,40,10,4,4,1.0000,1.0000,1,44.237,2.128
3205,crown,rigid,8,12,3,2,2,1.0000,1.0000,1,9.520,17.884
3206,double_star,rigid,16,15,13,3,3,1.0000,1.0000,1,35.158,3.464
3207,erdos_renyi,random,16,41,9,3,3,1.0000,9.0000,1,61.817,37.563
3208,barabasi_albert,random,28,52,15,8,8,1.0000,15.0000,1,106.287,35.305
3209,random_tree,random,28,27,4,10,10,1.0000,4.0000,1,60.004,1.964
3210,path,bounded,27,26,2,9,9,1.0000,2.0000,1,36.418,13.973
3211,cycle,bounded,26,26,2,9,9,1.0000,2.0000,1,49.949,29.702
3212,ladder,bounded,20,28,3,6,6,1.0000,3.0000,1,44.801,38.704
3213,grid,bounded,30,49,4,8,8,1.0000,4.0000,1,116.385,81.394
3214,regular,bounded,16,40,5,3,3,1.0000,5.0000,1,56.952,21.437
3215,balanced_tree,bounded,13,12,4,3,3,1.0000,4.0000,1,14.359,1.477
3216,lollipop,bounded,11,20,6,3,3,1.0000,6.0000,1,12.729,22.638
3217,clique,rigid,13,78,12,1,1,1.0000,1.0000,1,21.557,2.557
3218,star,rigid,6,5,5,1,1,1.0000,1.0000,1,6.074,1.278
3219,complete_bipartite,rigid,15,56,8,7,7,1.0000,1.0000,1,36.571,2.788
3220,crown,rigid,8,12,3,2,2,1.0000,1.0000,1,9.699,12.360
3221,double_star,rigid,13,12,11,2,2,1.0000,1.0000,1,13.018,1.428
3222,erdos_renyi,random,10,8,3,4,4,1.0000,3.0000,1,10.935,1.305
3223,barabasi_albert,random,8,12,5,3,3,1.0000,5.0000,1,9.973,1.435
3224,random_tree,random,13,12,4,4,4,1.0000,4.0000,1,28.834,34.856
3225,path,bounded,26,25,2,9,9,1.0000,2.0000,1,50.901,14.862
3226,cycle,bounded,15,15,2,5,5,1.0000,2.0000,1,32.776,38.851
3227,ladder,bounded,30,43,3,8,8,1.0000,3.0000,1,104.237,16.936
3228,grid,bounded,25,40,4,7,7,1.0000,4.0000,1,72.605,22.731
3229,regular,bounded,6,12,4,2,2,1.0000,4.0000,1,12.939,1.664
3230,balanced_tree,bounded,13,12,4,3,3,1.0000,4.0000,1,15.288,1.470
3231,lollipop,bounded,12,17,5,3,3,1.0000,5.0000,1,23.291,23.086
3232,clique,rigid,7,21,6,1,1,1.0000,1.0000,1,9.379,1.593
3233,star,rigid,17,16,16,1,1,1.0000,1.0000,1,16.928,3.499
3234,complete_bipartite,rigid,4,4,2,2,2,1.0000,1.0000,1,8.064,1.652
3235,crown,rigid,12,30,5,2,2,1.0000,1.0000,1,14.302,14.063
3236,double_star,rigid,15,14,9,6,6,1.0000,1.0000,1,28.714,2.072
3237,erdos_renyi,random,14,12,4,6,6,1.0000,4.0000,1,30.118,2.099
3238,barabasi_albert,random,8,12,7,1,1,1.0000,7.0000,1,20.352,20.255
3239,random_tree,random,7,6,2,3,3,1.0000,2.0000,1,21.575,2.462
3240,path,bounded,17,16,2,6,6,1.0000,2.0000,1,39.965,18.540
3241,cycle,bounded,13,13,2,5,5,1.0000,2.0000,1,18.472,27.912
3242,ladder,bounded,8,10,3,3,3,1.0000,3.0000,1,19.114,22.691
3243,grid,bounded,24,38,4,7,7,1.0000,4.0000,1,84.703,37.894
3244,regular,bounded,30,75,5,6,6,1.0000,5.0000,1,122.592,68.759
3245,balanced_tree,bounded,15,14,3,5,5,1.0000,3.0000,1,22.310,24.116
3246,lollipop,bounded,8,13,5,2,2,1.0000,5.0000,1,8.746,1.596
3247,clique,rigid,8,28,7,1,1,1.0000,1.0000,1,15.054,2.745
3248,star,rigid,25,24,24,1,1,1.0000,1.0000,1,25.904,2.918
3249,complete_bipartite,rigid,23,132,12,11,11,1.0000,1.0000,1,124.021,3.447
3250,crown,rigid,10,20,4,2,2,1.0000,1.0000,1,20.432,23.022
3251,double_star,rigid,19,18,12,7,7,1.0000,1.0000,1,34.430,2.476
3252,erdos_renyi,random,33,125,14,6,6,1.0000,14.0000,1,174.949,152.804
3253,barabasi_albert,random,33,62,12,10,10,1.0000,12.0000,1,96.522,26.508
3254,random_tree,random,15,14,4,5,5,1.0000,4.0000,1,20.572,3.653
3255,path,bounded,7,6,2,3,3,1.0000,2.0000,1,17.494,3.053
3256,cycle,bounded,18,18,2,6,6,1.0000,2.0000,1,30.691,24.263
3257,ladder,bounded,34,49,3,9,9,1.0000,3.0000,1,96.207,23.463
3258,grid,bounded,12,17,4,4,4,1.0000,4.0000,1,31.692,25.562
3259,regular,bounded,20,20,2,7,7,1.0000,2.0000,1,53.033,27.758
3260,balanced_tree,bounded,13,12,4,3,3,1.0000,4.0000,1,26.476,2.218
3261,lollipop,bounded,19,39,8,5,5,1.0000,8.0000,1,41.823,26.208
3262,clique,rigid,8,28,7,1,1,1.0000,1.0000,1,18.039,3.759
3263,star,rigid,20,19,19,1,1,1.0000,1.0000,1,31.042,2.956
3264,complete_bipartite,rigid,15,54,9,6,6,1.0000,1.0000,1,52.397,3.570
3265,crown,rigid,10,20,4,2,2,1.0000,1.0000,1,12.389,16.112
3266,double_star,rigid,11,10,6,5,5,1.0000,1.0000,1,14.282,2.467
3267,erdos_renyi,random,8,10,4,3,3,1.0000,4.0000,1,11.861,16.613
3268,barabasi_albert,random,18,32,8,6,6,1.0000,8.0000,1,55.122,18.344
3269,random_tree,random,7,6,2,3,3,1.0000,2.0000,1,13.936,2.774
3270,path,bounded,30,29,2,10,10,1.0000,2.0000,1,110.299,29.433
3271,cycle,bounded,28,28,2,10,10,1.0000,2.0000,1,51.618,25.015
3272,ladder,bounded,10,13,3,3,3,1.0000,3.0000,1,22.198,16.952
3273,grid,bounded,9,12,4,3,3,1.0000,4.0000,1,16.648,13.982
3274,regular,bounded,21,21,2,8,8,1.0000,2.0000,1,40.766,17.861
3275,balanced_tree,bounded,13,12,4,3,3,1.0000,4.0000,1,15.725,1.527
3276,lollipop,bounded,18,38,8,4,4,1.0000,8.0000,1,47.143,24.280
3277,clique,rigid,1,0,0,1,1,1.0000,1.0000,1,5.816,4.029
3278,star,rigid,19,18,18,1,1,1.0000,1.0000,1,37.676,3.042
3279,complete_bipartite,rigid,7,12,4,3,3,1.0000,1.0000,1,17.338,3.680
3280,crown,rigid,12,30,5,2,2,1.0000,1.0000,1,26.187,21.457
3281,double_star,rigid,17,16,12,5,5,1.0000,1.0000,1,24.910,2.459
3282,erdos_renyi,random,33,161,15,5,5,1.0000,15.0000,1,216.474,185.115
3283,barabasi_albert,random,23,42,8,5,5,1.0000,8.0000,1,48.936,14.881
3284,random_tree,random,17,16,4,6,6,1.0000,4.0000,1,30.951,32.424
3285,path,bounded,39,38,2,13,13,1.0000,2.0000,1,103.770,21.829
3286,cycle,bounded,7,7,2,3,3,1.0000,2.0000,1,12.257,27.198
3287,ladder,bounded,28,40,3,8,8,1.0000,3.0000,1,101.244,29.418
3288,grid,bounded,8,10,3,3,3,1.0000,4.0000,1,22.151,31.645
3289,regular,bounded,24,60,5,5,5,1.0000,5.0000,1,114.444,50.353
3290,balanced_tree,bounded,15,14,3,5,5,1.0000,3.0000,1,39.712,19.574
3291,lollipop,bounded,13,22,6,3,3,1.0000,6.0000,1,17.011,17.745
3292,clique,rigid,6,15,5,1,1,1.0000,1.0000,1,8.859,3.012
3293,star,rigid,17,16,16,1,1,1.0000,1.0000,1,17.446,2.625
3294,complete_bipartite,rigid,15,56,8,7,7,1.0000,1.0000,1,31.326,2.927
3295,crown,rigid,12,30,5,2,2,1.0000,1.0000,1,13.758,11.094
3296,double_star,rigid,12,11,10,2,2,1.0000,1.0000,1,12.478,2.516
3297,erdos_renyi,random,30,161,15,4,4,1.0000,15.0000,1,214.479,158.403
3298,barabasi_albert,random,30,29,11,13,13,1.0000,11.0000,1,65.467,1.970
3299,random_tree,random,28,27,4,11,11,1.0000,4.0000,1,41.577,1.991
3300,path,bounded,3,2,2,1,1,1.0000,2.0000,1,3.963,1.222
3301,cycle,bounded,22,22,2,8,8,1.0000,2.0000,1,29.238,14.794
3302,ladder,bounded,30,43,3,8,8,1.0000,3.0000,1,101.556,19.458
3303,grid,bounded,15,22,4,4,4,1.0000,4.0000,1,29.819,15.152
3304,regular,bounded,32,48,3,9,9,1.0000,3.0000,1,86.909,57.987
3305,balanced_tree,bounded,15,14,3,5,5,1.0000,3.0000,1,32.588,21.399
3306,lollipop,bounded,14,34,8,3,3,1.0000,8.0000,1,24.977,35.633
3307,clique,rigid,10,45,9,1,1,1.0000,1.0000,1,31.556,3.153
3308,star,rigid,18,17,17,1,1,1.0000,1.0000,1,35.747,3.611
3309,complete_bipartite,rigid,16,63,9,7,7,1.0000,1.0000,1,74.989,4.128
3310,crown,rigid,6,6,2,2,2,1.0000,1.0000,1,7.809,32.402
3311,double_star,rigid,16,15,10,6,6,1.0000,1.0000,1,32.317,3.610
3312,erdos_renyi,random,23,60,8,4,4,1.0000,8.0000,1,86.972,53.112
3313,barabasi_albert,random,14,13,7,5,5,1.0000,7.0000,1,25.468,2.467
3314,random_tree,random,28,27,5,12,12,1.0000,5.0000,1,80.037,2.343
3315,path,bounded,27,26,2,9,9,1.0000,2.0000,1,60.611,24.191
3316,cycle,bounded,26,26,2,9,9,1.0000,2.0000,1,53.374,32.188
3317,ladder,bounded,24,34,3,7,7,1.0000,3.0000,1,64.421,23.713
3318,grid,bounded,15,22,4,4,4,1.0000,4.0000,1,49.793,34.390
3319,regular,bounded,12,18,3,3,3,1.0000,3.0000,1,30.013,33.183
3320,balanced_tree,bounded,15,14,3,5,5,1.0000,3.0000,1,42.467,36.488
3321,lollipop,bounded,18,32,7,5,5,1.0000,7.0000,1,37.970,32.730
3322,clique,rigid,5,10,4,1,1,1.0000,1.0000,1,17.852,3.136
3323,star,rigid,7,6,6,1,1,1.0000,1.0000,1,11.861,1.724
3324,complete_bipartite,rigid,20,96,12,8,8,1.0000,1.0000,1,65.535,28.147
3325,crown,rigid,4,2,1,2,2,1.0000,1.0000,1,17.212,1.463
3326,double_star,rigid,22,21,13,9,9,1.0000,1.0000,1,29.100,1.796
3327,erdos_renyi,random,31,123,13,5,5,1.0000,13.0000,1,178.584,16.850
3328,barabasi_albert,random,23,42,11,8,8,1.0000,11.0000,1,71.292,23.256
3329,random_tree,random,25,24,4,8,8,1.0000,4.0000,1,45.937,27.193
3330,path,bounded,27,26,2,9,9,1.0000,2.0000,1,64.975,17.188
3331,cycle,bounded,20,20,2,7,7,1.0000,2.0000,1,39.126,26.819
3332,ladder,bounded,14,19,3,4,4,1.0000,3.0000,1,35.978,26.746
3333,grid,bounded,24,38,4,7,7,1.0000,4.0000,1,55.993,21.700
3334,regular,bounded,3,3,2,1,1,1.0000,2.0000,1,5.704,1.380
3335,balanced_tree,bounded,15,14,3,5,5,1.0000,3.0000,1,32.290,23.661
3336,lollipop,bounded,9,11,4,3,3,1.0000,4.0000,1,15.671,24.525
3337,clique,rigid,7,21,6,1,1,1.0000,1.0000,1,14.780,2.215
3338,star,rigid,28,27,27,1,1,1.0000,1.0000,1,41.364,3.811
3339,complete_bipartite,rigid,18,80,10,8,8,1.0000,1.0000,1,81.190,3.471
3340,crown,rigid,6,6,2,2,2,1.0000,1.0000,1,6.510,17.721
3341,double_star,rigid,26,25,13,13,13,1.0000,1.0000,1,36.125,1.717
3342,erdos_renyi,random,17,32,8,5,5,1.0000,8.0000,1,58.403,33.129
3343,barabasi_albert,random,11,18,6,3,3,1.0000,6.0000,1,41.462,19.979
3344,random_tree,random,20,19,4,9,9,1.0000,4.0000,1,28.429,1.832
3345,path,bounded,39,38,2,13,13,1.0000,2.0000,1,105.863,23.561
3346,cycle,bounded,25,25,2,9,9,1.0000,2.0000,1,46.224,17.662
3347,ladder,bounded,18,25,3,5,5,1.0000,3.0000,1,41.252,16.033
3348,grid,bounded,16,24,4,4,4,1.0000,4.0000,1,43.447,20.589
3349,regular,bounded,8,20,5,2,2,1.0000,5.0000,1,23.515,22.544
3350,balanced_tree,bounded,15,14,3,5,5,1.0000,3.0000,1,21.672,16.051
3351,lollipop,bounded,11,13,4,3,3,1.0000,4.0000,1,12.476,30.861
3352,clique,rigid,6,15,5,1,1,1.0000,1.0000,1,17.609,2.039
3353,star,rigid,20,19,19,1,1,1.0000,1.0000,1,19.773,1.729
3354,complete_bipartite,rigid,16,64,8,8,8,1.0000,1.0000,1,40.015,4.000
3355,crown,rigid,10,20,4,2,2,1.0000,1.0000,1,20.860,24.921
3356,double_star,rigid,15,14,9,6,6,1.0000,1.0000,1,15.954,1.644
3357,erdos_renyi,random,8,5,3,5,5,1.0000,3.0000,1,12.192,1.623
3358,barabasi_albert,random,31,30,10,13,13,1.0000,10.0000,1,72.316,3.303
3359,random_tree,random,21,20,3,8,8,1.0000,3.0000,1,31.544,3.020
3360,path,bounded,3,2,2,1,1,1.0000,2.0000,1,5.513,1.483
3361,cycle,bounded,7,7,2,3,3,1.0000,2.0000,1,10.622,18.999
3362,ladder,bounded,8,10,3,3,3,1.0000,3.0000,1,13.895,22.612
3363,grid,bounded,12,17,4,4,4,1.0000,4.0000,1,32.686,26.521
3364,regular,bounded,18,27,3,5,5,1.0000,3.0000,1,52.165,49.007
3365,balanced_tree,bounded,15,14,3,5,5,1.0000,3.0000,1,23.772,26.408
3366,lollipop,bounded,9,9,3,3,3,1.0000,3.0000,1,19.141,26.252
3367,clique,rigid,6,15,5,1,1,1.0000,1.0000,1,17.168,3.200
3368,star,rigid,26,25,25,1,1,1.0000,1.0000,1,45.292,4.964
3369,complete_bipartite,rigid,9,18,6,3,3,1.0000,1.0000,1,27.459,2.361
3370,crown,rigid,10,20,4,2,2,1.0000,1.0000,1,26.640,22.408
3371,double_star,rigid,18,17,12,6,6,1.0000,1.0000,1,33.552,1.650
3372,erdos_renyi,random,31,80,11,7,7,1.0000,11.0000,1,166.586,33.991
3373,barabasi_albert,random,9,14,6,2,2,1.0000,6.0000,1,22.046,20.957
3374,random_tree,random,14,13,4,4,4,1.0000,4.0000,1,27.388,22.305
3375,path,bounded,9,8,2,3,3,1.0000,2.0000,1,17.789,26.630
3376,cycle,bounded,4,4,2,2,2,1.0000,2.0000,1,9.664,2.526
3377,ladder,bounded,24,34,3,7,7,1.0000,3.0000,1,80.125,22.833
3378,grid,bounded,16,24,4,4,4,1.0000,4.0000,1,30.589,30.882
3379,regular,bounded,10,10,2,4,4,1.0000,2.0000,1,29.726,36.892
3380,balanced_tree,bounded,15,14,3,5,5,1.0000,3.0000,1,41.995,27.961
3381,lollipop,bounded,17,26,6,5,5,1.0000,6.0000,1,42.932,37.879
3382,clique,rigid,7,21,6,1,1,1.0000,1.0000,1,18.659,2.756
3383,star,rigid,14,13,13,1,1,1.0000,1.0000,1,20.534,2.251
3384,complete_bipartite,rigid,14,40,10,4,4,1.0000,1.0000,1,44.655,4.249
3385,crown,rigid,8,12,3,2,2,1.0000,1.0000,1,20.895,21.991
3386,double_star,rigid,8,7,4,4,4,1.0000,1.0000,1,16.242,2.255
3387,erdos_renyi,random,15,39,9,3,3,1.0000,9.0000,1,80.849,25.433
3388,barabasi_albert,random,9,14,5,2,2,1.0000,5.0000,1,25.904,44.551
3389,random_tree,random,35,34,4,12,12,1.0000,4.0000,1,155.393,34.797
3390,path,bounded,3,2,2,1,1,1.0000,2.0000,1,9.084,2.900
3391,cycle,bounded,19,19,2,7,7,1.0000,2.0000,1,52.850,24.010
3392,ladder,bounded,32,46,3,9,9,1.0000,3.0000,1,106.357,23.688
3393,grid,bounded,30,49,4,8,8,1.0000,4.0000,1,130.402,32.175
3394,regular,bounded,22,55,5,5,5,1.0000,5.0000,1,75.584,35.459
3395,balanced_tree,bounded,15,14,3,5,5,1.0000,3.0000,1,42.704,20.652
3396,lollipop,bounded,6,8,4,2,2,1.0000,4.0000,1,6.932,1.648
3397,clique,rigid,3,3,2,1,1,1.0000,1.0000,1,4.855,1.998
3398,star,rigid,20,19,19,1,1,1.0000,1.0000,1,33.211,2.107
3399,complete_bipartite,rigid,9,14,7,2,2,1.0000,1.0000,1,12.261,1.561
3400,crown,rigid,10,20,4,2,2,1.0000,1.0000,1,10.390,13.191
3401,double_star,rigid,10,9,6,4,4,1.0000,1.0000,1,18.332,3.698
3402,erdos_renyi,random,27,125,13,4,4,1.0000,13.0000,1,162.344,23.457
3403,barabasi_albert,random,30,56,14,10,10,1.0000,14.0000,1,122.656,23.407
3404,random_tree,random,12,11,5,4,4,1.0000,5.0000,1,25.999,3.582
3405,path,bounded,32,31,2,11,11,1.0000,2.0000,1,95.088,14.609
3406,cycle,bounded,29,29,2,10,10,1.0000,2.0000,1,47.171,17.453
3407,ladder,bounded,34,49,3,9,9,1.0000,3.0000,1,85.903,13.462
3408,grid,bounded,25,40,4,7,7,1.0000,4.0000,1,74.165,16.685
3409,regular,bounded,12,18,3,3,3,1.0000,3.0000,1,26.639,29.282
3410,balanced_tree,bounded,13,12,4,3,3,1.0000,4.0000,1,25.821,2.253
3411,lollipop,bounded,16,21,5,5,5,1.0000,5.0000,1,32.315,26.465
3412,clique,rigid,1,0,0,1,1,1.0000,1.0000,1,2.195,1.536
3413,star,rigid,13,12,12,1,1,1.0000,1.0000,1,12.073,1.445
3414,complete_bipartite,rigid,11,18,9,2,2,1.0000,1.0000,1,25.114,3.704
3415,crown,rigid,12,30,5,2,2,1.0000,1.0000,1,21.507,11.803
3416,double_star,rigid,18,17,10,8,8,1.0000,1.0000,1,20.196,2.127
3417,erdos_renyi,random,9,14,5,3,3,1.0000,5.0000,1,11.848,15.259
3418,barabasi_albert,random,12,20,7,4,4,1.0000,7.0000,1,28.310,28.237
3419,random_tree,random,12,11,3,5,5,1.0000,3.0000,1,36.461,2.440
3420,path,bounded,15,14,2,5,5,1.0000,2.0000,1,36.589,16.632
3421,cycle,bounded,21,21,2,7,7,1.0000,2.0000,1,49.993,21.037
3422,ladder,bounded,18,25,3,5,5,1.0000,3.0000,1,61.453,28.852
3423,grid,bounded,12,17,4,4,4,1.0000,4.0000,1,41.329,29.858
3424,regular,bounded,18,18,2,6,6,1.0000,2.0000,1,33.965,22.360
3425,balanced_tree,bounded,15,14,3,5,5,1.0000,3.0000,1,30.890,18.020
3426,lollipop,bounded,15,24,6,4,4,1.0000,6.0000,1,26.190,18.128
3427,clique,rigid,1,0,0,1,1,1.0000,1.0000,1,2.774,2.186
3428,star,rigid,27,26,26,1,1,1.0000,1.0000,1,28.899,1.679
3429,complete_bipartite,rigid,20,100,10,10,10,1.0000,1.0000,1,51.542,2.504
3430,crown,rigid,4,2,1,2,2,1.0000,1.0000,1,4.920,1.263
3431,double_star,rigid,21,20,11,10,10,1.0000,1.0000,1,20.968,1.510
3432,erdos_renyi,random,29,28,4,13,13,1.0000,4.0000,1,40.772,12.259
3433,barabasi_albert,random,15,26,6,4,4,1.0000,6.0000,1,21.845,12.056
3434,random_tree,random,25,24,3,9,9,1.0000,3.0000,1,31.398,14.813
3435,path,bounded,39,38,2,13,13,1.0000,2.0000,1,52.581,11.089
3436,cycle,bounded,40,40,2,14,14,1.0000,2.0000,1,63.571,15.566
3437,ladder,bounded,36,52,3,10,10,1.0000,3.0000,1,68.324,32.675
3438,grid,bounded,6,7,3,2,2,1.0000,4.0000,1,7.027,11.897
3439,regular,bounded,16,40,5,3,3,1.0000,5.0000,1,26.374,12.200
3440,balanced_tree,bounded,15,14,3,5,5,1.0000,3.0000,1,16.434,16.034
3441,lollipop,bounded,12,14,4,4,4,1.0000,4.0000,1,11.673,13.761
3442,clique,rigid,11,55,10,1,1,1.0000,1.0000,1,15.375,1.660
3443,star,rigid,31,30,30,1,1,1.0000,1.0000,1,21.635,1.597
3444,complete_bipartite,rigid,15,44,11,4,4,1.0000,1.0000,1,23.924,1.920
3445,crown,rigid,4,2,1,2,2,1.0000,1.0000,1,4.781,1.373
3446,double_star,rigid,14,13,11,3,3,1.0000,1.0000,1,10.833,1.265
3447,erdos_renyi,random,33,105,11,6,6,1.0000,11.0000,1,100.990,45.321
3448,barabasi_albert,random,8,7,3,3,3,1.0000,3.0000,1,6.605,1.772
3449,random_tree,random,26,25,4,11,11,1.0000,4.0000,1,31.887,12.822
3450,path,bounded,36,35,2,12,12,1.0000,2.0000,1,47.533,12.254
3451,cycle,bounded,35,35,2,12,12,1.0000,2.0000,1,51.805,19.854
3452,ladder,bounded,36,52,3,10,10,1.0000,3.0000,1,73.864,27.972
3453,grid,bounded,30,49,4,8,8,1.0000,4.0000,1,55.163,14.077
3454,regular,bounded,11,11,2,4,4,1.0000,2.0000,1,12.466,16.804
3455,balanced_tree,bounded,13,12,4,3,3,1.0000,4.0000,1,15.969,1.367
3456,lollipop,bounded,11,16,5,3,3,1.0000,5.0000,1,11.658,12.562
3457,clique,rigid,9,36,8,1,1,1.0000,1.0000,1,11.074,1.468
3458,star,rigid,18,17,17,1,1,1.0000,1.0000,1,13.574,1.761
3459,complete_bipartite,rigid,12,36,6,6,6,1.0000,1.0000,1,21.445,1.559
3460,crown,rigid,10,20,4,2,2,1.0000,1.0000,1,9.703,10.455
3461,double_star,rigid,12,11,10,2,2,1.0000,1.0000,1,10.342,1.298
3462,erdos_renyi,random,22,24,4,8,8,1.0000,4.0000,1,27.804,12.847
3463,barabasi_albert,random,10,9,5,4,4,1.0000,5.0000,1,8.427,1.141
3464,random_tree,random,12,11,4,4,4,1.0000,4.0000,1,13.978,1.286
3465,path,bounded,16,15,2,6,6,1.0000,2.0000,1,15.275,12.880
3466,cycle,bounded,25,25,2,9,9,1.0000,2.0000,1,36.102,13.063
3467,ladder,bounded,30,43,3,8,8,1.0000,3.0000,1,49.602,10.813
3468,grid,bounded,8,10,3,3,3,1.0000,4.0000,1,8.390,11.505
3469,regular,bounded,12,12,2,4,4,1.0000,2.0000,1,10.705,10.839
3470,balanced_tree,bounded,15,14,3,5,5,1.0000,3.0000,1,16.058,13.633
3471,lollipop,bounded,14,28,7,3,3,1.0000,7.0000,1,15.466,13.616
3472,clique,rigid,13,78,12,1,1,1.0000,1.0000,1,18.061,1.669
3473,star,rigid,30,29,29,1,1,1.0000,1.0000,1,19.998,1.440
3474,complete_bipartite,rigid,16,60,10,6,6,1.0000,1.0000,1,33.266,2.640
3475,crown,rigid,6,6,2,2,2,1.0000,1.0000,1,4.894,11.248
3476,double_star,rigid,19,18,12,7,7,1.0000,1.0000,1,17.871,1.451
3477,erdos_renyi,random,19,48,9,4,4,1.0000,9.0000,1,28.260,14.410
3478,barabasi_albert,random,20,19,15,3,3,1.0000,15.0000,1,15.477,1.272
3479,random_tree,random,6,5,3,2,2,1.0000,3.0000,1,4.948,0.902
3480,path,bounded,27,26,2,9,9,1.0000,2.0000,1,31.195,11.446
3481,cycle,bounded,5,5,2,2,2,1.0000,2.0000,1,6.052,12.116
3482,ladder,bounded,32,46,3,9,9,1.0000,3.0000,1,53.193,11.912
3483,grid,bounded,30,49,4,8,8,1.0000,4.0000,1,56.909,14.067
3484,regular,bounded,18,36,4,4,4,1.0000,4.0000,1,35.186,23.067
3485,balanced_tree,bounded,15,14,3,5,5,1.0000,3.0000,1,16.516,15.376
3486,lollipop,bounded,9,23,7,2,2,1.0000,7.0000,1,12.278,1.377
3487,clique,rigid,5,10,4,1,1,1.0000,1.0000,1,4.080,1.014
3488,star,rigid,9,8,8,1,1,1.0000,1.0000,1,13.773,1.295
3489,complete_bipartite,rigid,21,110,11,10,10,1.0000,1.0000,1,84.168,3.297
3490,crown,rigid,6,6,2,2,2,1.0000,1.0000,1,5.939,12.730
3491,double_star,rigid,6,5,4,2,2,1.0000,1.0000,1,10.489,2.386
3492,erdos_renyi,random,16,25,8,4,4,1.0000,8.0000,1,21.204,11.145
3493,barabasi_albert,random,29,54,12,8,8,1.0000,12.0000,1,80.468,17.854
3494,random_tree,random,9,8,4,4,4,1.0000,4.0000,1,10.803,1.322
3495,path,bounded,14,13,2,5,5,1.0000,2.0000,1,13.991,19.096
3496,cycle,bounded,32,32,2,11,11,1.0000,2.0000,1,64.847,15.072
3497,ladder,bounded,32,46,3,9,9,1.0000,3.0000,1,75.249,11.880
3498,grid,bounded,10,13,3,3,3,1.0000,4.0000,1,14.846,21.098
3499,regular,bounded,27,27,2,10,10,1.0000,2.0000,1,41.408,12.564
3500,balanced_tree,bounded,13,12,4,3,3,1.0000,4.0000,1,18.443,1.259
3501,lollipop,bounded,11,16,5,3,3,1.0000,5.0000,1,12.542,14.173
3502,clique,rigid,7,21,6,1,1,1.0000,1.0000,1,10.854,1.282
3503,star,rigid,22,21,21,1,1,1.0000,1.0000,1,24.304,2.369
3504,complete_bipartite,rigid,12,20,10,2,2,1.0000,1.0000,1,14.609,1.486
3505,crown,rigid,10,20,4,2,2,1.0000,1.0000,1,9.490,11.277
3506,double_star,rigid,13,12,7,6,6,1.0000,1.0000,1,13.684,1.802
3507,erdos_renyi,random,12,18,6,4,4,1.0000,6.0000,1,14.529,12.141
3508,barabasi_albert,random,9,8,4,3,3,1.0000,4.0000,1,11.942,1.274
3509,random_tree,random,9,8,3,4,4,1.0000,3.0000,1,8.184,1.102
3510,path,bounded,19,18,2,7,7,1.0000,2.0000,1,31.470,23.404
3511,cycle,bounded,31,31,2,11,11,1.0000,2.0000,1,51.593,22.052
3512,ladder,bounded,10,13,3,3,3,1.0000,3.0000,1,12.622,12.209
3513,grid,bounded,18,27,4,6,6,1.0000,4.0000,1,27.425,20.639
3514,regular,bounded,12,18,3,4,4,1.0000,3.0000,1,15.187,16.543
3515,balanced_tree,bounded,15,14,3,5,5,1.0000,3.0000,1,20.474,14.755
3516,lollipop,bounded,10,15,5,3,3,1.0000,5.0000,1,10.927,21.439
3517,clique,rigid,3,3,2,1,1,1.0000,1.0000,1,4.293,2.540
3518,star,rigid,21,20,20,1,1,1.0000,1.0000,1,32.858,2.030
3519,complete_bipartite,rigid,13,30,10,3,3,1.0000,1.0000,1,26.880,3.302
3520,crown,rigid,8,12,3,2,2,1.0000,1.0000,1,7.964,9.893
3521,double_star,rigid,13,12,9,4,4,1.0000,1.0000,1,12.214,1.192
3522,erdos_renyi,random,31,85,10,6,6,1.0000,10.0000,1,93.150,87.000
3523,barabasi_albert,random,30,29,12,14,14,1.0000,12.0000,1,48.194,1.492
3524,random_tree,random,3,2,2,1,1,1.0000,2.0000,1,2.753,0.916
3525,path,bounded,7,6,2,3,3,1.0000,2.0000,1,5.698,0.934
3526,cycle,bounded,28,28,2,10,10,1.0000,2.0000,1,35.154,13.383
3527,ladder,bounded,24,34,3,7,7,1.0000,3.0000,1,48.951,14.215
3528,grid,bounded,6,7,3,2,2,1.0000,4.0000,1,6.391,10.945
3529,regular,bounded,28,42,3,8,8,1.0000,3.0000,1,45.110,24.201
3530,balanced_tree,bounded,13,12,4,3,3,1.0000,4.0000,1,21.279,1.571
3531,lollipop,bounded,8,13,5,2,2,1.0000,5.0000,1,6.882,1.134
3532,clique,rigid,10,45,9,1,1,1.0000,1.0000,1,16.199,3.615
3533,star,rigid,26,25,25,1,1,1.0000,1.0000,1,23.834,4.011
3534,complete_bipartite,rigid,10,21,7,3,3,1.0000,1.0000,1,14.904,1.175
3535,crown,rigid,10,20,4,2,2,1.0000,1.0000,1,7.836,8.936
3536,double_star,rigid,10,9,6,4,4,1.0000,1.0000,1,9.507,1.117
3537,erdos_renyi,random,34,165,16,5,5,1.0000,16.0000,1,168.243,174.219
3538,barabasi_albert,random,32,31,12,14,14,1.0000,12.0000,1,67.193,1.625
3539,random_tree,random,12,11,4,4,4,1.0000,4.0000,1,10.453,1.219
3540,path,bounded,38,37,2,13,13,1.0000,2.0000,1,60.160,22.579
3541,cycle,bounded,24,24,2,8,8,1.0000,2.0000,1,30.787,12.019
3542,ladder,bounded,4,4,2,2,2,1.0000,3.0000,1,5.792,1.853
3543,grid,bounded,15,22,4,4,4,1.0000,4.0000,1,32.983,16.838
3544,regular,bounded,22,22,2,8,8,1.0000,2.0000,1,29.816,16.606
3545,balanced_tree,bounded,13,12,4,3,3,1.0000,4.0000,1,15.368,1.371
3546,lollipop,bounded,9,14,5,2,2,1.0000,5.0000,1,12.169,1.898
3547,clique,rigid,14,91,13,1,1,1.0000,1.0000,1,24.365,2.495
3548,star,rigid,25,24,24,1,1,1.0000,1.0000,1,27.021,2.016
3549,complete_bipartite,rigid,15,54,9,6,6,1.0000,1.0000,1,39.875,3.631
3550,crown,rigid,12,30,5,2,2,1.0000,1.0000,1,11.083,20.548
3551,double_star,rigid,12,11,9,3,3,1.0000,1.0000,1,24.139,1.576
3552,erdos_renyi,random,20,61,9,4,4,1.0000,9.0000,1,44.979,68.279
3553,barabasi_albert,random,10,16,5,3,3,1.0000,5.0000,1,12.519,9.948
3554,random_tree,random,30,29,5,13,13,1.0000,5.0000,1,54.933,1.806
3555,path,bounded,35,34,2,12,12,1.0000,2.0000,1,72.556,12.108
3556,cycle,bounded,21,21,2,7,7,1.0000,2.0000,1,39.264,12.694
3557,ladder,bounded,32,46,3,9,9,1.0000,3.0000,1,52.728,10.416
3558,grid,bounded,30,49,4,8,8,1.0000,4.0000,1,76.938,46.456
3559,regular,bounded,15,15,2,5,5,1.0000,2.0000,1,22.467,16.070
3560,balanced_tree,bounded,13,12,4,3,3,1.0000,4.0000,1,13.414,1.887
3561,lollipop,bounded,13,27,7,3,3,1.0000,7.0000,1,13.778,12.941
3562,clique,rigid,1,0,0,1,1,1.0000,1.0000,1,1.879,1.924
3563,star,rigid,9,8,8,1,1,1.0000,1.0000,1,7.709,1.402
3564,complete_bipartite,rigid,9,14,7,2,2,1.0000,1.0000,1,11.017,2.124
3565,crown,rigid,8,12,3,2,2,1.0000,1.0000,1,12.258,24.832
3566,double_star,rigid,12,11,10,2,2,1.0000,1.0000,1,26.999,3.275
3567,erdos_renyi,random,18,11,3,9,9,1.0000,3.0000,1,48.768,2.378
3568,barabasi_albert,random,21,38,9,6,6,1.0000,9.0000,1,83.196,25.744
3569,random_tree,random,39,38,5,15,15,1.0000,5.0000,1,138.031,24.551
3570,path,bounded,6,5,2,2,2,1.0000,2.0000,1,7.756,1.748
3571,cycle,bounded,10,10,2,4,4,1.0000,2.0000,1,14.628,16.654
3572,ladder,bounded,26,37,3,7,7,1.0000,3.0000,1,75.733,17.726
3573,grid,bounded,15,22,4,4,4,1.0000,4.0000,1,42.053,26.467
3574,regular,bounded,15,30,4,4,4,1.0000,4.0000,1,54.911,40.193
3575,balanced_tree,bounded,13,12,4,3,3,1.0000,4.0000,1,29.153,3.333
3576,lollipop,bounded,17,37,8,4,4,1.0000,8.0000,1,38.778,15.781
3577,clique,rigid,4,6,3,1,1,1.0000,1.0000,1,5.741,1.762
3578,star,rigid,5,4,4,1,1,1.0000,1.0000,1,7.374,2.281
3579,complete_bipartite,rigid,18,80,10,8,8,1.0000,1.0000,1,109.544,7.192
3580,crown,rigid,8,12,3,2,2,1.0000,1.0000,1,30.457,43.405
3581,double_star,rigid,16,15,12,4,4,1.0000,1.0000,1,59.896,4.485
3582,erdos_renyi,random,34,135,15,5,5,1.0000,15.0000,1,310.830,270.506
3583,barabasi_albert,random,17,30,11,4,4,1.0000,11.0000,1,25.690,13.132
3584,random_tree,random,36,35,4,13,13,1.0000,4.0000,1,63.130,24.034
3585,path,bounded,2,1,1,1,1,1.0000,2.0000,1,5.216,4.933
3586,cycle,bounded,35,35,2,12,12,1.0000,2.0000,1,82.146,18.840
3587,ladder,bounded,16,22,3,5,5,1.0000,3.0000,1,35.755,35.640
3588,grid,bounded,18,27,4,6,6,1.0000,4.0000,1,48.246,39.899
3589,regular,bounded,13,13,2,5,5,1.0000,2.0000,1,29.255,32.489
3590,balanced_tree,bounded,13,12,4,3,3,1.0000,4.0000,1,25.296,3.442
3591,lollipop,bounded,13,15,4,4,4,1.0000,4.0000,1,27.750,22.887
3592,clique,rigid,6,15,5,1,1,1.0000,1.0000,1,8.335,1.529
3593,star,rigid,14,13,13,1,1,1.0000,1.0000,1,12.579,1.393
3594,complete_bipartite,rigid,8,7,7,1,1,1.0000,1.0000,1,7.339,1.245
3595,crown,rigid,10,20,4,2,2,1.0000,1.0000,1,10.612,11.600
3596,double_star,rigid,17,16,9,8,8,1.0000,1.0000,1,18.383,1.533
3597,erdos_renyi,random,34,64,8,10,10,1.0000,8.0000,1,132.071,15.807
3598,barabasi_albert,random,20,19,10,8,8,1.0000,10.0000,1,31.481,1.747
3599,random_tree,random,25,24,4,9,9,1.0000,4.0000,1,35.175,17.563
3600,path,bounded,6,5,2,2,2,1.0000,2.0000,1,7.742,1.422
3601,cycle,bounded,15,15,2,5,5,1.0000,2.0000,1,25.418,37.794
3602,ladder,bounded,8,10,3,3,3,1.0000,3.0000,1,17.487,25.114
3603,grid,bounded,8,10,3,3,3,1.0000,4.0000,1,11.595,22.222
3604,regular,bounded,18,45,5,4,4,1.0000,5.0000,1,48.814,24.008
3605,balanced_tree,bounded,15,14,3,5,5,1.0000,3.0000,1,23.964,27.057
3606,lollipop,bounded,15,35,8,3,3,1.0000,8.0000,1,25.053,20.855
3607,clique,rigid,9,36,8,1,1,1.0000,1.0000,1,18.697,2.097
3608,star,rigid,23,22,22,1,1,1.0000,1.0000,1,22.844,1.825
3609,complete_bipartite,rigid,18,80,10,8,8,1.0000,1.0000,1,82.215,6.502
3610,crown,rigid,8,12,3,2,2,1.0000,1.0000,1,10.860,17.528
3611,double_star,rigid,15,14,10,5,5,1.0000,1.0000,1,25.967,2.607
3612,erdos_renyi,random,11,4,2,7,7,1.0000,2.0000,1,22.106,2.309
3613,barabasi_albert,random,27,26,8,11,11,1.0000,8.0000,1,69.801,3.288
3614,random_tree,random,28,27,4,11,11,1.0000,4.0000,1,79.332,22.466
3615,path,bounded,29,28,2,10,10,1.0000,2.0000,1,66.324,25.525
3616,cycle,bounded,37,37,2,13,13,1.0000,2.0000,1,84.317,31.168
3617,ladder,bounded,4,4,2,2,2,1.0000,3.0000,1,11.800,2.340
3618,grid,bounded,6,7,3,2,2,1.0000,4.0000,1,13.006,15.048
3619,regular,bounded,24,36,3,7,7,1.0000,3.0000,1,41.950,26.945
3620,balanced_tree,bounded,15,14,3,5,5,1.0000,3.0000,1,32.765,31.970
3621,lollipop,bounded,15,35,8,3,3,1.0000,8.0000,1,24.033,32.472
3622,clique,rigid,12,66,11,1,1,1.0000,1.0000,1,47.912,4.590
3623,star,rigid,11,10,10,1,1,1.0000,1.0000,1,22.116,3.114
3624,complete_bipartite,rigid,23,132,12,11,11,1.0000,1.0000,1,143.706,6.408
3625,crown,rigid,10,20,4,2,2,1.0000,1.0000,1,20.698,16.925
3626,double_star,rigid,25,24,13,12,12,1.0000,1.0000,1,44.806,4.027
3627,erdos_renyi,random,25,40,6,8,8,1.0000,6.0000,1,88.215,14.289
3628,barabasi_albert,random,27,26,11,11,11,1.0000,11.0000,1,60.407,1.928
3629,random_tree,random,33,32,5,12,12,1.0000,5.0000,1,78.122,23.498
3630,path,bounded,35,34,2,12,12,1.0000,2.0000,1,74.180,15.208
3631,cycle,bounded,32,32,2,11,11,1.0000,2.0000,1,73.433,18.865
3632,ladder,bounded,30,43,3,8,8,1.0000,3.0000,1,88.416,17.661
3633,grid,bounded,12,17,4,4,4,1.0000,4.0000,1,25.322,15.568
3634,regular,bounded,30,45,3,8,8,1.0000,3.0000,1,86.084,31.890
3635,balanced_tree,bounded,15,14,3,5,5,1.0000,3.0000,1,17.858,15.951
3636,lollipop,bounded,15,20,5,4,4,1.0000,5.0000,1,18.884,25.769
3637,clique,rigid,14,91,13,1,1,1.0000,1.0000,1,31.393,4.244
3638,star,rigid,3,2,2,1,1,1.0000,1.0000,1,11.682,3.016
3639,complete_bipartite,rigid,9,8,8,1,1,1.0000,1.0000,1,11.276,2.151
3640,crown,rigid,4,2,1,2,2,1.0000,1.0000,1,6.540,3.675
3641,double_star,rigid,20,19,13,7,7,1.0000,1.0000,1,30.346,2.822
3642,erdos_renyi,random,21,38,8,7,7,1.0000,8.0000,1,37.993,23.569
3643,barabasi_albert,random,23,42,12,6,6,1.0000,12.0000,1,67.369,11.700
3644,random_tree,random,28,27,5,11,11,1.0000,5.0000,1,60.286,3.123
3645,path,bounded,39,38,2,13,13,1.0000,2.0000,1,89.221,15.218
3646,cycle,bounded,23,23,2,8,8,1.0000,2.0000,1,32.574,17.008
3647,ladder,bounded,34,49,3,9,9,1.0000,3.0000,1,70.700,14.870
3648,grid,bounded,12,17,4,4,4,1.0000,4.0000,1,38.393,15.646
3649,regular,bounded,26,26,2,9,9,1.0000,2.0000,1,54.889,22.586
3650,balanced_tree,bounded,15,14,3,5,5,1.0000,3.0000,1,27.541,34.164
3651,lollipop,bounded,13,27,7,3,3,1.0000,7.0000,1,18.831,27.715
3652,clique,rigid,7,21,6,1,1,1.0000,1.0000,1,17.888,3.058
3653,star,rigid,29,28,28,1,1,1.0000,1.0000,1,39.653,2.497
3654,complete_bipartite,rigid,15,56,8,7,7,1.0000,1.0000,1,46.678,5.457
3655,crown,rigid,6,6,2,2,2,1.0000,1.0000,1,12.025,16.456
3656,double_star,rigid,11,10,8,3,3,1.0000,1.0000,1,15.213,1.605
3657,erdos_renyi,random,25,53,8,6,6,1.0000,8.0000,1,73.135,35.780
3658,barabasi_albert,random,28,27,6,12,12,1.0000,6.0000,1,78.995,2.719
3659,random_tree,random,12,11,3,5,5,1.0000,3.0000,1,21.066,1.994
3660,path,bounded,31,30,2,11,11,1.0000,2.0000,1,81.176,16.673
3661,cycle,bounded,15,15,2,5,5,1.0000,2.0000,1,30.261,25.710
3662,ladder,bounded,36,52,3,10,10,1.0000,3.0000,1,139.757,43.346
3663,grid,bounded,18,27,4,6,6,1.0000,4.0000,1,44.535,29.037
3664,regular,bounded,30,45,3,9,8,1.1250,3.0000,1,97.828,32.080
3665,balanced_tree,bounded,13,12,4,3,3,1.0000,4.0000,1,15.102,1.622
3666,lollipop,bounded,11,13,4,3,3,1.0000,4.0000,1,14.492,30.137
3667,clique,rigid,11,55,10,1,1,1.0000,1.0000,1,22.068,3.369
3668,star,rigid,30,29,29,1,1,1.0000,1.0000,1,29.520,1.936
3669,complete_bipartite,rigid,13,42,7,6,6,1.0000,1.0000,1,28.276,2.094
3670,crown,rigid,12,30,5,2,2,1.0000,1.0000,1,31.414,18.503
3671,double_star,rigid,13,12,9,4,4,1.0000,1.0000,1,14.654,1.525
3672,erdos_renyi,random,29,121,13,4,4,1.0000,13.0000,1,175.254,20.989
3673,barabasi_albert,random,9,14,4,3,3,1.0000,4.0000,1,27.089,51.576
3674,random_tree,random,5,4,3,2,2,1.0000,3.0000,1,11.682,1.547
3675,path,bounded,10,9,2,4,4,1.0000,2.0000,1,22.806,20.266
3676,cycle,bounded,13,13,2,5,5,1.0000,2.0000,1,15.973,26.272
3677,ladder,bounded,32,46,3,9,9,1.0000,3.0000,1,120.506,26.433
3678,grid,bounded,4,4,2,2,2,1.0000,4.0000,1,8.889,2.044
3679,regular,bounded,6,9,3,2,2,1.0000,3.0000,1,7.243,12.084
3680,balanced_tree,bounded,15,14,3,5,5,1.0000,3.0000,1,20.079,16.260
3681,lollipop,bounded,16,36,8,4,4,1.0000,8.0000,1,31.076,26.456
3682,clique,rigid,13,78,12,1,1,1.0000,1.0000,1,24.025,2.779
3683,star,rigid,15,14,14,1,1,1.0000,1.0000,1,16.087,2.673
3684,complete_bipartite,rigid,11,28,7,4,4,1.0000,1.0000,1,20.301,1.866
3685,crown,rigid,10,20,4,2,2,1.0000,1.0000,1,13.724,14.182
3686,double_star,rigid,23,22,13,10,10,1.0000,1.0000,1,36.035,2.753
3687,erdos_renyi,random,9,7,3,4,4,1.0000,3.0000,1,19.019,4.344
3688,barabasi_albert,random,14,13,7,5,5,1.0000,7.0000,1,30.537,1.632
3689,random_tree,random,28,27,3,10,10,1.0000,3.0000,1,44.118,15.480
3690,path,bounded,2,1,1,1,1,1.0000,2.0000,1,3.411,1.596
3691,cycle,bounded,31,31,2,11,11,1.0000,2.0000,1,69.601,33.525
3692,ladder,bounded,22,31,3,6,6,1.0000,3.0000,1,54.665,17.565
3693,grid,bounded,6,7,3,2,2,1.0000,4.0000,1,11.452,19.976
3694,regular,bounded,30,75,5,6,6,1.0000,5.0000,1,168.733,189.311
3695,balanced_tree,bounded,13,12,4,3,3,1.0000,4.0000,1,25.984,3.451
3696,lollipop,bounded,12,21,6,3,3,1.0000,6.0000,1,23.306,33.343
3697,clique,rigid,3,3,2,1,1,1.0000,1.0000,1,8.056,3.026
3698,star,rigid,27,26,26,1,1,1.0000,1.0000,1,42.210,3.482
3699,complete_bipartite,rigid,15,50,10,5,5,1.0000,1.0000,1,41.962,4.994
3700,crown,rigid,4,2,1,2,2,1.0000,1.0000,1,11.565,2.599
3701,double_star,rigid,20,19,11,9,9,1.0000,1.0000,1,21.512,1.596
3702,erdos_renyi,random,11,17,6,3,3,1.0000,6.0000,1,13.810,23.899
3703,barabasi_albert,random,31,58,13,10,10,1.0000,13.0000,1,128.380,29.848
3704,random_tree,random,7,6,3,2,2,1.0000,3.0000,1,15.376,3.153
3705,path,bounded,14,13,2,5,5,1.0000,2.0000,1,41.676,19.079
3706,cycle,bounded,32,32,2,11,11,1.0000,2.0000,1,73.798,17.137
3707,ladder,bounded,20,28,3,6,6,1.0000,3.0000,1,63.926,28.500
3708,grid,bounded,10,13,3,3,3,1.0000,4.0000,1,16.825,25.766
3709,regular,bounded,19,38,4,5,5,1.0000,4.0000,1,39.378,19.608
3710,balanced_tree,bounded,15,14,3,5,5,1.0000,3.0000,1,34.993,18.262
3711,lollipop,bounded,9,14,5,2,2,1.0000,5.0000,1,11.383,1.664
3712,clique,rigid,10,45,9,1,1,1.0000,1.0000,1,21.500,3.967
3713,star,rigid,11,10,10,1,1,1.0000,1.0000,1,14.726,2.903
3714,complete_bipartite,rigid,9,14,7,2,2,1.0000,1.0000,1,22.257,2.171
3715,crown,rigid,12,30,5,2,2,1.0000,1.0000,1,30.798,21.439
3716,double_star,rigid,11,10,7,4,4,1.0000,1.0000,1,39.639,10.207
3717,erdos_renyi,random,14,15,4,5,5,1.0000,4.0000,1,54.416,24.372
3718,barabasi_albert,random,12,20,7,3,3,1.0000,7.0000,1,26.338,13.159
3719,random_tree,random,20,19,5,9,9,1.0000,5.0000,1,36.562,3.278
3720,path,bounded,3,2,2,1,1,1.0000,2.0000,1,9.652,3.117
3721,cycle,bounded,24,24,2,8,8,1.0000,2.0000,1,72.649,31.783
3722,ladder,bounded,8,10,3,3,3,1.0000,3.0000,1,12.356,13.375
3723,grid,bounded,15,22,4,4,4,1.0000,4.0000,1,53.073,16.664
3724,regular,bounded,12,30,5,2,2,1.0000,5.0000,1,18.344,11.405
3725,balanced_tree,bounded,13,12,4,3,3,1.0000,4.0000,1,32.608,4.828
3726,lollipop,bounded,12,26,7,3,3,1.0000,7.0000,1,26.412,28.571
3727,clique,rigid,5,10,4,1,1,1.0000,1.0000,1,7.498,3.115
3728,star,rigid,23,22,22,1,1,1.0000,1.0000,1,35.559,3.135
3729,complete_bipartite,rigid,12,32,8,4,4,1.0000,1.0000,1,22.719,2.123
3730,crown,rigid,8,12,3,2,2,1.0000,1.0000,1,9.033,19.494
3731,double_star,rigid,23,22,13,10,10,1.0000,1.0000,1,49.532,3.198
3732,erdos_renyi,random,15,10,2,6,6,1.0000,2.0000,1,28.357,1.956
3733,barabasi_albert,random,30,29,8,11,11,1.0000,8.0000,1,131.946,11.689
3734,random_tree,random,8,7,3,3,3,1.0000,3.0000,1,20.356,2.621
3735,path,bounded,23,22,2,8,8,1.0000,2.0000,1,37.833,13.732
3736,cycle,bounded,16,16,2,6,6,1.0000,2.0000,1,36.585,30.989
3737,ladder,bounded,26,37,3,7,7,1.0000,3.0000,1,110.032,21.326
3738,grid,bounded,12,16,3,4,4,1.0000,4.0000,1,29.169,30.173
3739,regular,bounded,27,54,4,6,6,1.0000,4.0000,1,116.709,58.263
3740,balanced_tree,bounded,13,12,4,3,3,1.0000,4.0000,1,25.108,3.506
3741,lollipop,bounded,12,17,5,3,3,1.0000,5.0000,1,17.668,19.303
3742,clique,rigid,3,3,2,1,1,1.0000,1.0000,1,4.968,1.465
3743,star,rigid,18,17,17,1,1,1.0000,1.0000,1,19.986,2.814
3744,complete_bipartite,rigid,17,60,12,5,5,1.0000,1.0000,1,57.605,5.088
3745,crown,rigid,6,6,2,2,2,1.0000,1.0000,1,14.146,29.640
3746,double_star,rigid,12,11,8,4,4,1.0000,1.0000,1,21.507,1.589
3747,erdos_renyi,random,27,52,9,7,7,1.0000,9.0000,1,104.806,29.654
3748,barabasi_albert,random,20,19,6,8,8,1.0000,6.0000,1,43.185,2.652
3749,random_tree,random,11,10,3,4,4,1.0000,3.0000,1,29.565,28.516
3750,path,bounded,8,7,2,3,3,1.0000,2.0000,1,19.697,17.941
3751,cycle,bounded,15,15,2,5,5,1.0000,2.0000,1,30.273,16.575
3752,ladder,bounded,26,37,3,7,7,1.0000,3.0000,1,75.108,30.899
3753,grid,bounded,12,16,3,4,4,1.0000,4.0000,1,36.861,22.717
3754,regular,bounded,14,28,4,3,3,1.0000,4.0000,1,40.138,20.336
3755,balanced_tree,bounded,15,14,3,5,5,1.0000,3.0000,1,41.396,36.855
3756,lollipop,bounded,19,33,7,5,5,1.0000,7.0000,1,34.604,24.142
3757,clique,rigid,14,91,13,1,1,1.0000,1.0000,1,30.358,2.860
3758,star,rigid,24,23,23,1,1,1.0000,1.0000,1,32.368,1.863
3759,complete_bipartite,rigid,8,7,7,1,1,1.0000,1.0000,1,7.401,1.436
3760,crown,rigid,12,30,5,2,2,1.0000,1.0000,1,18.947,23.005
3761,double_star,rigid,19,18,13,6,6,1.0000,1.0000,1,32.027,1.714
3762,erdos_renyi,random,15,17,4,5,5,1.0000,4.0000,1,20.368,18.827
3763,barabasi_albert,random,31,30,5,12,12,1.0000,5.0000,1,70.275,4.242
3764,random_tree,random,29,28,5,11,11,1.0000,5.0000,1,75.605,32.319
3765,path,bounded,25,24,2,9,9,1.0000,2.0000,1,42.770,24.096
3766,cycle,bounded,38,38,2,13,13,1.0000,2.0000,1,107.545,24.201
3767,ladder,bounded,24,34,3,7,7,1.0000,3.0000,1,68.603,16.332
3768,grid,bounded,10,13,3,3,3,1.0000,4.0000,1,19.185,25.394
3769,regular,bounded,17,34,4,4,4,1.0000,4.0000,1,41.108,38.031
3770,balanced_tree,bounded,13,12,4,3,3,1.0000,4.0000,1,27.540,2.866
3771,lollipop,bounded,14,34,8,3,3,1.0000,8.0000,1,33.790,18.694
3772,clique,rigid,14,91,13,1,1,1.0000,1.0000,1,42.728,5.546
3773,star,rigid,18,17,17,1,1,1.0000,1.0000,1,34.088,1.756
3774,complete_bipartite,rigid,12,32,8,4,4,1.0000,1.0000,1,27.304,3.132
3775,crown,rigid,4,2,1,2,2,1.0000,1.0000,1,8.982,2.571
3776,double_star,rigid,7,6,5,2,2,1.0000,1.0000,1,14.460,3.078
3777,erdos_renyi,random,30,106,11,5,5,1.0000,11.0000,1,155.744,22.068
3778,barabasi_albert,random,17,16,8,6,6,1.0000,8.0000,1,29.588,2.612
3779,random_tree,random,6,5,3,3,3,1.0000,3.0000,1,13.485,2.207
3780,path,bounded,3,2,2,1,1,1.0000,2.0000,1,5.070,1.431
3781,cycle,bounded,7,7,2,3,3,1.0000,2.0000,1,7.677,15.878
3782,ladder,bounded,20,28,3,6,6,1.0000,3.0000,1,37.688,22.640
3783,grid,bounded,10,13,3,3,3,1.0000,4.0000,1,24.623,16.191
3784,regular,bounded,17,17,2,6,6,1.0000,2.0000,1,38.314,15.735
3785,balanced_tree,bounded,15,14,3,5,5,1.0000,3.0000,1,33.200,26.363
3786,lollipop,bounded,15,35,8,3,3,1.0000,8.0000,1,24.940,25.886
3787,clique,rigid,5,10,4,1,1,1.0000,1.0000,1,10.442,2.937
3788,star,rigid,5,4,4,1,1,1.0000,1.0000,1,14.854,5.274
3789,complete_bipartite,rigid,8,16,4,4,4,1.0000,1.0000,1,17.848,2.521
3790,crown,rigid,8,12,3,2,2,1.0000,1.0000,1,11.834,14.664
3791,double_star,rigid,15,14,8,7,7,1.0000,1.0000,1,17.115,1.581
3792,erdos_renyi,random,15,15,4,6,6,1.0000,4.0000,1,18.915,13.360
3793,barabasi_albert,random,23,22,7,11,11,1.0000,7.0000,1,58.969,3.006
3794,random_tree,random,11,10,3,4,4,1.0000,3.0000,1,18.124,2.167
3795,path,bounded,2,1,1,1,1,1.0000,2.0000,1,2.557,1.249
3796,cycle,bounded,11,11,2,4,4,1.0000,2.0000,1,18.861,29.191
3797,ladder,bounded,12,16,3,4,4,1.0000,3.0000,1,36.369,26.106
3798,grid,bounded,25,40,4,7,7,1.0000,4.0000,1,69.556,23.191
3799,regular,bounded,18,18,2,6,6,1.0000,2.0000,1,45.870,31.863
3800,balanced_tree,bounded,15,14,3,5,5,1.0000,3.0000,1,37.066,31.022
3801,lollipop,bounded,8,17,6,2,2,1.0000,6.0000,1,25.044,3.428
3802,clique,rigid,3,3,2,1,1,1.0000,1.0000,1,7.151,1.944
3803,star,rigid,24,23,23,1,1,1.0000,1.0000,1,37.020,2.518
3804,complete_bipartite,rigid,15,54,9,6,6,1.0000,1.0000,1,49.680,4.636
3805,crown,rigid,8,12,3,2,2,1.0000,1.0000,1,18.562,29.550
3806,double_star,rigid,15,14,9,6,6,1.0000,1.0000,1,37.951,3.627
3807,erdos_renyi,random,31,74,9,6,6,1.0000,9.0000,1,128.920,18.845
3808,barabasi_albert,random,16,15,8,7,7,1.0000,8.0000,1,19.787,1.779
3809,random_tree,random,20,19,3,6,6,1.0000,3.0000,1,59.118,25.821
3810,path,bounded,40,39,2,14,14,1.0000,2.0000,1,86.995,14.838
3811,cycle,bounded,11,11,2,4,4,1.0000,2.0000,1,25.882,33.356
3812,ladder,bounded,12,16,3,4,4,1.0000,3.0000,1,18.710,22.565
3813,grid,bounded,8,10,3,3,3,1.0000,4.0000,1,14.742,21.365
3814,regular,bounded,8,12,3,2,2,1.0000,3.0000,1,7.989,13.778
3815,balanced_tree,bounded,13,12,4,3,3,1.0000,4.0000,1,17.438,1.732
3816,lollipop,bounded,9,18,6,2,2,1.0000,6.0000,1,10.160,1.489
3817,clique,rigid,14,91,13,1,1,1.0000,1.0000,1,21.878,2.075
3818,star,rigid,26,25,25,1,1,1.0000,1.0000,1,21.297,1.794
3819,complete_bipartite,rigid,18,77,11,7,7,1.0000,1.0000,1,47.059,2.607
3820,crown,rigid,4,2,1,2,2,1.0000,1.0000,1,5.584,1.296
3821,double_star,rigid,13,12,10,3,3,1.0000,1.0000,1,17.091,3.217
3822,erdos_renyi,random,28,61,8,8,8,1.0000,8.0000,1,118.611,32.075
3823,barabasi_albert,random,21,20,4,9,9,1.0000,4.0000,1,66.155,3.883
3824,random_tree,random,33,32,5,12,12,1.0000,5.0000,1,102.050,17.395
3825,path,bounded,30,29,2,10,10,1.0000,2.0000,1,44.153,17.361
3826,cycle,bounded,18,18,2,6,6,1.0000,2.0000,1,37.138,16.284
3827,ladder,bounded,14,19,3,4,4,1.0000,3.0000,1,29.635,15.205
3828,grid,bounded,6,7,3,2,2,1.0000,4.0000,1,8.895,32.740
3829,regular,bounded,16,16,2,6,6,1.0000,2.0000,1,29.935,23.439
3830,balanced_tree,bounded,13,12,4,3,3,1.0000,4.0000,1,21.054,1.852
3831,lollipop,bounded,13,13,3,4,4,1.0000,3.0000,1,22.364,27.483
3832,clique,rigid,3,3,2,1,1,1.0000,1.0000,1,6.751,3.425
3833,star,rigid,4,3,3,1,1,1.0000,1.0000,1,11.953,2.140
3834,complete_bipartite,rigid,12,11,11,1,1,1.0000,1.0000,1,21.575,3.032
3835,crown,rigid,12,30,5,2,2,1.0000,1.0000,1,31.786,20.976
3836,double_star,rigid,7,6,5,2,2,1.0000,1.0000,1,14.298,3.220
3837,erdos_renyi,random,34,182,15,4,4,1.0000,15.0000,1,250.908,82.686
3838,barabasi_albert,random,14,13,5,6,6,1.0000,5.0000,1,34.771,3.210
3839,random_tree,random,27,26,5,9,9,1.0000,5.0000,1,59.072,20.502
3840,path,bounded,37,36,2,13,13,1.0000,2.0000,1,99.450,26.829
3841,cycle,bounded,36,36,2,12,12,1.0000,2.0000,1,79.479,31.765
3842,ladder,bounded,4,4,2,2,2,1.0000,3.0000,1,11.799,3.300
3843,grid,bounded,15,22,4,4,4,1.0000,4.0000,1,43.209,19.149
3844,regular,bounded,12,24,4,3,3,1.0000,4.0000,1,33.121,16.778
3845,balanced_tree,bounded,15,14,3,5,5,1.0000,3.0000,1,21.638,25.828
3846,lollipop,bounded,9,14,5,2,2,1.0000,5.0000,1,13.528,1.552
3847,clique,rigid,11,55,10,1,1,1.0000,1.0000,1,14.963,3.123
3848,star,rigid,9,8,8,1,1,1.0000,1.0000,1,20.379,2.069
3849,complete_bipartite,rigid,10,9,9,1,1,1.0000,1.0000,1,20.237,3.010
3850,crown,rigid,8,12,3,2,2,1.0000,1.0000,1,14.532,19.434
3851,double_star,rigid,7,6,5,2,2,1.0000,1.0000,1,15.159,3.191
3852,erdos_renyi,random,31,49,6,10,10,1.0000,6.0000,1,110.543,31.505
3853,barabasi_albert,random,23,22,4,8,8,1.0000,4.0000,1,58.401,3.237
3854,random_tree,random,38,37,4,14,14,1.0000,4.0000,1,117.847,30.049
3855,path,bounded,4,3,2,2,2,1.0000,2.0000,1,9.616,2.669
3856,cycle,bounded,20,20,2,7,7,1.0000,2.0000,1,26.503,21.721
3857,ladder,bounded,14,19,3,4,4,1.0000,3.0000,1,36.083,15.395
3858,grid,bounded,15,22,4,4,4,1.0000,4.0000,1,31.286,12.446
3859,regular,bounded,26,39,3,7,7,1.0000,3.0000,1,42.864,28.407
3860,balanced_tree,bounded,15,14,3,5,5,1.0000,3.0000,1,38.441,27.931
3861,lollipop,bounded,10,10,3,3,3,1.0000,3.0000,1,18.775,23.824
3862,clique,rigid,11,55,10,1,1,1.0000,1.0000,1,28.004,4.223
3863,star,rigid,22,21,21,1,1,1.0000,1.0000,1,27.303,1.648
3864,complete_bipartite,rigid,18,72,12,6,6,1.0000,1.0000,1,51.605,4.935
3865,crown,rigid,10,20,4,2,2,1.0000,1.0000,1,24.690,26.143
3866,double_star,rigid,10,9,6,4,4,1.0000,1.0000,1,24.540,3.139
3867,erdos_renyi,random,13,34,10,3,3,1.0000,10.0000,1,30.977,12.162
3868,barabasi_albert,random,29,28,10,12,12,1.0000,10.0000,1,83.954,4.135
3869,random_tree,random,7,6,3,2,2,1.0000,3.0000,1,46.476,1.804
3870,path,bounded,37,36,2,13,13,1.0000,2.0000,1,102.777,13.267
3871,cycle,bounded,31,31,2,11,11,1.0000,2.0000,1,74.600,27.120
3872,ladder,bounded,6,7,3,2,2,1.0000,3.0000,1,14.872,20.777
3873,grid,bounded,6,7,3,2,2,1.0000,4.0000,1,8.243,13.258
3874,regular,bounded,6,12,4,2,2,1.0000,4.0000,1,9.489,1.442
3875,balanced_tree,bounded,13,12,4,3,3,1.0000,4.0000,1,20.066,1.772
3876,lollipop,bounded,15,24,6,4,4,1.0000,6.0000,1,20.040,15.481
3877,clique,rigid,10,45,9,1,1,1.0000,1.0000,1,31.968,4.155
3878,star,rigid,15,14,14,1,1,1.0000,1.0000,1,27.824,3.395
3879,complete_bipartite,rigid,11,30,6,5,5,1.0000,1.0000,1,25.911,2.568
3880,crown,rigid,10,20,4,2,2,1.0000,1.0000,1,22.717,28.061
3881,double_star,rigid,15,14,12,3,3,1.0000,1.0000,1,32.533,3.718
3882,erdos_renyi,random,13,28,7,3,3,1.0000,7.0000,1,38.508,28.969
3883,barabasi_albert,random,18,17,8,7,7,1.0000,8.0000,1,23.463,1.866
3884,random_tree,random,25,24,5,9,9,1.0000,5.0000,1,52.462,21.755
3885,path,bounded,21,20,2,7,7,1.0000,2.0000,1,44.332,26.353
3886,cycle,bounded,19,19,2,7,7,1.0000,2.0000,1,50.546,33.557
3887,ladder,bounded,18,25,3,5,5,1.0000,3.0000,1,57.798,29.082
3888,grid,bounded,8,10,3,3,3,1.0000,4.0000,1,24.028,14.690
3889,regular,bounded,15,15,2,6,6,1.0000,2.0000,1,34.819,16.675
3890,balanced_tree,bounded,15,14,3,5,5,1.0000,3.0000,1,19.209,17.391
3891,lollipop,bounded,6,6,3,2,2,1.0000,3.0000,1,7.868,1.409
3892,clique,rigid,4,6,3,1,1,1.0000,1.0000,1,6.040,3.085
3893,star,rigid,18,17,17,1,1,1.0000,1.0000,1,32.989,2.266
3894,complete_bipartite,rigid,17,70,10,7,7,1.0000,1.0000,1,74.778,6.793
3895,crown,rigid,6,6,2,2,2,1.0000,1.0000,1,8.544,28.383
3896,double_star,rigid,24,23,13,11,11,1.0000,1.0000,1,26.963,1.695
3897,erdos_renyi,random,32,131,13,5,5,1.0000,13.0000,1,157.186,128.793
3898,barabasi_albert,random,28,27,9,12,12,1.0000,9.0000,1,81.308,3.532
3899,random_tree,random,12,11,5,5,5,1.0000,5.0000,1,27.581,2.849
3900,path,bounded,14,13,2,5,5,1.0000,2.0000,1,25.434,24.832
3901,cycle,bounded,14,14,2,5,5,1.0000,2.0000,1,30.807,13.930
3902,ladder,bounded,18,25,3,5,5,1.0000,3.0000,1,28.329,27.099
3903,grid,bounded,8,10,3,3,3,1.0000,4.0000,1,17.041,17.726
3904,regular,bounded,10,15,3,3,3,1.0000,3.0000,1,24.310,27.718
3905,balanced_tree,bounded,13,12,4,3,3,1.0000,4.0000,1,19.845,1.868
3906,lollipop,bounded,16,30,7,4,4,1.0000,7.0000,1,29.097,14.760
3907,clique,rigid,11,55,10,1,1,1.0000,1.0000,1,16.650,1.952
3908,star,rigid,22,21,21,1,1,1.0000,1.0000,1,37.929,3.664
3909,complete_bipartite,rigid,10,21,7,3,3,1.0000,1.0000,1,31.670,3.724
3910,crown,rigid,8,12,3,2,2,1.0000,1.0000,1,9.068,13.390
3911,double_star,rigid,5,4,3,2,2,1.0000,1.0000,1,7.231,1.742
3912,erdos_renyi,random,28,77,10,5,5,1.0000,10.0000,1,69.604,24.633
3913,barabasi_albert,random,28,27,8,11,11,1.0000,8.0000,1,65.655,1.919
3914,random_tree,random,23,22,4,9,9,1.0000,4.0000,1,54.884,2.128
3915,path,bounded,15,14,2,5,5,1.0000,2.0000,1,25.879,22.042
3916,cycle,bounded,16,16,2,6,6,1.0000,2.0000,1,30.678,14.400
3917,ladder,bounded,16,22,3,5,5,1.0000,3.0000,1,40.711,26.960
3918,grid,bounded,18,27,4,6,6,1.0000,4.0000,1,41.714,40.974
3919,regular,bounded,6,15,5,1,1,1.0000,5.0000,1,11.043,2.140
3920,balanced_tree,bounded,13,12,4,3,3,1.0000,4.0000,1,19.442,2.094
3921,lollipop,bounded,13,33,8,3,3,1.0000,8.0000,1,32.192,26.096
3922,clique,rigid,9,36,8,1,1,1.0000,1.0000,1,17.726,3.273
3923,star,rigid,17,16,16,1,1,1.0000,1.0000,1,17.814,3.209
3924,complete_bipartite,rigid,14,49,7,7,7,1.0000,1.0000,1,47.318,2.203
3925,crown,rigid,4,2,1,2,2,1.0000,1.0000,1,4.956,1.174
3926,double_star,rigid,15,14,13,2,2,1.0000,1.0000,1,13.513,1.319
3927,erdos_renyi,random,24,90,11,4,4,1.0000,11.0000,1,113.611,50.893
3928,barabasi_albert,random,22,21,6,10,10,1.0000,6.0000,1,48.906,2.710
3929,random_tree,random,22,21,3,9,9,1.0000,3.0000,1,36.844,15.368
3930,path,bounded,2,1,1,1,1,1.0000,2.0000,1,3.492,1.552
3931,cycle,bounded,19,19,2,7,7,1.0000,2.0000,1,22.939,14.433
3932,ladder,bounded,20,28,3,6,6,1.0000,3.0000,1,42.841,29.796
3933,grid,bounded,15,22,4,4,4,1.0000,4.0000,1,21.408,15.119
3934,regular,bounded,32,32,2,12,12,1.0000,2.0000,1,44.065,36.818
3935,balanced_tree,bounded,13,12,4,3,3,1.0000,4.0000,1,23.978,2.608
3936,lollipop,bounded,14,28,7,3,3,1.0000,7.0000,1,46.284,15.393
3937,clique,rigid,8,28,7,1,1,1.0000,1.0000,1,13.082,1.822
3938,star,rigid,6,5,5,1,1,1.0000,1.0000,1,6.273,1.475
3939,complete_bipartite,rigid,14,45,9,5,5,1.0000,1.0000,1,29.628,2.860
3940,crown,rigid,4,2,1,2,2,1.0000,1.0000,1,4.987,1.239
3941,double_star,rigid,17,16,11,6,6,1.0000,1.0000,1,16.166,1.384
3942,erdos_renyi,random,13,25,6,3,3,1.0000,6.0000,1,18.638,11.644
3943,barabasi_albert,random,27,50,14,7,7,1.0000,14.0000,1,52.340,12.453
3944,random_tree,random,23,22,4,9,9,1.0000,4.0000,1,32.857,25.087
3945,path,bounded,24,23,2,8,8,1.0000,2.0000,1,64.284,25.436
3946,cycle,bounded,40,40,2,14,14,1.0000,2.0000,1,70.661,17.870
3947,ladder,bounded,6,7,3,2,2,1.0000,3.0000,1,7.508,13.577
3948,grid,bounded,8,10,3,3,3,1.0000,4.0000,1,11.619,29.803
3949,regular,bounded,9,9,2,3,3,1.0000,2.0000,1,13.547,31.711
3950,balanced_tree,bounded,13,12,4,3,3,1.0000,4.0000,1,29.622,2.528
3951,lollipop,bounded,16,30,7,4,4,1.0000,7.0000,1,34.231,33.153
3952,clique,rigid,10,45,9,1,1,1.0000,1.0000,1,19.430,1.829
3953,star,rigid,27,26,26,1,1,1.0000,1.0000,1,21.324,1.524
3954,complete_bipartite,rigid,15,56,8,7,7,1.0000,1.0000,1,30.863,1.997
3955,crown,rigid,6,6,2,2,2,1.0000,1.0000,1,5.742,14.221
3956,double_star,rigid,23,22,12,11,11,1.0000,1.0000,1,30.310,4.001
3957,erdos_renyi,random,34,234,20,4,4,1.0000,20.0000,1,299.023,217.980
3958,barabasi_albert,random,31,58,16,9,9,1.0000,16.0000,1,95.519,12.043
3959,random_tree,random,35,34,5,11,11,1.0000,5.0000,1,76.470,15.741
3960,path,bounded,4,3,2,2,2,1.0000,2.0000,1,6.086,2.128
3961,cycle,bounded,21,21,2,7,7,1.0000,2.0000,1,54.944,31.686
3962,ladder,bounded,10,13,3,3,3,1.0000,3.0000,1,28.137,25.474
3963,grid,bounded,36,60,4,10,10,1.0000,4.0000,1,125.540,121.252
3964,regular,bounded,32,80,5,7,7,1.0000,5.0000,1,146.700,113.809
3965,balanced_tree,bounded,15,14,3,5,5,1.0000,3.0000,1,19.489,16.375
3966,lollipop,bounded,12,26,7,3,3,1.0000,7.0000,1,28.258,36.548
3967,clique,rigid,14,91,13,1,1,1.0000,1.0000,1,41.214,2.504
3968,star,rigid,30,29,29,1,1,1.0000,1.0000,1,59.416,3.384
3969,complete_bipartite,rigid,11,30,6,5,5,1.0000,1.0000,1,32.962,2.703
3970,crown,rigid,6,6,2,2,2,1.0000,1.0000,1,7.519,14.347
3971,double_star,rigid,12,11,10,2,2,1.0000,1.0000,1,11.055,1.278
3972,erdos_renyi,random,34,91,9,7,7,1.0000,9.0000,1,201.019,28.401
3973,barabasi_albert,random,17,16,6,6,6,1.0000,6.0000,1,22.249,1.842
3974,random_tree,random,35,34,4,14,14,1.0000,4.0000,1,70.204,15.786
3975,path,bounded,24,23,2,8,8,1.0000,2.0000,1,32.958,14.813
3976,cycle,bounded,25,25,2,9,9,1.0000,2.0000,1,36.231,14.593
3977,ladder,bounded,24,34,3,7,7,1.0000,3.0000,1,57.904,17.410
3978,grid,bounded,6,7,3,2,2,1.0000,4.0000,1,7.668,13.627
3979,regular,bounded,30,45,3,9,8,1.1250,3.0000,1,86.868,58.966
3980,balanced_tree,bounded,13,12,4,3,3,1.0000,4.0000,1,17.079,2.285
3981,lollipop,bounded,12,17,5,3,3,1.0000,5.0000,1,13.191,14.165
3982,clique,rigid,9,36,8,1,1,1.0000,1.0000,1,12.494,1.878
3983,star,rigid,3,2,2,1,1,1.0000,1.0000,1,8.575,3.179
3984,complete_bipartite,rigid,14,45,9,5,5,1.0000,1.0000,1,59.674,3.867
3985,crown,rigid,10,20,4,2,2,1.0000,1.0000,1,16.260,24.804
3986,double_star,rigid,14,13,7,7,7,1.0000,1.0000,1,29.916,4.207
3987,erdos_renyi,random,26,111,14,4,4,1.0000,14.0000,1,181.823,31.779
3988,barabasi_albert,random,27,26,13,10,10,1.0000,13.0000,1,44.335,1.889
3989,random_tree,random,37,36,6,14,14,1.0000,6.0000,1,105.549,20.390
3990,path,bounded,17,16,2,6,6,1.0000,2.0000,1,24.352,26.417
3991,cycle,bounded,32,32,2,11,11,1.0000,2.0000,1,85.901,35.384
3992,ladder,bounded,36,52,3,10,10,1.0000,3.0000,1,144.389,49.098
3993,grid,bounded,36,60,4,10,10,1.0000,4.0000,1,97.825,113.803
3994,regular,bounded,24,36,3,7,7,1.0000,3.0000,1,73.977,42.145
3995,balanced_tree,bounded,15,14,3,5,5,1.0000,3.0000,1,22.592,16.999
3996,lollipop,bounded,6,11,5,1,1,1.0000,5.0000,1,8.864,12.243
3997,clique,rigid,6,15,5,1,1,1.0000,1.0000,1,8.195,2.052
3998,star,rigid,18,17,17,1,1,1.0000,1.0000,1,31.656,2.132
3999,complete_bipartite,rigid,10,16,8,2,2,1.0000,1.0000,1,21.971,2.942
4000,crown,rigid,10,20,4,2,2,1.0000,1.0000,1,23.612,23.381
4001,double_star,rigid,23,22,12,11,11,1.0000,1.0000,1,39.879,1.699
4002,erdos_renyi,random,20,57,10,4,4,1.0000,10.0000,1,53.967,28.949
4003,barabasi_albert,random,8,7,4,4,4,1.0000,4.0000,1,22.379,3.846
4004,random_tree,random,12,11,3,5,5,1.0000,3.0000,1,28.211,15.834
4005,path,bounded,7,6,2,3,3,1.0000,2.0000,1,8.839,1.416
4006,cycle,bounded,34,34,2,12,12,1.0000,2.0000,1,69.695,35.615
4007,ladder,bounded,22,31,3,6,6,1.0000,3.0000,1,75.038,15.815
4008,grid,bounded,36,60,4,10,10,1.0000,4.0000,1,203.292,128.885
4009,regular,bounded,6,9,3,2,2,1.0000,3.0000,1,8.331,27.743
4010,balanced_tree,bounded,13,12,4,3,3,1.0000,4.0000,1,34.785,4.396
4011,lollipop,bounded,6,6,3,2,2,1.0000,3.0000,1,14.745,3.402
4012,clique,rigid,5,10,4,1,1,1.0000,1.0000,1,12.843,2.962
4013,star,rigid,19,18,18,1,1,1.0000,1.0000,1,29.993,1.515
4014,complete_bipartite,rigid,23,132,12,11,11,1.0000,1.0000,1,144.728,6.626
4015,crown,rigid,6,6,2,2,2,1.0000,1.0000,1,8.761,14.874
4016,double_star,rigid,14,13,12,2,2,1.0000,1.0000,1,23.508,3.963
4017,erdos_renyi,random,27,125,15,4,4,1.0000,15.0000,1,147.972,25.292
4018,barabasi_albert,random,20,36,11,7,7,1.0000,11.0000,1,32.784,13.069
4019,random_tree,random,27,26,4,10,10,1.0000,4.0000,1,41.175,3.086
4020,path,bounded,34,33,2,12,12,1.0000,2.0000,1,96.814,26.142
4021,cycle,bounded,24,24,2,8,8,1.0000,2.0000,1,53.086,30.608
4022,ladder,bounded,32,46,3,9,9,1.0000,3.0000,1,110.992,38.971
4023,grid,bounded,30,49,4,8,8,1.0000,4.0000,1,133.270,35.524
4024,regular,bounded,28,28,2,10,10,1.0000,2.0000,1,66.134,24.200
4025,balanced_tree,bounded,15,14,3,5,5,1.0000,3.0000,1,33.965,17.222
4026,lollipop,bounded,9,11,4,3,3,1.0000,4.0000,1,10.810,21.899
4027,clique,rigid,11,55,10,1,1,1.0000,1.0000,1,16.765,1.939
4028,star,rigid,25,24,24,1,1,1.0000,1.0000,1,20.631,1.728
4029,complete_bipartite,rigid,17,66,11,6,6,1.0000,1.0000,1,39.414,5.166
4030,crown,rigid,8,12,3,2,2,1.0000,1.0000,1,10.927,19.488
4031,double_star,rigid,20,19,12,8,8,1.0000,1.0000,1,23.619,1.810
4032,erdos_renyi,random,20,24,6,8,8,1.0000,6.0000,1,28.756,18.333
4033,barabasi_albert,random,15,14,9,4,4,1.0000,9.0000,1,17.489,1.598
4034,random_tree,random,12,11,3,5,5,1.0000,3.0000,1,13.172,1.467
4035,path,bounded,9,8,2,3,3,1.0000,2.0000,1,9.041,13.941
4036,cycle,bounded,18,18,2,6,6,1.0000,2.0000,1,22.119,14.769
4037,ladder,bounded,28,40,3,8,8,1.0000,3.0000,1,65.695,15.560
4038,grid,bounded,18,27,4,6,6,1.0000,4.0000,1,29.733,17.897
4039,regular,bounded,18,27,3,5,5,1.0000,3.0000,1,25.217,23.017
4040,balanced_tree,bounded,15,14,3,5,5,1.0000,3.0000,1,45.399,17.878
4041,lollipop,bounded,15,20,5,4,4,1.0000,5.0000,1,20.005,34.905
4042,clique,rigid,8,28,7,1,1,1.0000,1.0000,1,12.543,1.577
4043,star,rigid,3,2,2,1,1,1.0000,1.0000,1,6.776,2.402
4044,complete_bipartite,rigid,15,44,11,4,4,1.0000,1.0000,1,56.079,5.392
4045,crown,rigid,10,20,4,2,2,1.0000,1.0000,1,25.025,25.838
4046,double_star,rigid,14,13,9,5,5,1.0000,1.0000,1,33.412,2.538
4047,erdos_renyi,random,21,73,13,4,4,1.0000,13.0000,1,118.119,11.649
4048,barabasi_albert,random,32,60,11,9,9,1.0000,11.0000,1,100.434,14.069
4049,random_tree,random,39,38,4,13,13,1.0000,4.0000,1,79.859,16.261
4050,path,bounded,35,34,2,12,12,1.0000,2.0000,1,63.903,16.061
4051,cycle,bounded,25,25,2,9,9,1.0000,2.0000,1,39.701,17.354
4052,ladder,bounded,34,49,3,9,9,1.0000,3.0000,1,151.534,36.218
4053,grid,bounded,24,38,4,7,7,1.0000,4.0000,1,97.654,39.627
4054,regular,bounded,22,44,4,5,5,1.0000,4.0000,1,92.618,16.059
4055,balanced_tree,bounded,13,12,4,3,3,1.0000,4.0000,1,19.744,3.511
4056,lollipop,bounded,10,30,8,2,2,1.0000,8.0000,1,14.368,3.055
4057,clique,rigid,6,15,5,1,1,1.0000,1.0000,1,12.863,2.269
4058,star,rigid,24,23,23,1,1,1.0000,1.0000,1,44.543,5.465
4059,complete_bipartite,rigid,19,90,10,9,9,1.0000,1.0000,1,108.016,4.745
4060,crown,rigid,6,6,2,2,2,1.0000,1.0000,1,9.385,14.443
4061,double_star,rigid,10,9,5,5,5,1.0000,1.0000,1,16.027,4.478
4062,erdos_renyi,random,20,71,10,3,3,1.0000,10.0000,1,74.002,20.613
4063,barabasi_albert,random,11,10,5,5,5,1.0000,5.0000,1,22.203,2.892
4064,random_tree,random,3,2,2,1,1,1.0000,2.0000,1,4.231,1.378
4065,path,bounded,33,32,2,11,11,1.0000,2.0000,1,75.975,14.854
4066,cycle,bounded,30,30,2,10,10,1.0000,2.0000,1,58.664,23.340
4067,ladder,bounded,26,37,3,7,7,1.0000,3.0000,1,63.000,25.077
4068,grid,bounded,6,7,3,2,2,1.0000,4.0000,1,10.517,19.132
4069,regular,bounded,34,85,5,8,7,1.1429,5.0000,1,167.978,182.514
4070,balanced_tree,bounded,15,14,3,5,5,1.0000,3.0000,1,19.394,23.995
4071,lollipop,bounded,19,33,7,5,5,1.0000,7.0000,1,38.513,22.658
4072,clique,rigid,2,1,1,1,1,1.0000,1.0000,1,5.457,2.184
4073,star,rigid,2,1,1,1,1,1.0000,1.0000,1,2.794,1.674
4074,complete_bipartite,rigid,10,16,8,2,2,1.0000,1.0000,1,14.472,2.129
4075,crown,rigid,10,20,4,2,2,1.0000,1.0000,1,16.154,14.707
4076,double_star,rigid,9,8,7,2,2,1.0000,1.0000,1,16.972,3.964
4077,erdos_renyi,random,32,189,17,4,4,1.0000,17.0000,1,213.231,208.768
4078,barabasi_albert,random,31,58,17,8,8,1.0000,17.0000,1,116.321,18.692
4079,random_tree,random,28,27,5,11,11,1.0000,5.0000,1,66.491,23.461
4080,path,bounded,25,24,2,9,9,1.0000,2.0000,1,77.760,23.238
4081,cycle,bounded,16,16,2,6,6,1.0000,2.0000,1,32.937,22.812
4082,ladder,bounded,30,43,3,8,8,1.0000,3.0000,1,109.198,24.887
4083,grid,bounded,4,4,2,2,2,1.0000,4.0000,1,8.975,2.896
4084,regular,bounded,16,40,5,4,4,1.0000,5.0000,1,49.801,44.338
4085,balanced_tree,bounded,13,12,4,3,3,1.0000,4.0000,1,26.903,2.991
4086,lollipop,bounded,9,14,5,2,2,1.0000,5.0000,1,20.702,2.734
4087,clique,rigid,9,36,8,1,1,1.0000,1.0000,1,21.013,2.186
4088,star,rigid,13,12,12,1,1,1.0000,1.0000,1,13.907,2.385
4089,complete_bipartite,rigid,14,48,8,6,6,1.0000,1.0000,1,36.954,3.110
4090,crown,rigid,10,20,4,2,2,1.0000,1.0000,1,12.383,17.676
4091,double_star,rigid,8,7,6,2,2,1.0000,1.0000,1,11.998,4.301
4092,erdos_renyi,random,25,59,9,6,6,1.0000,9.0000,1,86.844,18.519
4093,barabasi_albert,random,20,36,12,7,7,1.0000,12.0000,1,59.220,38.183
4094,random_tree,random,5,4,2,2,2,1.0000,2.0000,1,9.428,2.138
4095,path,bounded,39,38,2,13,13,1.0000,2.0000,1,94.339,22.365
4096,cycle,bounded,27,27,2,9,9,1.0000,2.0000,1,58.301,36.030
4097,ladder,bounded,16,22,3,5,5,1.0000,3.0000,1,29.097,16.191
4098,grid,bounded,10,13,3,3,3,1.0000,4.0000,1,13.393,13.393
4099,regular,bounded,28,70,5,6,6,1.0000,5.0000,1,130.167,58.980
4100,balanced_tree,bounded,13,12,4,3,3,1.0000,4.0000,1,17.895,2.944
4101,lollipop,bounded,11,20,6,3,3,1.0000,6.0000,1,18.833,44.092
4102,clique,rigid,8,28,7,1,1,1.0000,1.0000,1,11.773,2.091
4103,star,rigid,10,9,9,1,1,1.0000,1.0000,1,16.652,2.535
4104,complete_bipartite,rigid,19,90,10,9,9,1.0000,1.0000,1,85.669,5.405
4105,crown,rigid,4,2,1,2,2,1.0000,1.0000,1,8.580,2.897
4106,double_star,rigid,15,14,12,3,3,1.0000,1.0000,1,27.598,4.150
4107,erdos_renyi,random,23,90,11,4,4,1.0000,11.0000,1,111.985,16.957
4108,barabasi_albert,random,25,46,12,6,6,1.0000,12.0000,1,96.120,29.604
4109,random_tree,random,31,30,4,13,13,1.0000,4.0000,1,111.374,1.959
4110,path,bounded,32,31,2,11,11,1.0000,2.0000,1,48.975,24.866
4111,cycle,bounded,29,29,2,10,10,1.0000,2.0000,1,109.250,18.913
4112,ladder,bounded,16,22,3,5,5,1.0000,3.0000,1,32.863,30.743
4113,grid,bounded,30,49,4,8,8,1.0000,4.0000,1,132.867,48.934
4114,regular,bounded,14,14,2,5,5,1.0000,2.0000,1,13.345,14.955
4115,balanced_tree,bounded,15,14,3,5,5,1.0000,3.0000,1,19.005,29.810
4116,lollipop,bounded,20,40,8,5,5,1.0000,8.0000,1,51.647,41.509
4117,clique,rigid,14,91,13,1,1,1.0000,1.0000,1,46.836,2.666
4118,star,rigid,4,3,3,1,1,1.0000,1.0000,1,5.563,1.465
4119,complete_bipartite,rigid,14,48,8,6,6,1.0000,1.0000,1,29.866,2.677
4120,crown,rigid,6,6,2,2,2,1.0000,1.0000,1,7.457,17.090
4121,double_star,rigid,19,18,10,9,9,1.0000,1.0000,1,22.417,1.790
4122,erdos_renyi,random,8,1,1,7,7,1.0000,1.0000,1,26.759,1.950
4123,barabasi_albert,random,20,36,10,4,4,1.0000,10.0000,1,39.671,18.078
4124,random_tree,random,8,7,4,4,4,1.0000,4.0000,1,12.640,1.603
4125,path,bounded,9,8,2,3,3,1.0000,2.0000,1,9.510,14.076
4126,cycle,bounded,23,23,2,8,8,1.0000,2.0000,1,57.467,28.339
4127,ladder,bounded,22,31,3,6,6,1.0000,3.0000,1,55.606,13.007
4128,grid,bounded,20,31,4,6,6,1.0000,4.0000,1,37.341,21.398
4129,regular,bounded,32,64,4,8,7,1.1429,4.0000,1,110.614,73.789
4130,balanced_tree,bounded,15,14,3,5,5,1.0000,3.0000,1,24.975,35.494
4131,lollipop,bounded,12,32,8,2,2,1.0000,8.0000,1,23.688,2.246
4132,clique,rigid,8,28,7,1,1,1.0000,1.0000,1,10.899,1.715
4133,star,rigid,22,21,21,1,1,1.0000,1.0000,1,21.152,2.313
4134,complete_bipartite,rigid,14,40,10,4,4,1.0000,1.0000,1,55.550,3.196
4135,crown,rigid,12,30,5,2,2,1.0000,1.0000,1,30.052,25.182
4136,double_star,rigid,5,4,3,2,2,1.0000,1.0000,1,15.925,3.678
4137,erdos_renyi,random,32,49,6,10,10,1.0000,6.0000,1,106.423,14.017
4138,barabasi_albert,random,12,20,7,3,3,1.0000,7.0000,1,17.071,11.514
4139,random_tree,random,5,4,2,2,2,1.0000,2.0000,1,7.137,1.354
4140,path,bounded,23,22,2,8,8,1.0000,2.0000,1,51.795,27.583
4141,cycle,bounded,36,36,2,12,12,1.0000,2.0000,1,64.210,14.742
4142,ladder,bounded,36,52,3,10,10,1.0000,3.0000,1,112.869,33.929
4143,grid,bounded,20,31,4,6,6,1.0000,4.0000,1,45.094,22.590
4144,regular,bounded,32,48,3,9,9,1.0000,3.0000,1,88.698,50.549
4145,balanced_tree,bounded,13,12,4,3,3,1.0000,4.0000,1,26.725,1.869
4146,lollipop,bounded,16,25,6,4,4,1.0000,6.0000,1,36.045,29.731
4147,clique,rigid,6,15,5,1,1,1.0000,1.0000,1,16.335,3.630
4148,star,rigid,26,25,25,1,1,1.0000,1.0000,1,34.455,2.157
4149,complete_bipartite,rigid,20,100,10,10,10,1.0000,1.0000,1,101.176,4.552
4150,crown,rigid,8,12,3,2,2,1.0000,1.0000,1,19.831,20.879
4151,double_star,rigid,20,19,12,8,8,1.0000,1.0000,1,30.115,4.611
4152,erdos_renyi,random,26,98,13,5,5,1.0000,13.0000,1,143.342,152.115
4153,barabasi_albert,random,21,38,11,7,6,1.1667,11.0000,1,43.680,21.694
4154,random_tree,random,38,37,5,15,15,1.0000,5.0000,1,141.118,26.366
4155,path,bounded,3,2,2,1,1,1.0000,2.0000,1,8.406,4.945
4156,cycle,bounded,31,31,2,11,11,1.0000,2.0000,1,110.241,28.397
4157,ladder,bounded,14,19,3,4,4,1.0000,3.0000,1,29.540,27.502
4158,grid,bounded,4,4,2,2,2,1.0000,4.0000,1,9.307,3.095
4159,regular,bounded,34,85,5,7,7,1.0000,5.0000,1,180.247,261.095
4160,balanced_tree,bounded,15,14,3,5,5,1.0000,3.0000,1,22.818,16.209
4161,lollipop,bounded,13,18,5,4,4,1.0000,5.0000,1,28.801,34.544
4162,clique,rigid,9,36,8,1,1,1.0000,1.0000,1,26.076,3.530
4163,star,rigid,9,8,8,1,1,1.0000,1.0000,1,15.266,2.434
4164,complete_bipartite,rigid,11,30,6,5,5,1.0000,1.0000,1,37.848,2.809
4165,crown,rigid,6,6,2,2,2,1.0000,1.0000,1,14.500,27.661
4166,double_star,rigid,11,10,9,2,2,1.0000,1.0000,1,30.485,2.199
4167,erdos_renyi,random,15,25,7,4,4,1.0000,7.0000,1,35.129,24.475
4168,barabasi_albert,random,13,22,8,4,4,1.0000,8.0000,1,34.828,14.097
4169,random_tree,random,9,8,4,4,4,1.0000,4.0000,1,10.691,1.629
4170,path,bounded,39,38,2,13,13,1.0000,2.0000,1,103.189,16.237
4171,cycle,bounded,3,3,2,1,1,1.0000,2.0000,1,4.445,1.152
4172,ladder,bounded,30,43,3,8,8,1.0000,3.0000,1,75.662,32.755
4173,grid,bounded,6,7,3,2,2,1.0000,4.0000,1,12.254,19.265
4174,regular,bounded,28,42,3,8,8,1.0000,3.0000,1,58.271,39.912
4175,balanced_tree,bounded,15,14,3,5,5,1.0000,3.0000,1,41.604,17.612
4176,lollipop,bounded,17,37,8,4,4,1.0000,8.0000,1,24.473,17.267
4177,clique,rigid,2,1,1,1,1,1.0000,1.0000,1,8.127,2.937
4178,star,rigid,7,6,6,1,1,1.0000,1.0000,1,14.907,3.051
4179,complete_bipartite,rigid,10,25,5,5,5,1.0000,1.0000,1,27.513,2.866
4180,crown,rigid,8,12,3,2,2,1.0000,1.0000,1,12.437,12.639
4181,double_star,rigid,15,14,8,7,7,1.0000,1.0000,1,16.190,1.506
4182,erdos_renyi,random,33,145,13,5,5,1.0000,13.0000,1,204.121,113.511
4183,barabasi_albert,random,33,62,15,10,10,1.0000,15.0000,1,129.626,23.502
4184,random_tree,random,23,22,4,9,9,1.0000,4.0000,1,58.776,24.698
4185,path,bounded,4,3,2,2,2,1.0000,2.0000,1,15.222,2.979
4186,cycle,bounded,13,13,2,5,5,1.0000,2.0000,1,30.850,41.616
4187,ladder,bounded,30,43,3,8,8,1.0000,3.0000,1,137.967,22.059
4188,grid,bounded,15,22,4,4,4,1.0000,4.0000,1,39.136,20.770
4189,regular,bounded,12,18,3,3,3,1.0000,3.0000,1,15.576,13.906
4190,balanced_tree,bounded,13,12,4,3,3,1.0000,4.0000,1,16.295,1.514
4191,lollipop,bounded,13,33,8,3,3,1.0000,8.0000,1,16.415,41.927
4192,clique,rigid,4,6,3,1,1,1.0000,1.0000,1,11.325,3.278
4193,star,rigid,31,30,30,1,1,1.0000,1.0000,1,56.923,3.066
4194,complete_bipartite,rigid,16,55,11,5,5,1.0000,1.0000,1,47.514,3.397
4195,crown,rigid,8,12,3,2,2,1.0000,1.0000,1,10.964,13.819
4196,double_star,rigid,13,12,8,5,5,1.0000,1.0000,1,29.130,3.641
4197,erdos_renyi,random,29,118,12,5,5,1.0000,12.0000,1,196.322,65.116
4198,barabasi_albert,random,22,21,6,9,9,1.0000,6.0000,1,55.737,1.919
4199,random_tree,random,35,34,4,13,13,1.0000,4.0000,1,103.373,23.217
4200,path,bounded,20,19,2,7,7,1.0000,2.0000,1,26.640,15.751
4201,cycle,bounded,31,31,2,11,11,1.0000,2.0000,1,111.128,22.707
4202,ladder,bounded,8,10,3,3,3,1.0000,3.0000,1,11.022,12.620
4203,grid,bounded,20,31,4,6,6,1.0000,4.0000,1,34.969,24.943
4204,regular,bounded,6,12,4,2,2,1.0000,4.0000,1,12.498,5.128
4205,balanced_tree,bounded,13,12,4,3,3,1.0000,4.0000,1,27.875,2.007
4206,lollipop,bounded,10,24,7,2,2,1.0000,7.0000,1,14.524,1.760
4207,clique,rigid,8,28,7,1,1,1.0000,1.0000,1,17.720,3.591
4208,star,rigid,2,1,1,1,1,1.0000,1.0000,1,5.344,2.065
4209,complete_bipartite,rigid,15,56,8,7,7,1.0000,1.0000,1,64.534,4.644
4210,crown,rigid,12,30,5,2,2,1.0000,1.0000,1,22.111,12.390
4211,double_star,rigid,10,9,7,3,3,1.0000,1.0000,1,24.168,2.016
4212,erdos_renyi,random,11,26,7,2,2,1.0000,7.0000,1,32.129,11.969
4213,barabasi_albert,random,12,11,4,5,5,1.0000,4.0000,1,32.527,3.199
4214,random_tree,random,18,17,4,5,5,1.0000,4.0000,1,38.044,21.174
4215,path,bounded,8,7,2,3,3,1.0000,2.0000,1,19.431,39.118
4216,cycle,bounded,18,18,2,6,6,1.0000,2.0000,1,32.130,19.453
4217,ladder,bounded,26,37,3,7,7,1.0000,3.0000,1,109.193,23.730
4218,grid,bounded,20,31,4,6,6,1.0000,4.0000,1,45.800,13.178
4219,regular,bounded,34,51,3,10,9,1.1111,3.0000,1,85.487,128.199
4220,balanced_tree,bounded,13,12,4,3,3,1.0000,4.0000,1,19.287,3.303
4221,lollipop,bounded,4,4,3,1,1,1.0000,3.0000,1,11.964,30.401
4222,clique,rigid,13,78,12,1,1,1.0000,1.0000,1,23.518,2.088
4223,star,rigid,15,14,14,1,1,1.0000,1.0000,1,30.239,2.242
4224,complete_bipartite,rigid,4,4,2,2,2,1.0000,1.0000,1,7.471,2.900
4225,crown,rigid,4,2,1,2,2,1.0000,1.0000,1,10.235,3.264
4226,double_star,rigid,14,13,8,6,6,1.0000,1.0000,1,20.597,2.052
4227,erdos_renyi,random,25,60,8,6,6,1.0000,8.0000,1,71.912,17.413
4228,barabasi_albert,random,34,64,13,9,9,1.0000,13.0000,1,90.747,25.413
4229,random_tree,random,35,34,4,12,12,1.0000,4.0000,1,107.879,34.179
4230,path,bounded,9,8,2,3,3,1.0000,2.0000,1,20.619,24.005
4231,cycle,bounded,40,40,2,14,14,1.0000,2.0000,1,107.907,32.664
4232,ladder,bounded,30,43,3,8,8,1.0000,3.0000,1,119.983,18.195
4233,grid,bounded,18,27,4,6,6,1.0000,4.0000,1,55.919,26.511
4234,regular,bounded,10,25,5,2,2,1.0000,5.0000,1,33.723,34.244
4235,balanced_tree,bounded,15,14,3,5,5,1.0000,3.0000,1,27.251,21.793
4236,lollipop,bounded,7,9,4,2,2,1.0000,4.0000,1,11.703,3.919
4237,clique,rigid,12,66,11,1,1,1.0000,1.0000,1,30.406,4.884
4238,star,rigid,2,1,1,1,1,1.0000,1.0000,1,6.874,2.279
4239,complete_bipartite,rigid,8,7,7,1,1,1.0000,1.0000,1,9.697,1.547
4240,crown,rigid,8,12,3,2,2,1.0000,1.0000,1,7.978,12.628
4241,double_star,rigid,4,3,2,2,2,1.0000,1.0000,1,6.033,1.556
4242,erdos_renyi,random,15,23,6,4,4,1.0000,6.0000,1,27.911,20.160
4243,barabasi_albert,random,19,18,6,7,7,1.0000,6.0000,1,56.795,3.462
4244,random_tree,random,13,12,3,5,5,1.0000,3.0000,1,19.046,21.192
4245,path,bounded,37,36,2,13,13,1.0000,2.0000,1,79.025,29.638
4246,cycle,bounded,6,6,2,2,2,1.0000,2.0000,1,12.539,22.144
4247,ladder,bounded,28,40,3,8,8,1.0000,3.0000,1,61.163,18.521
4248,grid,bounded,15,22,4,4,4,1.0000,4.0000,1,22.067,14.797
4249,regular,bounded,28,42,3,8,8,1.0000,3.0000,1,86.832,34.472
4250,balanced_tree,bounded,13,12,4,3,3,1.0000,4.0000,1,20.838,1.559
4251,lollipop,bounded,10,19,6,2,2,1.0000,6.0000,1,25.976,3.496
4252,clique,rigid,4,6,3,1,1,1.0000,1.0000,1,8.216,3.062
4253,star,rigid,9,8,8,1,1,1.0000,1.0000,1,19.776,2.964
4254,complete_bipartite,rigid,6,5,5,1,1,1.0000,1.0000,1,12.671,2.676
4255,crown,rigid,4,2,1,2,2,1.0000,1.0000,1,6.581,1.641
4256,double_star,rigid,20,19,13,7,7,1.0000,1.0000,1,42.914,5.044
4257,erdos_renyi,random,21,60,11,4,4,1.0000,11.0000,1,98.769,31.105
4258,barabasi_albert,random,27,50,11,6,6,1.0000,11.0000,1,164.846,26.004
4259,random_tree,random,33,32,5,12,12,1.0000,5.0000,1,98.349,28.544
4260,path,bounded,18,17,2,6,6,1.0000,2.0000,1,37.435,26.000
4261,cycle,bounded,31,31,2,11,11,1.0000,2.0000,1,67.379,16.675
4262,ladder,bounded,6,7,3,2,2,1.0000,3.0000,1,12.112,21.318
4263,grid,bounded,12,16,3,4,4,1.0000,4.0000,1,44.240,29.422
4264,regular,bounded,8,12,3,2,2,1.0000,3.0000,1,20.941,27.066
4265,balanced_tree,bounded,13,12,4,3,3,1.0000,4.0000,1,22.904,1.724
4266,lollipop,bounded,13,22,6,3,3,1.0000,6.0000,1,17.197,16.487
4267,clique,rigid,4,6,3,1,1,1.0000,1.0000,1,6.291,1.786
4268,star,rigid,2,1,1,1,1,1.0000,1.0000,1,2.720,1.196
4269,complete_bipartite,rigid,13,12,12,1,1,1.0000,1.0000,1,13.718,3.033
4270,crown,rigid,4,2,1,2,2,1.0000,1.0000,1,6.531,1.867
4271,double_star,rigid,24,23,13,11,11,1.0000,1.0000,1,52.085,3.215
4272,erdos_renyi,random,24,63,10,5,5,1.0000,10.0000,1,81.147,36.860
4273,barabasi_albert,random,18,32,9,5,5,1.0000,9.0000,1,55.652,24.575
4274,random_tree,random,6,5,2,2,2,1.0000,2.0000,1,14.636,3.513
4275,path,bounded,24,23,2,8,8,1.0000,2.0000,1,53.731,29.750
4276,cycle,bounded,27,27,2,9,9,1.0000,2.0000,1,45.726,16.634
4277,ladder,bounded,28,40,3,8,8,1.0000,3.0000,1,91.767,22.090
4278,grid,bounded,36,60,4,10,10,1.0000,4.0000,1,171.364,103.024
4279,regular,bounded,33,66,4,8,8,1.0000,4.0000,1,151.661,67.994
4280,balanced_tree,bounded,13,12,4,3,3,1.0000,4.0000,1,14.281,1.591
4281,lollipop,bounded,6,6,3,2,2,1.0000,3.0000,1,13.053,3.025
4282,clique,rigid,14,91,13,1,1,1.0000,1.0000,1,39.163,2.211
4283,star,rigid,6,5,5,1,1,1.0000,1.0000,1,6.135,1.309
4284,complete_bipartite,rigid,16,63,9,7,7,1.0000,1.0000,1,58.910,2.973
4285,crown,rigid,10,20,4,2,2,1.0000,1.0000,1,12.396,12.929
4286,double_star,rigid,11,10,7,4,4,1.0000,1.0000,1,19.104,2.276
4287,erdos_renyi,random,23,78,13,3,3,1.0000,13.0000,1,98.946,66.698
4288,barabasi_albert,random,16,15,8,6,6,1.0000,8.0000,1,63.567,4.312
4289,random_tree,random,28,27,4,11,11,1.0000,4.0000,1,74.214,3.633
4290,path,bounded,14,13,2,5,5,1.0000,2.0000,1,27.275,34.139
4291,cycle,bounded,28,28,2,10,10,1.0000,2.0000,1,82.758,27.979
4292,ladder,bounded,6,7,3,2,2,1.0000,3.0000,1,8.151,27.815
4293,grid,bounded,6,7,3,2,2,1.0000,4.0000,1,19.182,29.607
4294,regular,bounded,30,75,5,7,6,1.1667,5.0000,1,186.258,154.486
4295,balanced_tree,bounded,13,12,4,3,3,1.0000,4.0000,1,30.710,5.017
4296,lollipop,bounded,12,32,8,2,2,1.0000,8.0000,1,34.590,5.124
4297,clique,rigid,9,36,8,1,1,1.0000,1.0000,1,35.042,3.250
4298,star,rigid,26,25,25,1,1,1.0000,1.0000,1,55.693,6.587
4299,complete_bipartite,rigid,12,35,7,5,5,1.0000,1.0000,1,47.300,2.304
4300,crown,rigid,12,30,5,2,2,1.0000,1.0000,1,24.969,15.480
4301,double_star,rigid,10,9,8,2,2,1.0000,1.0000,1,19.653,1.758
4302,erdos_renyi,random,24,76,10,4,4,1.0000,10.0000,1,103.379,12.721
4303,barabasi_albert,random,29,28,9,11,11,1.0000,9.0000,1,66.693,2.528
4304,random_tree,random,31,30,4,12,12,1.0000,4.0000,1,97.527,24.764
4305,path,bounded,19,18,2,7,7,1.0000,2.0000,1,45.394,23.950
4306,cycle,bounded,10,10,2,4,4,1.0000,2.0000,1,17.889,28.276
4307,ladder,bounded,32,46,3,9,9,1.0000,3.0000,1,124.447,28.172
4308,grid,bounded,12,16,3,4,4,1.0000,4.0000,1,20.907,13.423
4309,regular,bounded,14,21,3,4,4,1.0000,3.0000,1,19.140,12.609
4310,balanced_tree,bounded,13,12,4,3,3,1.0000,4.0000,1,15.578,1.462
4311,lollipop,bounded,6,6,3,2,2,1.0000,3.0000,1,6.691,1.290
4312,clique,rigid,14,91,13,1,1,1.0000,1.0000,1,37.134,3.630
4313,star,rigid,21,20,20,1,1,1.0000,1.0000,1,42.427,3.513
4314,complete_bipartite,rigid,17,72,9,8,8,1.0000,1.0000,1,61.277,2.494
4315,crown,rigid,12,30,5,2,2,1.0000,1.0000,1,19.889,23.362
4316,double_star,rigid,14,13,8,6,6,1.0000,1.0000,1,27.698,2.974
4317,erdos_renyi,random,21,21,4,9,9,1.0000,4.0000,1,45.506,24.080
4318,barabasi_albert,random,24,23,14,10,10,1.0000,14.0000,1,49.957,1.616
4319,random_tree,random,9,8,3,3,3,1.0000,3.0000,1,10.028,1.443
4320,path,bounded,32,31,2,11,11,1.0000,2.0000,1,84.132,29.939
4321,cycle,bounded,24,24,2,8,8,1.0000,2.0000,1,69.638,18.101
4322,ladder,bounded,24,34,3,7,7,1.0000,3.0000,1,80.980,24.584
4323,grid,bounded,20,31,4,6,6,1.0000,4.0000,1,49.870,22.140
4324,regular,bounded,34,68,4,8,8,1.0000,4.0000,1,143.390,40.682
4325,balanced_tree,bounded,13,12,4,3,3,1.0000,4.0000,1,21.510,3.388
4326,lollipop,bounded,14,23,6,4,4,1.0000,6.0000,1,23.994,29.289
4327,clique,rigid,9,36,8,1,1,1.0000,1.0000,1,19.021,2.476
4328,star,rigid,2,1,1,1,1,1.0000,1.0000,1,3.082,1.280
4329,complete_bipartite,rigid,12,35,7,5,5,1.0000,1.0000,1,21.287,1.828
4330,crown,rigid,8,12,3,2,2,1.0000,1.0000,1,8.080,35.762
4331,double_star,rigid,23,22,12,11,11,1.0000,1.0000,1,47.138,2.259
4332,erdos_renyi,random,8,4,2,5,5,1.0000,2.0000,1,20.485,3.442
4333,barabasi_albert,random,11,10,6,4,4,1.0000,6.0000,1,27.313,5.128
4334,random_tree,random,30,29,4,10,10,1.0000,4.0000,1,102.810,2.110
4335,path,bounded,20,19,2,7,7,1.0000,2.0000,1,25.577,29.541
4336,cycle,bounded,6,6,2,2,2,1.0000,2.0000,1,16.403,28.687
4337,ladder,bounded,22,31,3,6,6,1.0000,3.0000,1,75.595,19.723
4338,grid,bounded,18,27,4,6,6,1.0000,4.0000,1,33.406,28.388
4339,regular,bounded,30,75,5,6,6,1.0000,5.0000,1,141.777,102.628
4340,balanced_tree,bounded,15,14,3,5,5,1.0000,3.0000,1,32.407,24.744
4341,lollipop,bounded,14,19,5,4,4,1.0000,5.0000,1,36.683,23.271
4342,clique,rigid,14,91,13,1,1,1.0000,1.0000,1,36.893,2.723
4343,star,rigid,3,2,2,1,1,1.0000,1.0000,1,7.682,1.885
4344,complete_bipartite,rigid,9,18,6,3,3,1.0000,1.0000,1,16.195,2.264
4345,crown,rigid,10,20,4,2,2,1.0000,1.0000,1,15.486,12.603
4346,double_star,rigid,22,21,13,9,9,1.0000,1.0000,1,42.609,2.030
4347,erdos_renyi,random,21,44,7,5,5,1.0000,7.0000,1,49.739,15.903
4348,barabasi_albert,random,15,26,9,4,4,1.0000,9.0000,1,27.033,11.484
4349,random_tree,random,11,10,4,4,4,1.0000,4.0000,1,13.601,3.504
4350,path,bounded,26,25,2,9,9,1.0000,2.0000,1,64.213,29.190
4351,cycle,bounded,28,28,2,10,10,1.0000,2.0000,1,90.461,34.398
4352,ladder,bounded,12,16,3,4,4,1.0000,3.0000,1,31.021,15.468
4353,grid,bounded,24,38,4,7,7,1.0000,4.0000,1,55.447,16.036
4354,regular,bounded,4,4,2,2,2,1.0000,2.0000,1,5.826,1.462
4355,balanced_tree,bounded,15,14,3,5,5,1.0000,3.0000,1,17.117,15.101
4356,lollipop,bounded,7,9,4,2,2,1.0000,4.0000,1,9.045,1.412
4357,clique,rigid,2,1,1,1,1,1.0000,1.0000,1,2.625,1.092
4358,star,rigid,8,7,7,1,1,1.0000,1.0000,1,7.435,1.265
4359,complete_bipartite,rigid,18,80,10,8,8,1.0000,1.0000,1,59.014,2.561
4360,crown,rigid,6,6,2,2,2,1.0000,1.0000,1,5.738,20.813
4361,double_star,rigid,15,14,12,3,3,1.0000,1.0000,1,24.704,1.776
4362,erdos_renyi,random,24,81,10,4,4,1.0000,10.0000,1,140.158,42.776
4363,barabasi_albert,random,12,20,10,2,2,1.0000,10.0000,1,27.309,28.236
4364,random_tree,random,14,13,3,4,4,1.0000,3.0000,1,18.092,27.510
4365,path,bounded,30,29,2,10,10,1.0000,2.0000,1,60.136,29.726
4366,cycle,bounded,20,20,2,7,7,1.0000,2.0000,1,53.665,15.506
4367,ladder,bounded,24,34,3,7,7,1.0000,3.0000,1,76.273,27.979
4368,grid,bounded,15,22,4,4,4,1.0000,4.0000,1,35.412,14.602
4369,regular,bounded,16,24,3,5,5,1.0000,3.0000,1,46.217,26.613
4370,balanced_tree,bounded,13,12,4,3,3,1.0000,4.0000,1,15.834,1.888
4371,lollipop,bounded,16,21,5,5,5,1.0000,5.0000,1,36.459,17.680
4372,clique,rigid,13,78,12,1,1,1.0000,1.0000,1,21.442,2.027
4373,star,rigid,19,18,18,1,1,1.0000,1.0000,1,25.440,3.399
4374,complete_bipartite,rigid,10,24,6,4,4,1.0000,1.0000,1,23.489,1.593
4375,crown,rigid,4,2,1,2,2,1.0000,1.0000,1,4.979,1.148
4376,double_star,rigid,17,16,12,5,5,1.0000,1.0000,1,15.856,1.522
4377,erdos_renyi,random,31,64,9,7,7,1.0000,9.0000,1,115.615,16.732
4378,barabasi_albert,random,25,24,6,10,10,1.0000,6.0000,1,90.516,1.894
4379,random_tree,random,5,4,3,2,2,1.0000,3.0000,1,10.997,1.631
4380,path,bounded,34,33,2,12,12,1.0000,2.0000,1,96.817,25.948
4381,cycle,bounded,40,40,2,14,14,1.0000,2.0000,1,95.537,33.604
4382,ladder,bounded,24,34,3,7,7,1.0000,3.0000,1,73.366,31.358
4383,grid,bounded,6,7,3,2,2,1.0000,4.0000,1,13.860,24.969
4384,regular,bounded,28,70,5,6,6,1.0000,5.0000,1,109.717,60.756
4385,balanced_tree,bounded,15,14,3,5,5,1.0000,3.0000,1,21.742,29.087
4386,lollipop,bounded,17,22,5,5,5,1.0000,5.0000,1,24.155,27.512
4387,clique,rigid,14,91,13,1,1,1.0000,1.0000,1,39.719,3.921
4388,star,rigid,23,22,22,1,1,1.0000,1.0000,1,22.813,2.062
4389,complete_bipartite,rigid,11,18,9,2,2,1.0000,1.0000,1,21.654,2.161
4390,crown,rigid,10,20,4,2,2,1.0000,1.0000,1,12.081,13.927
4391,double_star,rigid,13,12,9,4,4,1.0000,1.0000,1,15.551,1.516
4392,erdos_renyi,random,17,46,8,4,4,1.0000,8.0000,1,45.871,24.902
4393,barabasi_albert,random,12,11,6,3,3,1.0000,6.0000,1,23.486,2.213
4394,random_tree,random,12,11,4,5,5,1.0000,4.0000,1,20.776,1.862
4395,path,bounded,5,4,2,2,2,1.0000,2.0000,1,14.595,2.215
4396,cycle,bounded,13,13,2,5,5,1.0000,2.0000,1,20.538,24.162
4397,ladder,bounded,12,16,3,4,4,1.0000,3.0000,1,31.618,19.261
4398,grid,bounded,25,40,4,7,7,1.0000,4.0000,1,74.150,26.565
4399,regular,bounded,4,6,3,1,1,1.0000,3.0000,1,8.180,3.568
4400,balanced_tree,bounded,13,12,4,3,3,1.0000,4.0000,1,26.235,2.915
4401,lollipop,bounded,11,20,6,3,3,1.0000,6.0000,1,24.866,23.120
4402,clique,rigid,13,78,12,1,1,1.0000,1.0000,1,21.833,4.493
4403,star,rigid,18,17,17,1,1,1.0000,1.0000,1,26.144,2.229
4404,complete_bipartite,rigid,15,54,9,6,6,1.0000,1.0000,1,52.266,2.270
4405,crown,rigid,10,20,4,2,2,1.0000,1.0000,1,27.359,21.408
4406,double_star,rigid,16,15,11,5,5,1.0000,1.0000,1,16.666,1.508
4407,erdos_renyi,random,22,65,10,4,4,1.0000,10.0000,1,70.124,19.127
4408,barabasi_albert,random,19,34,12,5,5,1.0000,12.0000,1,42.458,14.812
4409,random_tree,random,24,23,4,10,10,1.0000,4.0000,1,55.899,1.839
4410,path,bounded,9,8,2,3,3,1.0000,2.0000,1,9.383,13.911
4411,cycle,bounded,38,38,2,13,13,1.0000,2.0000,1,111.858,32.697
4412,ladder,bounded,14,19,3,4,4,1.0000,3.0000,1,35.288,14.743
4413,grid,bounded,10,13,3,3,3,1.0000,4.0000,1,13.419,13.319
4414,regular,bounded,32,48,3,9,9,1.0000,3.0000,1,103.660,78.171
4415,balanced_tree,bounded,15,14,3,5,5,1.0000,3.0000,1,37.135,34.899
4416,lollipop,bounded,14,23,6,4,4,1.0000,6.0000,1,19.774,16.523
4417,clique,rigid,7,21,6,1,1,1.0000,1.0000,1,23.247,3.004
4418,star,rigid,31,30,30,1,1,1.0000,1.0000,1,56.023,3.030
4419,complete_bipartite,rigid,12,27,9,3,3,1.0000,1.0000,1,20.362,1.788
4420,crown,rigid,6,6,2,2,2,1.0000,1.0000,1,12.781,26.591
4421,double_star,rigid,17,16,10,7,7,1.0000,1.0000,1,18.683,1.534
4422,erdos_renyi,random,10,17,5,3,3,1.0000,5.0000,1,15.897,15.365
4423,barabasi_albert,random,19,34,11,5,5,1.0000,11.0000,1,52.126,20.895
4424,random_tree,random,24,23,4,10,10,1.0000,4.0000,1,44.954,1.781
4425,path,bounded,4,3,2,2,2,1.0000,2.0000,1,4.478,1.182
4426,cycle,bounded,13,13,2,5,5,1.0000,2.0000,1,27.138,26.367
4427,ladder,bounded,24,34,3,7,7,1.0000,3.0000,1,75.028,17.301
4428,grid,bounded,18,27,4,6,6,1.0000,4.0000,1,28.003,20.500
4429,regular,bounded,10,25,5,2,2,1.0000,5.0000,1,15.707,19.097
4430,balanced_tree,bounded,15,14,3,5,5,1.0000,3.0000,1,37.331,30.895
4431,lollipop,bounded,9,29,8,1,1,1.0000,8.0000,1,18.010,14.731
4432,clique,rigid,13,78,12,1,1,1.0000,1.0000,1,40.646,4.626
4433,star,rigid,19,18,18,1,1,1.0000,1.0000,1,25.569,1.576
4434,complete_bipartite,rigid,10,9,9,1,1,1.0000,1.0000,1,8.223,1.385
4435,crown,rigid,10,20,4,2,2,1.0000,1.0000,1,10.210,11.958
4436,double_star,rigid,15,14,11,4,4,1.0000,1.0000,1,19.101,1.628
4437,erdos_renyi,random,29,84,10,7,7,1.0000,10.0000,1,137.043,20.279
4438,barabasi_albert,random,19,34,7,4,4,1.0000,7.0000,1,45.867,22.454
4439,random_tree,random,20,19,4,7,7,1.0000,4.0000,1,42.213,14.861
4440,path,bounded,27,26,2,9,9,1.0000,2.0000,1,64.106,29.252
4441,cycle,bounded,30,30,2,10,10,1.0000,2.0000,1,74.917,18.832
4442,ladder,bounded,34,49,3,9,9,1.0000,3.0000,1,110.211,21.043
4443,grid,bounded,24,38,4,7,7,1.0000,4.0000,1,66.042,15.303
4444,regular,bounded,18,18,2,8,8,1.0000,2.0000,1,29.957,29.725
4445,balanced_tree,bounded,13,12,4,3,3,1.0000,4.0000,1,23.844,1.507
4446,lollipop,bounded,15,24,6,4,4,1.0000,6.0000,1,37.494,22.981
4447,clique,rigid,12,66,11,1,1,1.0000,1.0000,1,17.895,1.850
4448,star,rigid,2,1,1,1,1,1.0000,1.0000,1,2.571,1.129
4449,complete_bipartite,rigid,16,48,12,4,4,1.0000,1.0000,1,34.108,2.269
4450,crown,rigid,8,12,3,2,2,1.0000,1.0000,1,8.337,12.623
4451,double_star,rigid,25,24,13,12,12,1.0000,1.0000,1,25.545,1.620
4452,erdos_renyi,random,14,25,5,4,4,1.0000,5.0000,1,19.425,17.001
4453,barabasi_albert,random,17,30,11,5,5,1.0000,11.0000,1,40.128,15.636
4454,random_tree,random,32,31,6,11,11,1.0000,6.0000,1,104.369,4.318
4455,path,bounded,7,6,2,3,3,1.0000,2.0000,1,14.529,3.331
4456,cycle,bounded,16,16,2,6,6,1.0000,2.0000,1,37.610,27.875
4457,ladder,bounded,10,13,3,3,3,1.0000,3.0000,1,30.032,20.615
4458,grid,bounded,6,7,3,2,2,1.0000,4.0000,1,8.020,15.159
4459,regular,bounded,26,65,5,6,6,1.0000,5.0000,1,96.753,93.997
4460,balanced_tree,bounded,15,14,3,5,5,1.0000,3.0000,1,41.311,26.997
4461,lollipop,bounded,11,11,3,4,4,1.0000,3.0000,1,13.551,29.379
4462,clique,rigid,8,28,7,1,1,1.0000,1.0000,1,12.936,2.048
4463,star,rigid,14,13,13,1,1,1.0000,1.0000,1,12.282,1.458
4464,complete_bipartite,rigid,16,55,11,5,5,1.0000,1.0000,1,34.050,4.338
4465,crown,rigid,4,2,1,2,2,1.0000,1.0000,1,11.108,2.493
4466,double_star,rigid,16,15,10,6,6,1.0000,1.0000,1,32.449,3.564
4467,erdos_renyi,random,12,21,6,3,3,1.0000,6.0000,1,35.281,26.835
4468,barabasi_albert,random,24,44,10,5,5,1.0000,10.0000,1,89.931,25.346
4469,random_tree,random,31,30,4,12,12,1.0000,4.0000,1,80.397,35.248
4470,path,bounded,18,17,2,6,6,1.0000,2.0000,1,52.809,28.396
4471,cycle,bounded,37,37,2,13,13,1.0000,2.0000,1,101.184,32.744
4472,ladder,bounded,18,25,3,5,5,1.0000,3.0000,1,54.930,30.881
4473,grid,bounded,18,27,4,6,6,1.0000,4.0000,1,61.969,40.431
4474,regular,bounded,26,65,5,6,6,1.0000,5.0000,1,96.324,91.754
4475,balanced_tree,bounded,15,14,3,5,5,1.0000,3.0000,1,24.592,17.812
4476,lollipop,bounded,9,23,7,2,2,1.0000,7.0000,1,19.483,2.367
4477,clique,rigid,9,36,8,1,1,1.0000,1.0000,1,18.216,3.657
4478,star,rigid,29,28,28,1,1,1.0000,1.0000,1,35.189,3.186
4479,complete_bipartite,rigid,19,90,10,9,9,1.0000,1.0000,1,98.492,5.486
4480,crown,rigid,10,20,4,2,2,1.0000,1.0000,1,21.832,25.605
4481,double_star,rigid,10,9,7,3,3,1.0000,1.0000,1,24.017,2.751
4482,erdos_renyi,random,29,97,10,5,5,1.0000,10.0000,1,156.872,47.118
4483,barabasi_albert,random,13,12,5,6,6,1.0000,5.0000,1,33.341,3.313
4484,random_tree,random,30,29,6,9,9,1.0000,6.0000,1,89.296,4.470
4485,path,bounded,30,29,2,10,10,1.0000,2.0000,1,90.657,34.251
4486,cycle,bounded,22,22,2,8,8,1.0000,2.0000,1,52.992,20.181
4487,ladder,bounded,18,25,3,5,5,1.0000,3.0000,1,55.387,36.421
4488,grid,bounded,24,38,4,7,7,1.0000,4.0000,1,71.633,30.691
4489,regular,bounded,30,75,5,6,6,1.0000,5.0000,1,136.737,61.404
4490,balanced_tree,bounded,15,14,3,5,5,1.0000,3.0000,1,31.317,21.907
4491,lollipop,bounded,11,25,7,2,2,1.0000,7.0000,1,21.709,2.975
4492,clique,rigid,4,6,3,1,1,1.0000,1.0000,1,6.178,1.888
4493,star,rigid,21,20,20,1,1,1.0000,1.0000,1,35.238,2.864
4494,complete_bipartite,rigid,10,25,5,5,5,1.0000,1.0000,1,35.498,2.587
4495,crown,rigid,6,6,2,2,2,1.0000,1.0000,1,13.128,36.554
4496,double_star,rigid,21,20,11,10,10,1.0000,1.0000,1,45.241,2.921
4497,erdos_renyi,random,16,23,7,6,6,1.0000,7.0000,1,53.864,26.030
4498,barabasi_albert,random,8,12,4,3,3,1.0000,4.0000,1,13.614,32.587
4499,random_tree,random,4,3,3,1,1,1.0000,3.0000,1,10.115,1.799
4500,path,bounded,21,20,2,7,7,1.0000,2.0000,1,60.058,17.596
4501,cycle,bounded,18,18,2,6,6,1.0000,2.0000,1,37.332,26.806
4502,ladder,bounded,16,22,3,5,5,1.0000,3.0000,1,54.500,16.423
4503,grid,bounded,24,38,4,7,7,1.0000,4.0000,1,73.583,40.270
4504,regular,bounded,27,27,2,10,10,1.0000,2.0000,1,29.899,33.266
4505,balanced_tree,bounded,13,12,4,3,3,1.0000,4.0000,1,32.909,2.731
4506,lollipop,bounded,9,18,6,2,2,1.0000,6.0000,1,18.342,3.903
4507,clique,rigid,10,45,9,1,1,1.0000,1.0000,1,43.805,2.393
4508,star,rigid,27,26,26,1,1,1.0000,1.0000,1,33.992,3.824
4509,complete_bipartite,rigid,17,66,11,6,6,1.0000,1.0000,1,73.472,3.837
4510,crown,rigid,8,12,3,2,2,1.0000,1.0000,1,8.247,12.621
4511,double_star,rigid,11,10,8,3,3,1.0000,1.0000,1,11.999,1.519
4512,erdos_renyi,random,25,62,8,6,6,1.0000,8.0000,1,97.089,47.472
4513,barabasi_albert,random,25,46,11,7,7,1.0000,11.0000,1,76.702,24.936
4514,random_tree,random,2,1,1,1,1,1.0000,1.0000,1,3.881,2.357
4515,path,bounded,21,20,2,7,7,1.0000,2.0000,1,34.421,19.986
4516,cycle,bounded,22,22,2,8,8,1.0000,2.0000,1,45.182,17.929
4517,ladder,bounded,12,16,3,4,4,1.0000,3.0000,1,30.067,32.503
4518,grid,bounded,10,13,3,3,3,1.0000,4.0000,1,28.560,23.618
4519,regular,bounded,21,42,4,5,5,1.0000,4.0000,1,55.264,18.057
4520,balanced_tree,bounded,15,14,3,5,5,1.0000,3.0000,1,29.477,23.839
4521,lollipop,bounded,12,14,4,4,4,1.0000,4.0000,1,18.724,21.340
4522,clique,rigid,9,36,8,1,1,1.0000,1.0000,1,24.027,3.449
4523,star,rigid,13,12,12,1,1,1.0000,1.0000,1,26.517,2.640
4524,complete_bipartite,rigid,6,5,5,1,1,1.0000,1.0000,1,7.547,1.965
4525,crown,rigid,6,6,2,2,2,1.0000,1.0000,1,5.790,19.395
4526,double_star,rigid,12,11,6,6,6,1.0000,1.0000,1,22.453,1.882
4527,erdos_renyi,random,17,30,7,5,5,1.0000,7.0000,1,50.623,18.589
4528,barabasi_albert,random,23,22,7,10,10,1.0000,7.0000,1,59.151,1.906
4529,random_tree,random,28,27,5,11,11,1.0000,5.0000,1,55.366,28.221
4530,path,bounded,10,9,2,4,4,1.0000,2.0000,1,19.214,24.947
4531,cycle,bounded,13,13,2,5,5,1.0000,2.0000,1,24.107,35.538
4532,ladder,bounded,24,34,3,7,7,1.0000,3.0000,1,81.338,37.805
4533,grid,bounded,36,60,4,10,10,1.0000,4.0000,1,154.274,134.494
4534,regular,bounded,16,40,5,3,3,1.0000,5.0000,1,55.656,33.177
4535,balanced_tree,bounded,13,12,4,3,3,1.0000,4.0000,1,26.101,1.853
4536,lollipop,bounded,10,30,8,2,2,1.0000,8.0000,1,21.666,2.907
4537,clique,rigid,10,45,9,1,1,1.0000,1.0000,1,37.131,2.035
4538,star,rigid,26,25,25,1,1,1.0000,1.0000,1,30.655,3.837
4539,complete_bipartite,rigid,9,8,8,1,1,1.0000,1.0000,1,17.009,3.028
4540,crown,rigid,4,2,1,2,2,1.0000,1.0000,1,10.239,2.597
4541,double_star,rigid,19,18,10,9,9,1.0000,1.0000,1,45.716,4.577
4542,erdos_renyi,random,27,85,10,5,5,1.0000,10.0000,1,107.708,56.858
4543,barabasi_albert,random,31,30,11,11,11,1.0000,11.0000,1,70.173,7.086
4544,random_tree,random,18,17,4,6,6,1.0000,4.0000,1,54.552,2.584
4545,path,bounded,10,9,2,4,4,1.0000,2.0000,1,17.232,15.249
4546,cycle,bounded,5,5,2,2,2,1.0000,2.0000,1,8.906,29.525
4547,ladder,bounded,18,25,3,5,5,1.0000,3.0000,1,28.327,16.614
4548,grid,bounded,8,10,3,3,3,1.0000,4.0000,1,14.443,17.188
4549,regular,bounded,18,18,2,6,6,1.0000,2.0000,1,37.308,28.877
4550,balanced_tree,bounded,13,12,4,3,3,1.0000,4.0000,1,32.980,6.005
4551,lollipop,bounded,10,12,4,3,3,1.0000,4.0000,1,29.133,23.431
4552,clique,rigid,6,15,5,1,1,1.0000,1.0000,1,20.438,5.070
4553,star,rigid,20,19,19,1,1,1.0000,1.0000,1,40.437,7.098
4554,complete_bipartite,rigid,17,60,12,5,5,1.0000,1.0000,1,81.063,4.696
4555,crown,rigid,6,6,2,2,2,1.0000,1.0000,1,12.339,21.765
4556,double_star,rigid,15,14,12,3,3,1.0000,1.0000,1,28.731,2.922
4557,erdos_renyi,random,30,104,11,5,5,1.0000,11.0000,1,188.269,45.057
4558,barabasi_albert,random,30,56,10,9,9,1.0000,10.0000,1,190.076,50.889
4559,random_tree,random,25,24,4,10,10,1.0000,4.0000,1,62.047,24.470
4560,path,bounded,23,22,2,8,8,1.0000,2.0000,1,64.414,27.948
4561,cycle,bounded,10,10,2,4,4,1.0000,2.0000,1,12.962,24.788
4562,ladder,bounded,22,31,3,6,6,1.0000,3.0000,1,79.124,30.199
4563,grid,bounded,10,13,3,3,3,1.0000,4.0000,1,19.518,25.430
4564,regular,bounded,10,25,5,2,2,1.0000,5.0000,1,25.682,22.889
4565,balanced_tree,bounded,13,12,4,3,3,1.0000,4.0000,1,31.888,3.285
4566,lollipop,bounded,19,33,7,5,5,1.0000,7.0000,1,31.474,34.652
4567,clique,rigid,6,15,5,1,1,1.0000,1.0000,1,11.226,1.538
4568,star,rigid,19,18,18,1,1,1.0000,1.0000,1,16.378,1.937
4569,complete_bipartite,rigid,9,18,6,3,3,1.0000,1.0000,1,25.557,4.421
4570,crown,rigid,4,2,1,2,2,1.0000,1.0000,1,9.334,1.244
4571,double_star,rigid,11,10,8,3,3,1.0000,1.0000,1,13.011,1.499
4572,erdos_renyi,random,28,74,8,6,6,1.0000,8.0000,1,150.365,18.771
4573,barabasi_albert,random,14,13,5,4,4,1.0000,5.0000,1,16.477,1.327
4574,random_tree,random,31,30,4,12,12,1.0000,4.0000,1,65.811,15.125
4575,path,bounded,12,11,2,4,4,1.0000,2.0000,1,13.092,32.659
4576,cycle,bounded,32,32,2,11,11,1.0000,2.0000,1,95.005,25.194
4577,ladder,bounded,10,13,3,3,3,1.0000,3.0000,1,24.301,22.088
4578,grid,bounded,10,13,3,3,3,1.0000,4.0000,1,25.808,13.820
4579,regular,bounded,28,56,4,7,6,1.1667,4.0000,1,108.838,36.757
4580,balanced_tree,bounded,13,12,4,3,3,1.0000,4.0000,1,17.262,1.665
4581,lollipop,bounded,18,27,6,5,5,1.0000,6.0000,1,42.885,18.432
4582,clique,rigid,1,0,0,1,1,1.0000,1.0000,1,2.633,2.227
4583,star,rigid,9,8,8,1,1,1.0000,1.0000,1,19.690,3.060
4584,complete_bipartite,rigid,5,4,4,1,1,1.0000,1.0000,1,8.115,2.634
4585,crown,rigid,6,6,2,2,2,1.0000,1.0000,1,8.772,17.103
4586,double_star,rigid,6,5,4,2,2,1.0000,1.0000,1,7.536,1.603
4587,erdos_renyi,random,21,21,4,9,9,1.0000,4.0000,1,33.496,26.524
4588,barabasi_albert,random,31,30,15,10,10,1.0000,15.0000,1,46.362,2.523
4589,random_tree,random,24,23,4,10,10,1.0000,4.0000,1,43.629,28.798
4590,path,bounded,12,11,2,4,4,1.0000,2.0000,1,14.666,14.737
4591,cycle,bounded,20,20,2,7,7,1.0000,2.0000,1,55.663,27.012
4592,ladder,bounded,26,37,3,7,7,1.0000,3.0000,1,63.845,20.159
4593,grid,bounded,6,7,3,2,2,1.0000,4.0000,1,8.192,14.149
4594,regular,bounded,3,3,2,1,1,1.0000,2.0000,1,4.296,1.648
4595,balanced_tree,bounded,13,12,4,3,3,1.0000,4.0000,1,23.668,1.984
4596,lollipop,bounded,18,27,6,5,5,1.0000,6.0000,1,42.696,24.452
4597,clique,rigid,9,36,8,1,1,1.0000,1.0000,1,22.719,3.679
4598,star,rigid,29,28,28,1,1,1.0000,1.0000,1,38.207,1.871
4599,complete_bipartite,rigid,15,44,11,4,4,1.0000,1.0000,1,27.827,2.159
4600,crown,rigid,6,6,2,2,2,1.0000,1.0000,1,13.048,30.212
4601,double_star,rigid,9,8,7,2,2,1.0000,1.0000,1,20.981,4.115
4602,erdos_renyi,random,11,15,5,4,4,1.0000,5.0000,1,26.404,21.423
4603,barabasi_albert,random,10,16,4,3,3,1.0000,4.0000,1,16.033,13.961
4604,random_tree,random,33,32,5,12,12,1.0000,5.0000,1,56.340,14.469
4605,path,bounded,3,2,2,1,1,1.0000,2.0000,1,9.175,2.861
4606,cycle,bounded,34,34,2,12,12,1.0000,2.0000,1,114.469,25.894
4607,ladder,bounded,20,28,3,6,6,1.0000,3.0000,1,39.026,24.608
4608,grid,bounded,10,13,3,3,3,1.0000,4.0000,1,21.065,16.662
4609,regular,bounded,16,40,5,3,3,1.0000,5.0000,1,51.831,27.664
4610,balanced_tree,bounded,15,14,3,5,5,1.0000,3.0000,1,48.913,36.380
4611,lollipop,bounded,9,23,7,2,2,1.0000,7.0000,1,34.424,5.658
4612,clique,rigid,1,0,0,1,1,1.0000,1.0000,1,5.761,3.197
4613,star,rigid,22,21,21,1,1,1.0000,1.0000,1,47.391,2.680
4614,complete_bipartite,rigid,22,120,12,10,10,1.0000,1.0000,1,131.242,5.352
4615,crown,rigid,12,30,5,2,2,1.0000,1.0000,1,27.328,24.478
4616,double_star,rigid,17,16,12,5,5,1.0000,1.0000,1,40.727,3.303
4617,erdos_renyi,random,17,21,5,6,6,1.0000,5.0000,1,46.861,32.174
4618,barabasi_albert,random,19,18,5,7,7,1.0000,5.0000,1,54.142,4.901
4619,random_tree,random,23,22,4,8,8,1.0000,4.0000,1,63.299,2.239
4620,path,bounded,39,38,2,13,13,1.0000,2.0000,1,74.184,25.753
4621,cycle,bounded,21,21,2,7,7,1.0000,2.0000,1,49.454,32.073
4622,ladder,bounded,34,49,3,9,9,1.0000,3.0000,1,135.976,26.449
4623,grid,bounded,12,16,3,4,4,1.0000,4.0000,1,28.543,19.918
4624,regular,bounded,32,80,5,7,7,1.0000,5.0000,1,127.855,127.642
4625,balanced_tree,bounded,13,12,4,3,3,1.0000,4.0000,1,32.188,3.071
4626,lollipop,bounded,17,37,8,4,4,1.0000,8.0000,1,38.068,18.150
4627,clique,rigid,2,1,1,1,1,1.0000,1.0000,1,3.106,1.658
4628,star,rigid,21,20,20,1,1,1.0000,1.0000,1,20.825,1.921
4629,complete_bipartite,rigid,7,10,5,2,2,1.0000,1.0000,1,10.926,3.806
4630,crown,rigid,6,6,2,2,2,1.0000,1.0000,1,16.072,23.685
4631,double_star,rigid,23,22,12,11,11,1.0000,1.0000,1,35.489,4.467
4632,erdos_renyi,random,15,36,8,3,3,1.0000,8.0000,1,40.326,18.234
4633,barabasi_albert,random,21,20,11,6,6,1.0000,11.0000,1,44.569,2.489
4634,random_tree,random,25,24,4,9,9,1.0000,4.0000,1,75.639,2.527
4635,path,bounded,11,10,2,4,4,1.0000,2.0000,1,13.782,24.736
4636,cycle,bounded,29,29,2,10,10,1.0000,2.0000,1,91.109,27.573
4637,ladder,bounded,24,34,3,7,7,1.0000,3.0000,1,53.811,18.091
4638,grid,bounded,25,40,4,7,7,1.0000,4.0000,1,86.082,40.034
4639,regular,bounded,22,33,3,6,6,1.0000,3.0000,1,76.500,27.058
4640,balanced_tree,bounded,13,12,4,3,3,1.0000,4.0000,1,22.741,3.320
4641,lollipop,bounded,18,27,6,5,5,1.0000,6.0000,1,43.856,17.179
4642,clique,rigid,7,21,6,1,1,1.0000,1.0000,1,14.524,3.503
4643,star,rigid,20,19,19,1,1,1.0000,1.0000,1,31.067,3.770
4644,complete_bipartite,rigid,10,16,8,2,2,1.0000,1.0000,1,29.600,3.587
4645,crown,rigid,10,20,4,2,2,1.0000,1.0000,1,18.355,13.960
4646,double_star,rigid,20,19,13,7,7,1.0000,1.0000,1,27.371,3.026
4647,erdos_renyi,random,28,103,12,6,6,1.0000,12.0000,1,180.387,30.473
4648,barabasi_albert,random,33,62,14,10,10,1.0000,14.0000,1,154.517,34.531
4649,random_tree,random,9,8,3,4,4,1.0000,3.0000,1,19.386,2.545
4650,path,bounded,15,14,2,5,5,1.0000,2.0000,1,34.962,29.712
4651,cycle,bounded,13,13,2,5,5,1.0000,2.0000,1,24.021,15.049
4652,ladder,bounded,30,43,3,8,8,1.0000,3.0000,1,81.980,18.466
4653,grid,bounded,15,22,4,4,4,1.0000,4.0000,1,33.732,40.616
4654,regular,bounded,24,60,5,5,5,1.0000,5.0000,1,65.378,24.569
4655,balanced_tree,bounded,15,14,3,5,5,1.0000,3.0000,1,18.145,16.423
4656,lollipop,bounded,12,32,8,2,2,1.0000,8.0000,1,16.037,1.780
4657,clique,rigid,1,0,0,1,1,1.0000,1.0000,1,1.624,1.115
4658,star,rigid,16,15,15,1,1,1.0000,1.0000,1,14.169,1.365
4659,complete_bipartite,rigid,14,33,11,3,3,1.0000,1.0000,1,27.387,1.984
4660,crown,rigid,10,20,4,2,2,1.0000,1.0000,1,15.739,14.704
4661,double_star,rigid,11,10,9,2,2,1.0000,1.0000,1,21.617,3.301
4662,erdos_renyi,random,10,14,4,3,3,1.0000,4.0000,1,18.581,12.712
4663,barabasi_albert,random,27,26,9,10,10,1.0000,9.0000,1,38.885,1.806
4664,random_tree,random,20,19,4,7,7,1.0000,4.0000,1,27.642,16.088
4665,path,bounded,30,29,2,10,10,1.0000,2.0000,1,62.707,28.542
4666,cycle,bounded,35,35,2,12,12,1.0000,2.0000,1,114.342,22.467
4667,ladder,bounded,4,4,2,2,2,1.0000,3.0000,1,7.483,2.820
4668,grid,bounded,20,31,4,6,6,1.0000,4.0000,1,70.781,22.237
4669,regular,bounded,6,12,4,2,2,1.0000,4.0000,1,16.593,1.672
4670,balanced_tree,bounded,13,12,4,3,3,1.0000,4.0000,1,21.229,3.078
4671,lollipop,bounded,13,15,4,4,4,1.0000,4.0000,1,29.843,25.760
4672,clique,rigid,9,36,8,1,1,1.0000,1.0000,1,28.702,2.573
4673,star,rigid,2,1,1,1,1,1.0000,1.0000,1,3.972,1.238
4674,complete_bipartite,rigid,16,48,12,4,4,1.0000,1.0000,1,31.442,2.243
4675,crown,rigid,6,6,2,2,2,1.0000,1.0000,1,6.115,14.590
4676,double_star,rigid,11,10,6,5,5,1.0000,1.0000,1,12.413,1.351
4677,erdos_renyi,random,31,135,14,5,5,1.0000,14.0000,1,228.557,251.184
4678,barabasi_albert,random,14,24,8,4,4,1.0000,8.0000,1,24.263,24.273
4679,random_tree,random,35,34,4,13,13,1.0000,4.0000,1,79.329,2.313
4680,path,bounded,27,26,2,9,9,1.0000,2.0000,1,79.475,27.845
4681,cycle,bounded,11,11,2,4,4,1.0000,2.0000,1,29.606,21.363
4682,ladder,bounded,26,37,3,7,7,1.0000,3.0000,1,83.104,36.333
4683,grid,bounded,24,38,4,7,7,1.0000,4.0000,1,61.807,19.726
4684,regular,bounded,24,24,2,9,9,1.0000,2.0000,1,29.075,24.040
4685,balanced_tree,bounded,13,12,4,3,3,1.0000,4.0000,1,17.156,1.602
4686,lollipop,bounded,10,19,6,2,2,1.0000,6.0000,1,25.405,6.154
4687,clique,rigid,7,21,6,1,1,1.0000,1.0000,1,18.333,4.256
4688,star,rigid,10,9,9,1,1,1.0000,1.0000,1,21.087,3.311
4689,complete_bipartite,rigid,15,36,12,3,3,1.0000,1.0000,1,31.793,2.019
4690,crown,rigid,12,30,5,2,2,1.0000,1.0000,1,13.550,11.865
4691,double_star,rigid,15,14,13,2,2,1.0000,1.0000,1,15.212,1.482
4692,erdos_renyi,random,27,135,14,4,4,1.0000,14.0000,1,132.362,13.782
4693,barabasi_albert,random,8,7,5,3,3,1.0000,5.0000,1,10.963,3.037
4694,random_tree,random,29,28,3,10,10,1.0000,3.0000,1,96.852,20.548
4695,path,bounded,10,9,2,4,4,1.0000,2.0000,1,17.135,25.711
4696,cycle,bounded,14,14,2,5,5,1.0000,2.0000,1,23.456,26.725
4697,ladder,bounded,10,13,3,3,3,1.0000,3.0000,1,27.887,27.660
4698,grid,bounded,4,4,2,2,2,1.0000,4.0000,1,8.864,2.224
4699,regular,bounded,31,62,4,8,7,1.1429,4.0000,1,145.414,70.487
4700,balanced_tree,bounded,15,14,3,5,5,1.0000,3.0000,1,19.051,19.620
4701,lollipop,bounded,18,27,6,5,5,1.0000,6.0000,1,42.682,28.307
4702,clique,rigid,12,66,11,1,1,1.0000,1.0000,1,28.516,1.823
4703,star,rigid,18,17,17,1,1,1.0000,1.0000,1,14.959,1.532
4704,complete_bipartite,rigid,22,120,12,10,10,1.0000,1.0000,1,128.700,3.964
4705,crown,rigid,8,12,3,2,2,1.0000,1.0000,1,16.545,22.626
4706,double_star,rigid,16,15,12,4,4,1.0000,1.0000,1,16.985,2.329
4707,erdos_renyi,random,29,112,12,5,5,1.0000,12.0000,1,121.405,120.453
4708,barabasi_albert,random,34,64,18,9,9,1.0000,18.0000,1,135.672,14.280
4709,random_tree,random,21,20,3,8,8,1.0000,3.0000,1,60.913,4.041
4710,path,bounded,27,26,2,9,9,1.0000,2.0000,1,46.103,24.920
4711,cycle,bounded,13,13,2,5,5,1.0000,2.0000,1,35.323,30.765
4712,ladder,bounded,10,13,3,3,3,1.0000,3.0000,1,14.935,13.317
4713,grid,bounded,12,17,4,4,4,1.0000,4.0000,1,22.248,26.092
4714,regular,bounded,34,68,4,8,8,1.0000,4.0000,1,81.545,99.260
4715,balanced_tree,bounded,15,14,3,5,5,1.0000,3.0000,1,26.763,30.214
4716,lollipop,bounded,10,12,4,3,3,1.0000,4.0000,1,12.282,23.419
4717,clique,rigid,7,21,6,1,1,1.0000,1.0000,1,11.528,3.502
4718,star,rigid,8,7,7,1,1,1.0000,1.0000,1,15.776,2.047
4719,complete_bipartite,rigid,19,90,10,9,9,1.0000,1.0000,1,63.695,4.632
4720,crown,rigid,8,12,3,2,2,1.0000,1.0000,1,21.176,13.134
4721,double_star,rigid,16,15,10,6,6,1.0000,1.0000,1,27.816,2.952
4722,erdos_renyi,random,19,49,11,4,4,1.0000,11.0000,1,35.733,20.382
4723,barabasi_albert,random,28,27,14,10,10,1.0000,14.0000,1,45.648,1.875
4724,random_tree,random,30,29,4,11,11,1.0000,4.0000,1,66.572,4.213
4725,path,bounded,15,14,2,5,5,1.0000,2.0000,1,37.578,25.262
4726,cycle,bounded,15,15,2,5,5,1.0000,2.0000,1,19.175,24.583
4727,ladder,bounded,6,7,3,2,2,1.0000,3.0000,1,16.171,30.073
4728,grid,bounded,18,27,4,6,6,1.0000,4.0000,1,28.777,23.655
4729,regular,bounded,18,27,3,5,5,1.0000,3.0000,1,31.628,31.243
4730,balanced_tree,bounded,15,14,3,5,5,1.0000,3.0000,1,19.042,27.306
4731,lollipop,bounded,7,9,4,2,2,1.0000,4.0000,1,12.078,2.037
4732,clique,rigid,10,45,9,1,1,1.0000,1.0000,1,14.268,1.767
4733,star,rigid,21,20,20,1,1,1.0000,1.0000,1,17.425,1.591
4734,complete_bipartite,rigid,16,64,8,8,8,1.0000,1.0000,1,84.427,5.852
4735,crown,rigid,8,12,3,2,2,1.0000,1.0000,1,10.712,20.741
4736,double_star,rigid,15,14,8,7,7,1.0000,1.0000,1,35.798,2.834
4737,erdos_renyi,random,34,172,18,5,5,1.0000,18.0000,1,438.624,227.084
4738,barabasi_albert,random,19,34,10,7,7,1.0000,10.0000,1,35.137,12.391
4739,random_tree,random,10,9,4,3,3,1.0000,4.0000,1,20.969,2.854
4740,path,bounded,7,6,2,3,3,1.0000,2.0000,1,11.206,2.678
4741,cycle,bounded,10,10,2,4,4,1.0000,2.0000,1,27.481,38.648
4742,ladder,bounded,20,28,3,6,6,1.0000,3.0000,1,56.121,31.831
4743,grid,bounded,18,27,4,6,6,1.0000,4.0000,1,54.470,29.747
4744,regular,bounded,6,9,3,2,2,1.0000,3.0000,1,9.490,17.219
4745,balanced_tree,bounded,15,14,3,5,5,1.0000,3.0000,1,25.149,26.505
4746,lollipop,bounded,18,27,6,5,5,1.0000,6.0000,1,32.823,25.150
4747,clique,rigid,9,36,8,1,1,1.0000,1.0000,1,27.199,4.306
4748,star,rigid,17,16,16,1,1,1.0000,1.0000,1,27.385,3.714
4749,complete_bipartite,rigid,21,110,11,10,10,1.0000,1.0000,1,107.758,4.961
4750,crown,rigid,4,2,1,2,2,1.0000,1.0000,1,6.342,1.665
4751,double_star,rigid,14,13,11,3,3,1.0000,1.0000,1,20.669,1.989
4752,erdos_renyi,random,24,66,14,6,6,1.0000,14.0000,1,97.450,24.691
4753,barabasi_albert,random,17,16,6,6,6,1.0000,6.0000,1,35.790,3.743
4754,random_tree,random,8,7,3,3,3,1.0000,3.0000,1,17.133,2.671
4755,path,bounded,33,32,2,11,11,1.0000,2.0000,1,109.609,25.395
4756,cycle,bounded,27,27,2,9,9,1.0000,2.0000,1,72.037,29.760
4757,ladder,bounded,20,28,3,6,6,1.0000,3.0000,1,74.112,47.673
4758,grid,bounded,12,16,3,4,4,1.0000,4.0000,1,41.842,30.014
4759,regular,bounded,18,36,4,4,4,1.0000,4.0000,1,46.734,24.512
4760,balanced_tree,bounded,13,12,4,3,3,1.0000,4.0000,1,33.864,6.148
4761,lollipop,bounded,10,15,5,3,3,1.0000,5.0000,1,45.995,54.636
4762,clique,rigid,9,36,8,1,1,1.0000,1.0000,1,29.049,3.373
4763,star,rigid,29,28,28,1,1,1.0000,1.0000,1,51.427,3.660
4764,complete_bipartite,rigid,13,30,10,3,3,1.0000,1.0000,1,31.852,2.339
4765,crown,rigid,6,6,2,2,2,1.0000,1.0000,1,7.367,17.345
4766,double_star,rigid,15,14,12,3,3,1.0000,1.0000,1,28.032,4.205
4767,erdos_renyi,random,20,20,5,10,10,1.0000,5.0000,1,42.278,26.646
4768,barabasi_albert,random,8,12,4,2,2,1.0000,4.0000,1,11.428,3.986
4769,random_tree,random,31,30,4,11,11,1.0000,4.0000,1,65.975,3.099
4770,path,bounded,28,27,2,10,10,1.0000,2.0000,1,61.032,16.289
4771,cycle,bounded,18,18,2,6,6,1.0000,2.0000,1,28.753,23.078
4772,ladder,bounded,6,7,3,2,2,1.0000,3.0000,1,10.038,16.547
4773,grid,bounded,20,31,4,6,6,1.0000,4.0000,1,35.492,13.361
4774,regular,bounded,14,28,4,4,4,1.0000,4.0000,1,37.419,30.876
4775,balanced_tree,bounded,15,14,3,5,5,1.0000,3.0000,1,23.500,16.254
4776,lollipop,bounded,4,4,3,1,1,1.0000,3.0000,1,5.949,14.845
4777,clique,rigid,5,10,4,1,1,1.0000,1.0000,1,5.344,1.369
4778,star,rigid,28,27,27,1,1,1.0000,1.0000,1,45.883,1.832
4779,complete_bipartite,rigid,19,84,12,7,7,1.0000,1.0000,1,62.341,5.410
4780,crown,rigid,6,6,2,2,2,1.0000,1.0000,1,9.590,23.990
4781,double_star,rigid,17,16,10,7,7,1.0000,1.0000,1,20.396,1.710
4782,erdos_renyi,random,28,105,12,5,5,1.0000,12.0000,1,164.482,161.359
4783,barabasi_albert,random,19,18,7,6,6,1.0000,7.0000,1,35.479,4.899
4784,random_tree,random,13,12,4,4,4,1.0000,4.0000,1,27.893,1.837
4785,path,bounded,22,21,2,8,8,1.0000,2.0000,1,47.935,21.619
4786,cycle,bounded,23,23,2,8,8,1.0000,2.0000,1,57.139,19.023
4787,ladder,bounded,26,37,3,7,7,1.0000,3.0000,1,59.146,22.163
4788,grid,bounded,10,13,3,3,3,1.0000,4.0000,1,21.129,18.456
4789,regular,bounded,22,33,3,6,6,1.0000,3.0000,1,56.268,18.685
4790,balanced_tree,bounded,13,12,4,3,3,1.0000,4.0000,1,25.856,2.346
4791,lollipop,bounded,11,11,3,4,4,1.0000,3.0000,1,23.313,24.508
4792,clique,rigid,13,78,12,1,1,1.0000,1.0000,1,36.369,5.573
4793,star,rigid,14,13,13,1,1,1.0000,1.0000,1,22.185,3.072
4794,complete_bipartite,rigid,19,88,11,8,8,1.0000,1.0000,1,81.672,3.619
4795,crown,rigid,4,2,1,2,2,1.0000,1.0000,1,6.867,2.298
4796,double_star,rigid,18,17,10,8,8,1.0000,1.0000,1,31.364,2.299
4797,erdos_renyi,random,31,127,12,5,5,1.0000,12.0000,1,247.443,66.857
4798,barabasi_albert,random,21,38,9,6,6,1.0000,9.0000,1,66.714,20.955
4799,random_tree,random,36,35,4,14,14,1.0000,4.0000,1,125.732,35.423
4800,path,bounded,30,29,2,10,10,1.0000,2.0000,1,63.983,18.474
4801,cycle,bounded,32,32,2,11,11,1.0000,2.0000,1,86.169,29.380
4802,ladder,bounded,12,16,3,4,4,1.0000,3.0000,1,28.128,26.385
4803,grid,bounded,18,27,4,6,6,1.0000,4.0000,1,51.861,69.526
4804,regular,bounded,26,39,3,7,7,1.0000,3.0000,1,78.835,46.710
4805,balanced_tree,bounded,13,12,4,3,3,1.0000,4.0000,1,41.905,3.496
4806,lollipop,bounded,15,17,4,5,5,1.0000,4.0000,1,32.182,14.338
4807,clique,rigid,2,1,1,1,1,1.0000,1.0000,1,4.340,1.531
4808,star,rigid,16,15,15,1,1,1.0000,1.0000,1,24.993,4.094
4809,complete_bipartite,rigid,17,72,9,8,8,1.0000,1.0000,1,58.950,2.726
4810,crown,rigid,6,6,2,2,2,1.0000,1.0000,1,6.978,14.910
4811,double_star,rigid,14,13,7,7,7,1.0000,1.0000,1,24.156,1.676
4812,erdos_renyi,random,17,16,5,8,8,1.0000,5.0000,1,22.016,27.515
4813,barabasi_albert,random,27,26,5,12,12,1.0000,5.0000,1,61.252,4.180
4814,random_tree,random,5,4,2,2,2,1.0000,2.0000,1,6.439,1.483
4815,path,bounded,39,38,2,13,13,1.0000,2.0000,1,85.271,24.721
4816,cycle,bounded,17,17,2,6,6,1.0000,2.0000,1,37.870,16.812
4817,ladder,bounded,26,37,3,7,7,1.0000,3.0000,1,60.499,14.577
4818,grid,bounded,20,31,4,6,6,1.0000,4.0000,1,57.100,19.470
4819,regular,bounded,28,70,5,6,6,1.0000,5.0000,1,105.849,51.436
4820,balanced_tree,bounded,15,14,3,5,5,1.0000,3.0000,1,26.748,28.519
4821,lollipop,bounded,13,33,8,3,3,1.0000,8.0000,1,32.740,43.984
4822,clique,rigid,11,55,10,1,1,1.0000,1.0000,1,39.833,2.314
4823,star,rigid,24,23,23,1,1,1.0000,1.0000,1,33.893,3.166
4824,complete_bipartite,rigid,14,49,7,7,7,1.0000,1.0000,1,52.977,6.229
4825,crown,rigid,6,6,2,2,2,1.0000,1.0000,1,14.540,23.525
4826,double_star,rigid,11,10,7,4,4,1.0000,1.0000,1,18.022,1.739
4827,erdos_renyi,random,31,196,17,3,3,1.0000,17.0000,1,239.289,91.077
4828,barabasi_albert,random,28,52,15,7,7,1.0000,15.0000,1,109.691,19.390
4829,random_tree,random,37,36,4,12,12,1.0000,4.0000,1,111.925,25.733
4830,path,bounded,25,24,2,9,9,1.0000,2.0000,1,72.293,29.126
4831,cycle,bounded,28,28,2,10,10,1.0000,2.0000,1,67.069,17.665
4832,ladder,bounded,22,31,3,6,6,1.0000,3.0000,1,64.212,22.763
4833,grid,bounded,12,17,4,4,4,1.0000,4.0000,1,20.933,24.426
4834,regular,bounded,24,60,5,5,5,1.0000,5.0000,1,108.554,69.573
4835,balanced_tree,bounded,13,12,4,3,3,1.0000,4.0000,1,29.109,2.253
4836,lollipop,bounded,15,17,4,5,5,1.0000,4.0000,1,33.722,26.531
4837,clique,rigid,1,0,0,1,1,1.0000,1.0000,1,2.297,1.586
4838,star,rigid,30,29,29,1,1,1.0000,1.0000,1,34.972,2.116
4839,complete_bipartite,rigid,11,28,7,4,4,1.0000,1.0000,1,18.409,1.836
4840,crown,rigid,12,30,5,2,2,1.0000,1.0000,1,13.989,11.225
4841,double_star,rigid,7,6,5,2,2,1.0000,1.0000,1,9.739,1.526
4842,erdos_renyi,random,8,5,2,4,4,1.0000,2.0000,1,9.394,1.342
4843,barabasi_albert,random,11,10,8,3,3,1.0000,8.0000,1,11.051,1.256
4844,random_tree,random,27,26,5,11,11,1.0000,5.0000,1,43.710,4.447
4845,path,bounded,25,24,2,9,9,1.0000,2.0000,1,57.520,14.515
4846,cycle,bounded,37,37,2,13,13,1.0000,2.0000,1,84.677,18.979
4847,ladder,bounded,36,52,3,10,10,1.0000,3.0000,1,118.221,33.895
4848,grid,bounded,18,27,4,6,6,1.0000,4.0000,1,41.627,44.664
4849,regular,bounded,10,20,4,3,3,1.0000,4.0000,1,16.558,12.458
4850,balanced_tree,bounded,13,12,4,3,3,1.0000,4.0000,1,15.546,1.493
4851,lollipop,bounded,4,4,3,1,1,1.0000,3.0000,1,4.738,14.218
4852,clique,rigid,2,1,1,1,1,1.0000,1.0000,1,3.392,1.973
4853,star,rigid,21,20,20,1,1,1.0000,1.0000,1,52.908,3.897
4854,complete_bipartite,rigid,13,40,8,5,5,1.0000,1.0000,1,49.559,2.001
4855,crown,rigid,6,6,2,2,2,1.0000,1.0000,1,9.043,24.979
4856,double_star,rigid,17,16,10,7,7,1.0000,1.0000,1,32.751,3.011
4857,erdos_renyi,random,23,32,6,9,9,1.0000,6.0000,1,106.978,45.295
4858,barabasi_albert,random,14,13,10,3,3,1.0000,10.0000,1,37.933,3.953
4859,random_tree,random,34,33,4,11,11,1.0000,4.0000,1,102.534,48.824
4860,path,bounded,4,3,2,2,2,1.0000,2.0000,1,13.670,3.197
4861,cycle,bounded,21,21,2,7,7,1.0000,2.0000,1,54.117,29.346
4862,ladder,bounded,22,31,3,6,6,1.0000,3.0000,1,36.217,13.037
4863,grid,bounded,6,7,3,2,2,1.0000,4.0000,1,8.139,13.735
4864,regular,bounded,6,9,3,2,2,1.0000,3.0000,1,8.659,12.877
4865,balanced_tree,bounded,13,12,4,3,3,1.0000,4.0000,1,14.701,1.502
4866,lollipop,bounded,15,24,6,4,4,1.0000,6.0000,1,17.293,13.674
4867,clique,rigid,8,28,7,1,1,1.0000,1.0000,1,10.908,1.547
4868,star,rigid,19,18,18,1,1,1.0000,1.0000,1,16.125,1.524
4869,complete_bipartite,rigid,7,6,6,1,1,1.0000,1.0000,1,6.399,1.822
4870,crown,rigid,10,20,4,2,2,1.0000,1.0000,1,10.816,19.698
4871,double_star,rigid,9,8,5,4,4,1.0000,1.0000,1,17.538,2.508
4872,erdos_renyi,random,12,11,5,5,5,1.0000,5.0000,1,31.914,14.742
4873,barabasi_albert,random,12,11,5,6,6,1.0000,5.0000,1,18.409,1.851
4874,random_tree,random,10,9,3,3,3,1.0000,3.0000,1,19.686,25.214
4875,path,bounded,34,33,2,12,12,1.0000,2.0000,1,112.070,16.104
4876,cycle,bounded,38,38,2,13,13,1.0000,2.0000,1,75.907,38.686
4877,ladder,bounded,20,28,3,6,6,1.0000,3.0000,1,55.558,42.584
4878,grid,bounded,20,31,4,6,6,1.0000,4.0000,1,70.347,27.148
4879,regular,bounded,32,48,3,9,9,1.0000,3.0000,1,136.476,94.245
4880,balanced_tree,bounded,13,12,4,3,3,1.0000,4.0000,1,28.238,1.673
4881,lollipop,bounded,12,26,7,3,3,1.0000,7.0000,1,14.611,21.880
4882,clique,rigid,13,78,12,1,1,1.0000,1.0000,1,27.094,4.565
4883,star,rigid,2,1,1,1,1,1.0000,1.0000,1,6.403,2.813
4884,complete_bipartite,rigid,12,20,10,2,2,1.0000,1.0000,1,68.910,3.063
4885,crown,rigid,12,30,5,2,2,1.0000,1.0000,1,30.438,25.099
4886,double_star,rigid,19,18,11,8,8,1.0000,1.0000,1,29.154,1.651
4887,erdos_renyi,random,24,40,10,6,6,1.0000,10.0000,1,43.028,13.537
4888,barabasi_albert,random,30,56,11,8,8,1.0000,11.0000,1,99.782,15.877
4889,random_tree,random,23,22,4,8,8,1.0000,4.0000,1,44.756,58.048
4890,path,bounded,5,4,2,2,2,1.0000,2.0000,1,14.513,3.015
4891,cycle,bounded,24,24,2,8,8,1.0000,2.0000,1,58.450,26.445
4892,ladder,bounded,14,19,3,4,4,1.0000,3.0000,1,33.483,21.026
4893,grid,bounded,12,17,4,4,4,1.0000,4.0000,1,26.269,20.406
4894,regular,bounded,16,40,5,3,3,1.0000,5.0000,1,35.346,34.280
4895,balanced_tree,bounded,15,14,3,5,5,1.0000,3.0000,1,23.528,17.758
4896,lollipop,bounded,14,16,4,4,4,1.0000,4.0000,1,37.023,17.070
4897,clique,rigid,8,28,7,1,1,1.0000,1.0000,1,12.038,1.675
4898,star,rigid,11,10,10,1,1,1.0000,1.0000,1,9.935,1.764
4899,complete_bipartite,rigid,17,60,12,5,5,1.0000,1.0000,1,36.127,5.181
4900,crown,rigid,12,30,5,2,2,1.0000,1.0000,1,25.960,20.071
4901,double_star,rigid,21,20,13,8,8,1.0000,1.0000,1,36.852,2.306
4902,erdos_renyi,random,17,46,11,4,4,1.0000,11.0000,1,49.819,29.774
4903,barabasi_albert,random,17,30,10,6,6,1.0000,10.0000,1,56.375,20.855
4904,random_tree,random,24,23,3,8,8,1.0000,3.0000,1,71.901,34.567
4905,path,bounded,36,35,2,12,12,1.0000,2.0000,1,97.975,26.021
4906,cycle,bounded,33,33,2,11,11,1.0000,2.0000,1,106.984,28.614
4907,ladder,bounded,20,28,3,6,6,1.0000,3.0000,1,62.871,30.336
4908,grid,bounded,12,16,3,4,4,1.0000,4.0000,1,21.136,19.930
4909,regular,bounded,20,30,3,6,6,1.0000,3.0000,1,34.917,22.605
4910,balanced_tree,bounded,13,12,4,3,3,1.0000,4.0000,1,34.953,2.520
4911,lollipop,bounded,16,25,6,4,4,1.0000,6.0000,1,50.790,28.088
4912,clique,rigid,3,3,2,1,1,1.0000,1.0000,1,5.391,2.452
4913,star,rigid,26,25,25,1,1,1.0000,1.0000,1,42.401,4.928
4914,complete_bipartite,rigid,17,66,11,6,6,1.0000,1.0000,1,75.251,5.624
4915,crown,rigid,10,20,4,2,2,1.0000,1.0000,1,21.381,12.265
4916,double_star,rigid,6,5,4,2,2,1.0000,1.0000,1,9.832,3.117
4917,erdos_renyi,random,26,81,12,4,4,1.0000,12.0000,1,115.365,28.438
4918,barabasi_albert,random,11,10,5,5,5,1.0000,5.0000,1,17.213,1.909
4919,random_tree,random,7,6,3,2,2,1.0000,3.0000,1,7.593,1.653
4920,path,bounded,7,6,2,3,3,1.0000,2.0000,1,8.143,1.525
4921,cycle,bounded,29,29,2,10,10,1.0000,2.0000,1,78.844,21.861
4922,ladder,bounded,10,13,3,3,3,1.0000,3.0000,1,24.356,27.216
4923,grid,bounded,36,60,4,10,10,1.0000,4.0000,1,154.200,157.749
4924,regular,bounded,31,31,2,12,12,1.0000,2.0000,1,54.795,30.721
4925,balanced_tree,bounded,15,14,3,5,5,1.0000,3.0000,1,38.875,26.338
4926,lollipop,bounded,6,8,4,2,2,1.0000,4.0000,1,10.838,3.526
4927,clique,rigid,8,28,7,1,1,1.0000,1.0000,1,22.005,1.793
4928,star,rigid,15,14,14,1,1,1.0000,1.0000,1,13.337,1.522
4929,complete_bipartite,rigid,15,36,12,3,3,1.0000,1.0000,1,35.229,2.104
4930,crown,rigid,8,12,3,2,2,1.0000,1.0000,1,9.402,13.625
4931,double_star,rigid,13,12,9,4,4,1.0000,1.0000,1,17.147,1.892
4932,erdos_renyi,random,25,48,9,8,8,1.0000,9.0000,1,80.578,31.928
4933,barabasi_albert,random,28,52,10,7,7,1.0000,10.0000,1,84.644,27.189
4934,random_tree,random,7,6,4,3,3,1.0000,4.0000,1,18.018,1.434
4935,path,bounded,25,24,2,9,9,1.0000,2.0000,1,56.327,14.144
4936,cycle,bounded,4,4,2,2,2,1.0000,2.0000,1,5.567,1.661
4937,ladder,bounded,22,31,3,6,6,1.0000,3.0000,1,46.413,26.759
4938,grid,bounded,15,22,4,4,4,1.0000,4.0000,1,36.412,17.443
4939,regular,bounded,8,12,3,3,3,1.0000,3.0000,1,9.395,13.842
4940,balanced_tree,bounded,15,14,3,5,5,1.0000,3.0000,1,21.436,16.173
4941,lollipop,bounded,10,19,6,2,2,1.0000,6.0000,1,13.888,1.726
4942,clique,rigid,2,1,1,1,1,1.0000,1.0000,1,2.712,1.537
4943,star,rigid,22,21,21,1,1,1.0000,1.0000,1,46.109,2.023
4944,complete_bipartite,rigid,16,48,12,4,4,1.0000,1.0000,1,40.179,3.594
4945,crown,rigid,12,30,5,2,2,1.0000,1.0000,1,26.126,24.869
4946,double_star,rigid,19,18,11,8,8,1.0000,1.0000,1,29.417,1.886
4947,erdos_renyi,random,9,2,2,7,7,1.0000,2.0000,1,14.615,2.825
4948,barabasi_albert,random,14,24,7,5,5,1.0000,7.0000,1,41.812,15.788
4949,random_tree,random,2,1,1,1,1,1.0000,1.0000,1,3.318,1.459
4950,path,bounded,8,7,2,3,3,1.0000,2.0000,1,8.963,21.920
4951,cycle,bounded,15,15,2,5,5,1.0000,2.0000,1,30.377,23.182
4952,ladder,bounded,30,43,3,8,8,1.0000,3.0000,1,96.225,13.150
4953,grid,bounded,4,4,2,2,2,1.0000,4.0000,1,5.776,1.509
4954,regular,bounded,26,39,3,7,7,1.0000,3.0000,1,55.642,29.227
4955,balanced_tree,bounded,15,14,3,5,5,1.0000,3.0000,1,29.452,35.318
4956,lollipop,bounded,8,8,3,3,3,1.0000,3.0000,1,18.792,24.448
4957,clique,rigid,9,36,8,1,1,1.0000,1.0000,1,13.001,1.732
4958,star,rigid,8,7,7,1,1,1.0000,1.0000,1,15.806,2.692
4959,complete_bipartite,rigid,3,2,2,1,1,1.0000,1.0000,1,6.053,1.674
4960,crown,rigid,8,12,3,2,2,1.0000,1.0000,1,8.472,12.478
4961,double_star,rigid,18,17,10,8,8,1.0000,1.0000,1,28.921,4.518
4962,erdos_renyi,random,26,58,8,6,6,1.0000,8.0000,1,92.554,20.913
4963,barabasi_albert,random,21,38,13,4,4,1.0000,13.0000,1,68.793,27.896
4964,random_tree,random,34,33,5,13,13,1.0000,5.0000,1,117.650,38.065
4965,path,bounded,10,9,2,4,4,1.0000,2.0000,1,24.160,22.816
4966,cycle,bounded,21,21,2,7,7,1.0000,2.0000,1,27.372,14.447
4967,ladder,bounded,18,25,3,5,5,1.0000,3.0000,1,32.648,22.219
4968,grid,bounded,20,31,4,6,6,1.0000,4.0000,1,70.999,19.404
4969,regular,bounded,30,45,3,9,9,1.0000,3.0000,1,56.835,43.240
4970,balanced_tree,bounded,15,14,3,5,5,1.0000,3.0000,1,17.937,16.498
4971,lollipop,bounded,8,10,4,2,2,1.0000,4.0000,1,9.522,1.541
4972,clique,rigid,12,66,11,1,1,1.0000,1.0000,1,26.032,4.449
4973,star,rigid,28,27,27,1,1,1.0000,1.0000,1,48.902,4.924
4974,complete_bipartite,rigid,13,36,9,4,4,1.0000,1.0000,1,37.522,2.573
4975,crown,rigid,4,2,1,2,2,1.0000,1.0000,1,6.441,2.735
4976,double_star,rigid,14,13,7,7,7,1.0000,1.0000,1,26.346,3.406
4977,erdos_renyi,random,21,7,2,14,14,1.0000,2.0000,1,79.143,2.600
4978,barabasi_albert,random,23,42,9,7,7,1.0000,9.0000,1,79.189,17.414
4979,random_tree,random,23,22,4,7,7,1.0000,4.0000,1,62.286,34.545
4980,path,bounded,20,19,2,7,7,1.0000,2.0000,1,34.169,28.117
4981,cycle,bounded,22,22,2,8,8,1.0000,2.0000,1,47.668,16.170
4982,ladder,bounded,26,37,3,7,7,1.0000,3.0000,1,86.522,27.041
4983,grid,bounded,20,31,4,6,6,1.0000,4.0000,1,52.140,16.736
4984,regular,bounded,13,26,4,3,3,1.0000,4.0000,1,25.247,23.210
4985,balanced_tree,bounded,13,12,4,3,3,1.0000,4.0000,1,26.377,2.262
4986,lollipop,bounded,13,15,4,4,4,1.0000,4.0000,1,32.320,22.635
4987,clique,rigid,10,45,9,1,1,1.0000,1.0000,1,17.142,2.078
4988,star,rigid,10,9,9,1,1,1.0000,1.0000,1,12.887,2.038
4989,complete_bipartite,rigid,10,16,8,2,2,1.0000,1.0000,1,20.131,2.376
4990,crown,rigid,10,20,4,2,2,1.0000,1.0000,1,18.823,23.000
4991,double_star,rigid,11,10,9,2,2,1.0000,1.0000,1,21.380,2.909
4992,erdos_renyi,random,22,29,5,7,7,1.0000,5.0000,1,61.305,17.641
4993,barabasi_albert,random,24,44,11,7,7,1.0000,11.0000,1,81.355,15.022
4994,random_tree,random,36,35,4,14,14,1.0000,4.0000,1,90.949,24.466
4995,path,bounded,3,2,2,1,1,1.0000,2.0000,1,7.099,2.893
4996,cycle,bounded,13,13,2,5,5,1.0000,2.0000,1,30.255,23.768
4997,ladder,bounded,6,7,3,2,2,1.0000,3.0000,1,11.026,40.642
4998,grid,bounded,18,27,4,6,6,1.0000,4.0000,1,53.645,29.907
4999,regular,bounded,16,24,3,4,4,1.0000,3.0000,1,35.130,25.522
5000,balanced_tree,bounded,15,14,3,5,5,1.0000,3.0000,1,39.516,29.359
5001,lollipop,bounded,13,22,6,3,3,1.0000,6.0000,1,26.995,28.682
5002,clique,rigid,11,55,10,1,1,1.0000,1.0000,1,25.803,3.533
5003,star,rigid,3,2,2,1,1,1.0000,1.0000,1,6.602,2.805
5004,complete_bipartite,rigid,21,108,12,9,9,1.0000,1.0000,1,108.720,5.351
5005,crown,rigid,8,12,3,2,2,1.0000,1.0000,1,16.073,28.886
5006,double_star,rigid,22,21,11,11,11,1.0000,1.0000,1,30.433,2.789
5007,erdos_renyi,random,30,157,16,4,4,1.0000,16.0000,1,260.694,40.617
5008,barabasi_albert,random,24,44,10,7,7,1.0000,10.0000,1,82.936,21.097
5009,random_tree,random,10,9,3,4,4,1.0000,3.0000,1,20.432,1.654
5010,path,bounded,37,36,2,13,13,1.0000,2.0000,1,103.820,15.015
5011,cycle,bounded,24,24,2,8,8,1.0000,2.0000,1,31.369,27.353
5012,ladder,bounded,30,43,3,8,8,1.0000,3.0000,1,79.889,13.131
5013,grid,bounded,20,31,4,6,6,1.0000,4.0000,1,70.838,25.203
5014,regular,bounded,25,25,2,9,9,1.0000,2.0000,1,60.447,16.448
5015,balanced_tree,bounded,15,14,3,5,5,1.0000,3.0000,1,22.044,17.520
5016,lollipop,bounded,10,15,5,3,3,1.0000,5.0000,1,26.008,46.822
5017,clique,rigid,5,10,4,1,1,1.0000,1.0000,1,7.463,1.846
5018,star,rigid,5,4,4,1,1,1.0000,1.0000,1,5.548,1.581
5019,complete_bipartite,rigid,13,36,9,4,4,1.0000,1.0000,1,28.275,2.185
5020,crown,rigid,12,30,5,2,2,1.0000,1.0000,1,22.581,26.772
5021,double_star,rigid,19,18,13,6,6,1.0000,1.0000,1,30.423,2.001
5022,erdos_renyi,random,12,10,4,4,4,1.0000,4.0000,1,14.601,1.687
5023,barabasi_albert,random,31,30,7,12,12,1.0000,7.0000,1,73.192,4.061
5024,random_tree,random,33,32,4,12,12,1.0000,4.0000,1,112.701,23.715
5025,path,bounded,20,19,2,7,7,1.0000,2.0000,1,45.432,17.044
5026,cycle,bounded,39,39,2,13,13,1.0000,2.0000,1,86.205,37.048
5027,ladder,bounded,32,46,3,9,9,1.0000,3.0000,1,132.074,23.064
5028,grid,bounded,12,16,3,4,4,1.0000,4.0000,1,29.462,22.034
5029,regular,bounded,33,66,4,9,8,1.1250,4.0000,1,164.213,78.027
5030,balanced_tree,bounded,13,12,4,3,3,1.0000,4.0000,1,26.972,4.100
5031,lollipop,bounded,17,22,5,5,5,1.0000,5.0000,1,41.344,29.570
5032,clique,rigid,14,91,13,1,1,1.0000,1.0000,1,46.806,3.907
5033,star,rigid,4,3,3,1,1,1.0000,1.0000,1,8.869,2.491
5034,complete_bipartite,rigid,13,36,9,4,4,1.0000,1.0000,1,39.056,3.648
5035,crown,rigid,10,20,4,2,2,1.0000,1.0000,1,22.305,21.020
5036,double_star,rigid,8,7,5,3,3,1.0000,1.0000,1,17.017,3.112
5037,erdos_renyi,random,24,50,8,5,5,1.0000,8.0000,1,111.968,22.812
5038,barabasi_albert,random,16,15,5,6,6,1.0000,5.0000,1,27.763,1.719
5039,random_tree,random,36,35,5,14,14,1.0000,5.0000,1,134.433,21.450
5040,path,bounded,36,35,2,12,12,1.0000,2.0000,1,96.208,20.656
5041,cycle,bounded,35,35,2,12,12,1.0000,2.0000,1,71.991,24.122
5042,ladder,bounded,18,25,3,5,5,1.0000,3.0000,1,58.053,33.141
5043,grid,bounded,6,7,3,2,2,1.0000,4.0000,1,11.639,24.367
5044,regular,bounded,10,15,3,3,3,1.0000,3.0000,1,13.215,13.332
5045,balanced_tree,bounded,13,12,4,3,3,1.0000,4.0000,1,35.725,3.722
5046,lollipop,bounded,14,14,3,5,5,1.0000,3.0000,1,21.599,28.917
5047,clique,rigid,12,66,11,1,1,1.0000,1.0000,1,38.842,5.244
5048,star,rigid,11,10,10,1,1,1.0000,1.0000,1,16.100,2.317
5049,complete_bipartite,rigid,7,12,4,3,3,1.0000,1.0000,1,15.459,1.800
5050,crown,rigid,12,30,5,2,2,1.0000,1.0000,1,17.308,11.928
5051,double_star,rigid,18,17,10,8,8,1.0000,1.0000,1,34.886,3.775
5052,erdos_renyi,random,18,24,5,7,7,1.0000,5.0000,1,43.406,28.211
5053,barabasi_albert,random,29,54,11,6,6,1.0000,11.0000,1,87.444,26.285
5054,random_tree,random,21,20,5,9,9,1.0000,5.0000,1,35.594,3.272
5055,path,bounded,23,22,2,8,8,1.0000,2.0000,1,47.536,13.790
5056,cycle,bounded,16,16,2,6,6,1.0000,2.0000,1,38.805,26.921
5057,ladder,bounded,4,4,2,2,2,1.0000,3.0000,1,7.270,2.194
5058,grid,bounded,8,10,3,3,3,1.0000,4.0000,1,11.654,18.885
5059,regular,bounded,16,24,3,4,4,1.0000,3.0000,1,26.992,22.020
5060,balanced_tree,bounded,13,12,4,3,3,1.0000,4.0000,1,17.315,1.971
5061,lollipop,bounded,19,39,8,5,5,1.0000,8.0000,1,43.655,20.072
5062,clique,rigid,6,15,5,1,1,1.0000,1.0000,1,13.044,3.619
5063,star,rigid,30,29,29,1,1,1.0000,1.0000,1,45.455,1.926
5064,complete_bipartite,rigid,10,21,7,3,3,1.0000,1.0000,1,36.418,3.976
5065,crown,rigid,4,2,1,2,2,1.0000,1.0000,1,12.230,3.763
5066,double_star,rigid,14,13,10,4,4,1.0000,1.0000,1,23.267,1.864
5067,erdos_renyi,random,34,90,9,7,7,1.0000,9.0000,1,143.463,66.393
5068,barabasi_albert,random,17,16,9,5,5,1.0000,9.0000,1,20.672,2.362
5069,random_tree,random,20,19,4,7,7,1.0000,4.0000,1,45.114,2.606
5070,path,bounded,36,35,2,12,12,1.0000,2.0000,1,78.126,25.375
5071,cycle,bounded,35,35,2,12,12,1.0000,2.0000,1,119.835,35.654
5072,ladder,bounded,36,52,3,10,10,1.0000,3.0000,1,166.311,48.459
5073,grid,bounded,36,60,4,10,10,1.0000,4.0000,1,197.924,129.012
5074,regular,bounded,8,20,5,2,2,1.0000,5.0000,1,17.057,24.219
5075,balanced_tree,bounded,13,12,4,3,3,1.0000,4.0000,1,17.919,1.587
5076,lollipop,bounded,10,10,3,3,3,1.0000,3.0000,1,10.156,15.841
5077,clique,rigid,7,21,6,1,1,1.0000,1.0000,1,19.636,2.719
5078,star,rigid,7,6,6,1,1,1.0000,1.0000,1,15.790,3.069
5079,complete_bipartite,rigid,16,63,9,7,7,1.0000,1.0000,1,40.194,2.395
5080,crown,rigid,12,30,5,2,2,1.0000,1.0000,1,13.895,11.267
5081,double_star,rigid,14,13,9,5,5,1.0000,1.0000,1,14.898,1.573
5082,erdos_renyi,random,24,37,7,8,8,1.0000,7.0000,1,64.097,17.338
5083,barabasi_albert,random,28,27,8,12,12,1.0000,8.0000,1,51.556,1.995
5084,random_tree,random,14,13,3,5,5,1.0000,3.0000,1,27.828,5.186
5085,path,bounded,39,38,2,13,13,1.0000,2.0000,1,94.376,27.175
5086,cycle,bounded,10,10,2,4,4,1.0000,2.0000,1,23.641,30.799
5087,ladder,bounded,8,10,3,3,3,1.0000,3.0000,1,34.230,28.581
5088,grid,bounded,12,17,4,4,4,1.0000,4.0000,1,28.022,22.276
5089,regular,bounded,24,36,3,7,7,1.0000,3.0000,1,62.740,72.869
5090,balanced_tree,bounded,13,12,4,3,3,1.0000,4.0000,1,34.053,3.293
5091,lollipop,bounded,8,22,7,1,1,1.0000,7.0000,1,23.617,20.510
5092,clique,rigid,10,45,9,1,1,1.0000,1.0000,1,25.137,3.720
5093,star,rigid,30,29,29,1,1,1.0000,1.0000,1,33.880,5.155
5094,complete_bipartite,rigid,15,56,8,7,7,1.0000,1.0000,1,69.536,5.539
5095,crown,rigid,8,12,3,2,2,1.0000,1.0000,1,20.895,31.302
5096,double_star,rigid,22,21,12,10,10,1.0000,1.0000,1,38.720,3.866
5097,erdos_renyi,random,21,63,9,4,4,1.0000,9.0000,1,110.899,60.211
5098,barabasi_albert,random,27,26,8,13,13,1.0000,8.0000,1,81.181,3.042
5099,random_tree,random,7,6,3,3,3,1.0000,3.0000,1,11.016,2.271
5100,path,bounded,24,23,2,8,8,1.0000,2.0000,1,53.220,28.705
5101,cycle,bounded,36,36,2,12,12,1.0000,2.0000,1,97.304,43.297
5102,ladder,bounded,26,37,3,7,7,1.0000,3.0000,1,134.515,36.779
5103,grid,bounded,20,31,4,6,6,1.0000,4.0000,1,64.124,25.702
5104,regular,bounded,5,10,4,1,1,1.0000,4.0000,1,8.319,2.200
5105,balanced_tree,bounded,15,14,3,5,5,1.0000,3.0000,1,38.991,31.012
5106,lollipop,bounded,8,10,4,2,2,1.0000,4.0000,1,16.720,4.216
5107,clique,rigid,13,78,12,1,1,1.0000,1.0000,1,48.923,4.120
5108,star,rigid,11,10,10,1,1,1.0000,1.0000,1,25.785,4.149
5109,complete_bipartite,rigid,8,15,5,3,3,1.0000,1.0000,1,27.687,3.940
5110,crown,rigid,8,12,3,2,2,1.0000,1.0000,1,13.541,15.844
5111,double_star,rigid,15,14,10,5,5,1.0000,1.0000,1,28.531,1.773
5112,erdos_renyi,random,23,66,10,5,5,1.0000,10.0000,1,113.088,41.370
5113,barabasi_albert,random,30,29,7,14,14,1.0000,7.0000,1,88.306,2.903
5114,random_tree,random,39,38,4,16,16,1.0000,4.0000,1,105.255,16.488
5115,path,bounded,7,6,2,3,3,1.0000,2.0000,1,8.549,1.434
5116,cycle,bounded,36,36,2,12,12,1.0000,2.0000,1,97.722,15.667
5117,ladder,bounded,10,13,3,3,3,1.0000,3.0000,1,16.392,18.314
5118,grid,bounded,18,27,4,6,6,1.0000,4.0000,1,46.076,25.001
5119,regular,bounded,29,29,2,10,10,1.0000,2.0000,1,51.495,33.973
5120,balanced_tree,bounded,13,12,4,3,3,1.0000,4.0000,1,33.358,3.850
5121,lollipop,bounded,11,16,5,3,3,1.0000,5.0000,1,24.706,31.622
5122,clique,rigid,2,1,1,1,1,1.0000,1.0000,1,8.314,2.753
5123,star,rigid,29,28,28,1,1,1.0000,1.0000,1,51.100,4.263
5124,complete_bipartite,rigid,9,14,7,2,2,1.0000,1.0000,1,22.054,2.074
5125,crown,rigid,12,30,5,2,2,1.0000,1.0000,1,18.222,17.895
5126,double_star,rigid,11,10,9,2,2,1.0000,1.0000,1,25.088,2.662
5127,erdos_renyi,random,29,82,9,6,6,1.0000,9.0000,1,143.036,18.584
5128,barabasi_albert,random,31,58,12,7,7,1.0000,12.0000,1,142.036,25.759
5129,random_tree,random,26,25,4,10,10,1.0000,4.0000,1,96.339,18.337
5130,path,bounded,38,37,2,13,13,1.0000,2.0000,1,89.598,19.111
5131,cycle,bounded,18,18,2,6,6,1.0000,2.0000,1,34.236,15.823
5132,ladder,bounded,26,37,3,7,7,1.0000,3.0000,1,68.997,26.641
5133,grid,bounded,20,31,4,6,6,1.0000,4.0000,1,71.908,13.389
5134,regular,bounded,15,30,4,3,3,1.0000,4.0000,1,26.341,15.925
5135,balanced_tree,bounded,13,12,4,3,3,1.0000,4.0000,1,14.665,1.539
5136,lollipop,bounded,15,15,3,5,5,1.0000,3.0000,1,17.117,15.033
5137,clique,rigid,1,0,0,1,1,1.0000,1.0000,1,1.938,1.585
5138,star,rigid,5,4,4,1,1,1.0000,1.0000,1,5.957,1.359
5139,complete_bipartite,rigid,19,88,11,8,8,1.0000,1.0000,1,57.441,3.542
5140,crown,rigid,12,30,5,2,2,1.0000,1.0000,1,25.437,24.321
5141,double_star,rigid,24,23,13,11,11,1.0000,1.0000,1,39.943,4.035
5142,erdos_renyi,random,33,99,17,6,6,1.0000,17.0000,1,164.333,26.072
5143,barabasi_albert,random,11,18,7,2,2,1.0000,7.0000,1,14.016,14.976
5144,random_tree,random,34,33,4,11,11,1.0000,4.0000,1,67.541,31.359
5145,path,bounded,14,13,2,5,5,1.0000,2.0000,1,28.927,17.338
5146,cycle,bounded,38,38,2,13,13,1.0000,2.0000,1,78.525,27.822
5147,ladder,bounded,18,25,3,5,5,1.0000,3.0000,1,54.540,14.838
5148,grid,bounded,16,24,4,4,4,1.0000,4.0000,1,50.667,19.039
5149,regular,bounded,19,19,2,7,7,1.0000,2.0000,1,26.865,21.280
5150,balanced_tree,bounded,13,12,4,3,3,1.0000,4.0000,1,41.012,2.481
5151,lollipop,bounded,8,10,4,2,2,1.0000,4.0000,1,10.716,1.713
5152,clique,rigid,12,66,11,1,1,1.0000,1.0000,1,33.609,4.700
5153,star,rigid,14,13,13,1,1,1.0000,1.0000,1,28.661,3.980
5154,complete_bipartite,rigid,18,77,11,7,7,1.0000,1.0000,1,73.901,6.300
5155,crown,rigid,4,2,1,2,2,1.0000,1.0000,1,9.018,1.707
5156,double_star,rigid,19,18,11,8,8,1.0000,1.0000,1,26.532,3.572
5157,erdos_renyi,random,11,2,1,9,9,1.0000,1.0000,1,25.441,4.290
5158,barabasi_albert,random,18,17,7,7,7,1.0000,7.0000,1,35.755,1.692
5159,random_tree,random,28,27,4,11,11,1.0000,4.0000,1,97.283,27.973
5160,path,bounded,28,27,2,10,10,1.0000,2.0000,1,42.325,14.970
5161,cycle,bounded,13,13,2,5,5,1.0000,2.0000,1,23.595,18.834
5162,ladder,bounded,30,43,3,8,8,1.0000,3.0000,1,104.505,28.699
5163,grid,bounded,6,7,3,2,2,1.0000,4.0000,1,12.688,16.948
5164,regular,bounded,34,51,3,10,10,1.0000,3.0000,1,105.638,78.915
5165,balanced_tree,bounded,13,12,4,3,3,1.0000,4.0000,1,20.685,3.354
5166,lollipop,bounded,6,6,3,2,2,1.0000,3.0000,1,13.931,3.215
5167,clique,rigid,6,15,5,1,1,1.0000,1.0000,1,12.655,3.403
5168,star,rigid,7,6,6,1,1,1.0000,1.0000,1,11.991,1.585
5169,complete_bipartite,rigid,16,55,11,5,5,1.0000,1.0000,1,42.374,2.339
5170,crown,rigid,4,2,1,2,2,1.0000,1.0000,1,5.481,1.321
5171,double_star,rigid,5,4,3,2,2,1.0000,1.0000,1,5.756,1.334
5172,erdos_renyi,random,34,102,10,7,7,1.0000,10.0000,1,184.318,108.291
5173,barabasi_albert,random,26,48,12,9,9,1.0000,12.0000,1,51.179,15.699
5174,random_tree,random,18,17,4,7,7,1.0000,4.0000,1,34.390,25.509
5175,path,bounded,4,3,2,2,2,1.0000,2.0000,1,5.984,1.639
5176,cycle,bounded,7,7,2,3,3,1.0000,2.0000,1,6.910,15.955
5177,ladder,bounded,24,34,3,7,7,1.0000,3.0000,1,80.182,21.563
5178,grid,bounded,15,22,4,4,4,1.0000,4.0000,1,32.995,26.578
5179,regular,bounded,26,39,3,8,8,1.0000,3.0000,1,89.457,56.146
5180,balanced_tree,bounded,15,14,3,5,5,1.0000,3.0000,1,33.487,39.758
5181,lollipop,bounded,15,20,5,4,4,1.0000,5.0000,1,51.842,21.067
5182,clique,rigid,7,21,6,1,1,1.0000,1.0000,1,17.873,3.904
5183,star,rigid,25,24,24,1,1,1.0000,1.0000,1,29.209,1.762
5184,complete_bipartite,rigid,11,30,6,5,5,1.0000,1.0000,1,32.670,3.646
5185,crown,rigid,6,6,2,2,2,1.0000,1.0000,1,9.578,21.358
5186,double_star,rigid,12,11,6,6,6,1.0000,1.0000,1,41.402,3.254
5187,erdos_renyi,random,22,74,10,4,4,1.0000,10.0000,1,98.294,13.986
5188,barabasi_albert,random,18,32,7,5,5,1.0000,7.0000,1,33.692,23.336
5189,random_tree,random,29,28,3,11,11,1.0000,3.0000,1,108.900,17.356
5190,path,bounded,34,33,2,12,12,1.0000,2.0000,1,93.114,29.541
5191,cycle,bounded,4,4,2,2,2,1.0000,2.0000,1,12.023,2.323
5192,ladder,bounded,24,34,3,7,7,1.0000,3.0000,1,86.394,36.240
5193,grid,bounded,6,7,3,2,2,1.0000,4.0000,1,8.205,28.880
5194,regular,bounded,10,15,3,3,3,1.0000,3.0000,1,13.379,15.719
5195,balanced_tree,bounded,13,12,4,3,3,1.0000,4.0000,1,16.577,1.514
5196,lollipop,bounded,11,11,3,4,4,1.0000,3.0000,1,28.273,30.545
5197,clique,rigid,2,1,1,1,1,1.0000,1.0000,1,7.503,3.010
5198,star,rigid,2,1,1,1,1,1.0000,1.0000,1,6.281,2.689
5199,complete_bipartite,rigid,9,20,5,4,4,1.0000,1.0000,1,39.320,4.129
5200,crown,rigid,8,12,3,2,2,1.0000,1.0000,1,11.777,27.606
5201,double_star,rigid,19,18,11,8,8,1.0000,1.0000,1,40.068,3.104
5202,erdos_renyi,random,18,37,6,5,5,1.0000,6.0000,1,51.764,27.130
5203,barabasi_albert,random,34,33,13,16,16,1.0000,13.0000,1,76.397,2.035
5204,random_tree,random,16,15,3,6,6,1.0000,3.0000,1,21.284,14.991
5205,path,bounded,36,35,2,12,12,1.0000,2.0000,1,74.866,18.708
5206,cycle,bounded,33,33,2,11,11,1.0000,2.0000,1,57.709,15.635
5207,ladder,bounded,16,22,3,5,5,1.0000,3.0000,1,25.437,13.557
5208,grid,bounded,20,31,4,6,6,1.0000,4.0000,1,52.638,16.652
5209,regular,bounded,26,52,4,7,6,1.1667,4.0000,1,54.607,36.798
5210,balanced_tree,bounded,15,14,3,5,5,1.0000,3.0000,1,16.017,19.464
5211,lollipop,bounded,18,38,8,4,4,1.0000,8.0000,1,25.115,13.930
5212,clique,rigid,3,3,2,1,1,1.0000,1.0000,1,5.572,1.469
5213,star,rigid,30,29,29,1,1,1.0000,1.0000,1,22.613,4.909
5214,complete_bipartite,rigid,11,18,9,2,2,1.0000,1.0000,1,16.387,1.767
5215,crown,rigid,10,20,4,2,2,1.0000,1.0000,1,9.994,11.326
5216,double_star,rigid,21,20,11,10,10,1.0000,1.0000,1,18.088,2.203
5217,erdos_renyi,random,11,18,5,3,3,1.0000,5.0000,1,13.544,10.438
5218,barabasi_albert,random,30,56,13,9,9,1.0000,13.0000,1,59.460,11.853
5219,random_tree,random,4,3,2,2,2,1.0000,2.0000,1,7.542,1.138
5220,path,bounded,35,34,2,12,12,1.0000,2.0000,1,48.245,10.398
5221,cycle,bounded,40,40,2,14,14,1.0000,2.0000,1,56.604,17.856
5222,ladder,bounded,36,52,3,10,10,1.0000,3.0000,1,68.785,29.372
5223,grid,bounded,12,17,4,4,4,1.0000,4.0000,1,15.102,11.465
5224,regular,bounded,20,30,3,6,6,1.0000,3.0000,1,27.237,11.880
5225,balanced_tree,bounded,15,14,3,5,5,1.0000,3.0000,1,16.684,12.699
5226,lollipop,bounded,14,28,7,3,3,1.0000,7.0000,1,14.666,12.162
5227,clique,rigid,6,15,5,1,1,1.0000,1.0000,1,6.629,1.367
5228,star,rigid,23,22,22,1,1,1.0000,1.0000,1,15.362,1.327
5229,complete_bipartite,rigid,9,8,8,1,1,1.0000,1.0000,1,6.358,1.086
5230,crown,rigid,8,12,3,2,2,1.0000,1.0000,1,7.297,9.915
5231,double_star,rigid,16,15,13,3,3,1.0000,1.0000,1,13.769,1.123
5232,erdos_renyi,random,24,99,13,4,4,1.0000,13.0000,1,60.783,10.288
5233,barabasi_albert,random,25,46,9,7,7,1.0000,9.0000,1,40.829,12.537
5234,random_tree,random,14,13,4,4,4,1.0000,4.0000,1,17.089,1.594
5235,path,bounded,7,6,2,3,3,1.0000,2.0000,1,7.677,1.777
5236,cycle,bounded,29,29,2,10,10,1.0000,2.0000,1,54.804,15.999
5237,ladder,bounded,8,10,3,3,3,1.0000,3.0000,1,8.886,15.649
5238,grid,bounded,12,17,4,4,4,1.0000,4.0000,1,14.198,10.837
5239,regular,bounded,12,18,3,3,3,1.0000,3.0000,1,13.628,14.092
5240,balanced_tree,bounded,13,12,4,3,3,1.0000,4.0000,1,16.203,2.297
5241,lollipop,bounded,6,8,4,2,2,1.0000,4.0000,1,6.861,1.562
5242,clique,rigid,14,91,13,1,1,1.0000,1.0000,1,20.939,2.069
5243,star,rigid,9,8,8,1,1,1.0000,1.0000,1,9.449,1.406
5244,complete_bipartite,rigid,7,10,5,2,2,1.0000,1.0000,1,11.570,1.908
5245,crown,rigid,12,30,5,2,2,1.0000,1.0000,1,12.297,9.363
5246,double_star,rigid,16,15,13,3,3,1.0000,1.0000,1,14.301,1.481
5247,erdos_renyi,random,14,18,4,5,5,1.0000,4.0000,1,15.661,13.254
5248,barabasi_albert,random,14,13,8,5,5,1.0000,8.0000,1,14.488,1.447
5249,random_tree,random,38,37,6,16,16,1.0000,6.0000,1,55.846,2.621
5250,path,bounded,27,26,2,9,9,1.0000,2.0000,1,33.930,13.247
5251,cycle,bounded,10,10,2,4,4,1.0000,2.0000,1,9.785,13.091
5252,ladder,bounded,26,37,3,7,7,1.0000,3.0000,1,42.270,11.857
5253,grid,bounded,6,7,3,2,2,1.0000,4.0000,1,8.091,12.300
5254,regular,bounded,7,14,4,2,2,1.0000,4.0000,1,9.004,11.151
5255,balanced_tree,bounded,13,12,4,3,3,1.0000,4.0000,1,12.367,1.570
5256,lollipop,bounded,8,17,6,2,2,1.0000,6.0000,1,7.387,1.110
5257,clique,rigid,10,45,9,1,1,1.0000,1.0000,1,11.658,1.653
5258,star,rigid,24,23,23,1,1,1.0000,1.0000,1,17.818,1.427
5259,complete_bipartite,rigid,13,30,10,3,3,1.0000,1.0000,1,18.039,2.021
5260,crown,rigid,4,2,1,2,2,1.0000,1.0000,1,4.584,1.000
5261,double_star,rigid,16,15,10,6,6,1.0000,1.0000,1,12.262,1.028
5262,erdos_renyi,random,18,19,4,7,7,1.0000,4.0000,1,20.803,12.188
5263,barabasi_albert,random,26,25,7,10,10,1.0000,7.0000,1,32.142,1.859
5264,random_tree,random,4,3,2,2,2,1.0000,2.0000,1,3.631,0.996
5265,path,bounded,7,6,2,3,3,1.0000,2.0000,1,5.665,1.008
5266,cycle,bounded,35,35,2,12,12,1.0000,2.0000,1,47.219,15.358
5267,ladder,bounded,26,37,3,7,7,1.0000,3.0000,1,40.660,11.483
5268,grid,bounded,12,16,3,4,4,1.0000,4.0000,1,12.326,11.086
5269,regular,bounded,24,60,5,5,5,1.0000,5.0000,1,45.397,19.959
5270,balanced_tree,bounded,15,14,3,5,5,1.0000,3.0000,1,17.263,13.864
5271,lollipop,bounded,13,33,8,3,3,1.0000,8.0000,1,14.370,28.293
5272,clique,rigid,1,0,0,1,1,1.0000,1.0000,1,5.593,1.586
5273,star,rigid,14,13,13,1,1,1.0000,1.0000,1,16.957,1.967
5274,complete_bipartite,rigid,11,28,7,4,4,1.0000,1.0000,1,39.515,3.865
5275,crown,rigid,12,30,5,2,2,1.0000,1.0000,1,19.577,24.287
5276,double_star,rigid,15,14,11,4,4,1.0000,1.0000,1,27.205,2.962
5277,erdos_renyi,random,28,86,12,6,6,1.0000,12.0000,1,132.909,17.723
5278,barabasi_albert,random,22,40,12,6,6,1.0000,12.0000,1,48.510,12.761
5279,random_tree,random,30,29,4,13,13,1.0000,4.0000,1,80.715,2.064
5280,path,bounded,34,33,2,12,12,1.0000,2.0000,1,74.581,32.978
5281,cycle,bounded,40,40,2,14,14,1.0000,2.0000,1,70.230,29.373
5282,ladder,bounded,34,49,3,9,9,1.0000,3.0000,1,138.513,14.004
5283,grid,bounded,18,27,4,6,6,1.0000,4.0000,1,48.453,37.257
5284,regular,bounded,15,30,4,4,4,1.0000,4.0000,1,29.742,31.706
5285,balanced_tree,bounded,15,14,3,5,5,1.0000,3.0000,1,42.890,33.581
5286,lollipop,bounded,7,9,4,2,2,1.0000,4.0000,1,19.846,3.756
5287,clique,rigid,8,28,7,1,1,1.0000,1.0000,1,22.969,3.809
5288,star,rigid,4,3,3,1,1,1.0000,1.0000,1,11.571,2.433
5289,complete_bipartite,rigid,24,144,12,12,12,1.0000,1.0000,1,106.597,4.177
5290,crown,rigid,12,30,5,2,2,1.0000,1.0000,1,23.062,23.171
5291,double_star,rigid,20,19,12,8,8,1.0000,1.0000,1,43.270,3.543
5292,erdos_renyi,random,31,153,18,4,4,1.0000,18.0000,1,159.089,13.987
5293,barabasi_albert,random,23,22,8,8,8,1.0000,8.0000,1,35.941,2.721
5294,random_tree,random,38,37,6,12,12,1.0000,6.0000,1,135.937,29.604
5295,path,bounded,33,32,2,11,11,1.0000,2.0000,1,73.756,19.604
5296,cycle,bounded,23,23,2,8,8,1.0000,2.0000,1,72.885,28.979
5297,ladder,bounded,36,52,3,10,10,1.0000,3.0000,1,129.106,40.172
5298,grid,bounded,30,49,4,8,8,1.0000,4.0000,1,130.533,61.905
5299,regular,bounded,14,14,2,6,6,1.0000,2.0000,1,19.635,32.007
5300,balanced_tree,bounded,13,12,4,3,3,1.0000,4.0000,1,19.896,1.643
5301,lollipop,bounded,11,11,3,4,4,1.0000,3.0000,1,12.687,16.066
5302,clique,rigid,11,55,10,1,1,1.0000,1.0000,1,16.676,2.105
5303,star,rigid,28,27,27,1,1,1.0000,1.0000,1,27.072,4.038
5304,complete_bipartite,rigid,17,70,10,7,7,1.0000,1.0000,1,53.243,2.556
5305,crown,rigid,12,30,5,2,2,1.0000,1.0000,1,19.671,26.337
5306,double_star,rigid,8,7,6,2,2,1.0000,1.0000,1,19.254,3.870
5307,erdos_renyi,random,16,15,4,7,7,1.0000,4.0000,1,25.273,1.758
5308,barabasi_albert,random,32,31,13,12,12,1.0000,13.0000,1,95.058,2.699
5309,random_tree,random,19,18,4,7,7,1.0000,4.0000,1,42.832,19.333
5310,path,bounded,18,17,2,6,6,1.0000,2.0000,1,38.698,26.608
5311,cycle,bounded,13,13,2,5,5,1.0000,2.0000,1,18.206,22.265
5312,ladder,bounded,36,52,3,10,10,1.0000,3.0000,1,134.429,47.515
5313,grid,bounded,25,40,4,7,7,1.0000,4.0000,1,72.680,36.245
5314,regular,bounded,34,51,3,9,9,1.0000,3.0000,1,116.573,38.578
5315,balanced_tree,bounded,13,12,4,3,3,1.0000,4.0000,1,13.845,1.722
5316,lollipop,bounded,6,11,5,1,1,1.0000,5.0000,1,7.417,12.259
5317,clique,rigid,13,78,12,1,1,1.0000,1.0000,1,21.344,2.128
5318,star,rigid,6,5,5,1,1,1.0000,1.0000,1,5.990,1.301
5319,complete_bipartite,rigid,15,56,8,7,7,1.0000,1.0000,1,31.235,2.247
5320,crown,rigid,6,6,2,2,2,1.0000,1.0000,1,6.235,14.565
5321,double_star,rigid,13,12,9,4,4,1.0000,1.0000,1,18.074,2.475
5322,erdos_renyi,random,19,29,5,7,7,1.0000,5.0000,1,35.561,13.384
5323,barabasi_albert,random,24,44,13,6,6,1.0000,13.0000,1,46.409,12.758
5324,random_tree,random,17,16,4,5,5,1.0000,4.0000,1,21.573,1.658
5325,path,bounded,25,24,2,9,9,1.0000,2.0000,1,74.810,26.690
5326,cycle,bounded,4,4,2,2,2,1.0000,2.0000,1,5.789,2.604
5327,ladder,bounded,24,34,3,7,7,1.0000,3.0000,1,56.317,34.152
5328,grid,bounded,16,24,4,4,4,1.0000,4.0000,1,45.994,27.782
5329,regular,bounded,30,75,5,6,6,1.0000,5.0000,1,166.015,206.422
5330,balanced_tree,bounded,15,14,3,5,5,1.0000,3.0000,1,36.556,40.291
5331,lollipop,bounded,12,32,8,2,2,1.0000,8.0000,1,28.233,3.747
5332,clique,rigid,3,3,2,1,1,1.0000,1.0000,1,8.956,3.828
5333,star,rigid,11,10,10,1,1,1.0000,1.0000,1,11.867,1.527
5334,complete_bipartite,rigid,13,22,11,2,2,1.0000,1.0000,1,18.722,2.052
5335,crown,rigid,10,20,4,2,2,1.0000,1.0000,1,13.905,25.719
5336,double_star,rigid,17,16,11,6,6,1.0000,1.0000,1,39.896,3.872
5337,erdos_renyi,random,10,20,7,3,3,1.0000,7.0000,1,31.844,21.339
5338,barabasi_albert,random,22,21,8,11,11,1.0000,8.0000,1,42.911,2.304
5339,random_tree,random,30,29,4,12,12,1.0000,4.0000,1,116.295,30.314
5340,path,bounded,4,3,2,2,2,1.0000,2.0000,1,8.989,1.520
5341,cycle,bounded,28,28,2,10,10,1.0000,2.0000,1,68.869,26.550
5342,ladder,bounded,18,25,3,5,5,1.0000,3.0000,1,28.774,26.624
5343,grid,bounded,20,31,4,6,6,1.0000,4.0000,1,46.154,21.631
5344,regular,bounded,34,85,5,7,7,1.0000,5.0000,1,120.495,73.693
5345,balanced_tree,bounded,15,14,3,5,5,1.0000,3.0000,1,33.125,24.574
5346,lollipop,bounded,10,10,3,3,3,1.0000,3.0000,1,17.816,25.526
5347,clique,rigid,9,36,8,1,1,1.0000,1.0000,1,22.234,3.463
5348,star,rigid,30,29,29,1,1,1.0000,1.0000,1,29.277,1.943
5349,complete_bipartite,rigid,16,48,12,4,4,1.0000,1.0000,1,38.538,2.369
5350,crown,rigid,6,6,2,2,2,1.0000,1.0000,1,6.634,15.038
5351,double_star,rigid,20,19,11,9,9,1.0000,1.0000,1,33.621,1.626
5352,erdos_renyi,random,24,106,12,3,3,1.0000,12.0000,1,148.662,33.181
5353,barabasi_albert,random,16,15,6,7,7,1.0000,6.0000,1,34.309,2.670
5354,random_tree,random,34,33,4,12,12,1.0000,4.0000,1,139.703,19.535
5355,path,bounded,5,4,2,2,2,1.0000,2.0000,1,13.579,1.759
5356,cycle,bounded,40,40,2,14,14,1.0000,2.0000,1,96.125,33.928
5357,ladder,bounded,36,52,3,10,10,1.0000,3.0000,1,107.832,72.078
5358,grid,bounded,16,24,4,4,4,1.0000,4.0000,1,48.471,25.072
5359,regular,bounded,27,54,4,7,6,1.1667,4.0000,1,71.718,40.704
5360,balanced_tree,bounded,13,12,4,3,3,1.0000,4.0000,1,29.775,3.292
5361,lollipop,bounded,12,14,4,4,4,1.0000,4.0000,1,17.615,24.568
5362,clique,rigid,4,6,3,1,1,1.0000,1.0000,1,4.808,1.463
5363,star,rigid,4,3,3,1,1,1.0000,1.0000,1,5.162,1.720
5364,complete_bipartite,rigid,18,81,9,9,9,1.0000,1.0000,1,69.261,4.187
5365,crown,rigid,10,20,4,2,2,1.0000,1.0000,1,14.558,15.247
5366,double_star,rigid,17,16,13,4,4,1.0000,1.0000,1,18.749,3.258
5367,erdos_renyi,random,34,121,12,6,6,1.0000,12.0000,1,172.884,112.143
5368,barabasi_albert,random,18,17,6,7,7,1.0000,6.0000,1,38.910,2.690
5369,random_tree,random,11,10,3,5,5,1.0000,3.0000,1,20.339,4.195
5370,path,bounded,30,29,2,10,10,1.0000,2.0000,1,63.755,28.591
5371,cycle,bounded,6,6,2,2,2,1.0000,2.0000,1,13.692,24.860
5372,ladder,bounded,32,46,3,9,9,1.0000,3.0000,1,125.809,15.052
5373,grid,bounded,30,49,4,8,8,1.0000,4.0000,1,97.770,23.126
5374,regular,bounded,24,60,5,5,5,1.0000,5.0000,1,83.482,80.419
5375,balanced_tree,bounded,15,14,3,5,5,1.0000,3.0000,1,23.809,19.964
5376,lollipop,bounded,14,19,5,4,4,1.0000,5.0000,1,29.505,15.878
5377,clique,rigid,9,36,8,1,1,1.0000,1.0000,1,17.890,1.846
5378,star,rigid,4,3,3,1,1,1.0000,1.0000,1,4.659,1.280
5379,complete_bipartite,rigid,10,16,8,2,2,1.0000,1.0000,1,18.954,3.504
5380,crown,rigid,6,6,2,2,2,1.0000,1.0000,1,12.098,20.856
5381,double_star,rigid,18,17,12,6,6,1.0000,1.0000,1,20.197,1.647
5382,erdos_renyi,random,32,106,10,6,6,1.0000,10.0000,1,172.851,93.505
5383,barabasi_albert,random,24,44,12,8,8,1.0000,12.0000,1,84.280,27.733
5384,random_tree,random,39,38,4,13,13,1.0000,4.0000,1,95.610,21.734
5385,path,bounded,37,36,2,13,13,1.0000,2.0000,1,172.626,14.704
5386,cycle,bounded,5,5,2,2,2,1.0000,2.0000,1,6.818,23.943
5387,ladder,bounded,24,34,3,7,7,1.0000,3.0000,1,59.593,22.396
5388,grid,bounded,24,38,4,7,7,1.0000,4.0000,1,47.633,23.720
5389,regular,bounded,7,14,4,2,2,1.0000,4.0000,1,21.061,23.548
5390,balanced_tree,bounded,15,14,3,5,5,1.0000,3.0000,1,19.142,32.982
5391,lollipop,bounded,6,11,5,1,1,1.0000,5.0000,1,10.487,12.580
5392,clique,rigid,9,36,8,1,1,1.0000,1.0000,1,13.290,1.706
5393,star,rigid,23,22,22,1,1,1.0000,1.0000,1,28.956,2.576
5394,complete_bipartite,rigid,7,6,6,1,1,1.0000,1.0000,1,11.248,2.574
5395,crown,rigid,10,20,4,2,2,1.0000,1.0000,1,26.071,24.209
5396,double_star,rigid,16,15,9,7,7,1.0000,1.0000,1,18.258,1.514
5397,erdos_renyi,random,19,51,10,3,3,1.0000,10.0000,1,38.238,11.185
5398,barabasi_albert,random,14,24,10,3,3,1.0000,10.0000,1,20.793,11.514
5399,random_tree,random,18,17,4,7,7,1.0000,4.0000,1,28.258,3.418
5400,path,bounded,6,5,2,2,2,1.0000,2.0000,1,12.398,2.587
5401,cycle,bounded,37,37,2,13,13,1.0000,2.0000,1,88.203,21.908
5402,ladder,bounded,30,43,3,8,8,1.0000,3.0000,1,131.394,27.798
5403,grid,bounded,20,31,4,6,6,1.0000,4.0000,1,72.266,13.759
5404,regular,bounded,25,25,2,9,9,1.0000,2.0000,1,46.282,21.659
5405,balanced_tree,bounded,13,12,4,3,3,1.0000,4.0000,1,15.684,1.499
5406,lollipop,bounded,16,30,7,4,4,1.0000,7.0000,1,19.823,14.307
5407,clique,rigid,1,0,0,1,1,1.0000,1.0000,1,2.247,1.392
5408,star,rigid,4,3,3,1,1,1.0000,1.0000,1,5.299,1.163
5409,complete_bipartite,rigid,8,16,4,4,4,1.0000,1.0000,1,14.494,3.377
5410,crown,rigid,6,6,2,2,2,1.0000,1.0000,1,13.576,29.243
5411,double_star,rigid,17,16,12,5,5,1.0000,1.0000,1,32.386,1.663
5412,erdos_renyi,random,10,19,7,2,2,1.0000,7.0000,1,12.887,10.634
5413,barabasi_albert,random,33,32,11,14,14,1.0000,11.0000,1,75.415,2.030
5414,random_tree,random,17,16,3,5,5,1.0000,3.0000,1,21.308,26.588
5415,path,bounded,34,33,2,12,12,1.0000,2.0000,1,110.729,31.108
5416,cycle,bounded,7,7,2,3,3,1.0000,2.0000,1,11.263,15.105
5417,ladder,bounded,24,34,3,7,7,1.0000,3.0000,1,69.822,33.373
5418,grid,bounded,15,22,4,4,4,1.0000,4.0000,1,30.527,15.799
5419,regular,bounded,5,5,2,2,2,1.0000,2.0000,1,6.561,14.547
5420,balanced_tree,bounded,13,12,4,3,3,1.0000,4.0000,1,15.393,1.417
5421,lollipop,bounded,7,9,4,2,2,1.0000,4.0000,1,7.884,1.447
5422,clique,rigid,5,10,4,1,1,1.0000,1.0000,1,5.300,1.292
5423,star,rigid,18,17,17,1,1,1.0000,1.0000,1,15.768,1.413
5424,complete_bipartite,rigid,9,20,5,4,4,1.0000,1.0000,1,18.909,1.706
5425,crown,rigid,12,30,5,2,2,1.0000,1.0000,1,14.659,21.727
5426,double_star,rigid,7,6,5,2,2,1.0000,1.0000,1,8.971,1.505
5427,erdos_renyi,random,31,107,13,5,5,1.0000,13.0000,1,206.307,67.561
5428,barabasi_albert,random,28,52,14,7,7,1.0000,14.0000,1,96.685,22.502
5429,random_tree,random,37,36,4,14,14,1.0000,4.0000,1,116.805,30.905
5430,path,bounded,14,13,2,5,5,1.0000,2.0000,1,32.103,17.844
5431,cycle,bounded,39,39,2,13,13,1.0000,2.0000,1,89.909,20.501
5432,ladder,bounded,32,46,3,9,9,1.0000,3.0000,1,82.355,13.195
5433,grid,bounded,16,24,4,4,4,1.0000,4.0000,1,37.902,26.819
5434,regular,bounded,24,48,4,6,5,1.2000,4.0000,1,107.632,29.089
5435,balanced_tree,bounded,13,12,4,3,3,1.0000,4.0000,1,24.648,1.684
5436,lollipop,bounded,8,17,6,2,2,1.0000,6.0000,1,9.254,1.377
5437,clique,rigid,14,91,13,1,1,1.0000,1.0000,1,22.609,2.027
5438,star,rigid,29,28,28,1,1,1.0000,1.0000,1,30.388,3.816
5439,complete_bipartite,rigid,15,56,8,7,7,1.0000,1.0000,1,43.287,2.627
5440,crown,rigid,12,30,5,2,2,1.0000,1.0000,1,21.178,19.533
5441,double_star,rigid,18,17,11,7,7,1.0000,1.0000,1,19.180,1.671
5442,erdos_renyi,random,12,9,5,6,6,1.0000,5.0000,1,18.974,2.977
5443,barabasi_albert,random,21,38,8,5,5,1.0000,8.0000,1,47.611,12.572
5444,random_tree,random,14,13,4,4,4,1.0000,4.0000,1,26.843,28.478
5445,path,bounded,11,10,2,4,4,1.0000,2.0000,1,14.490,14.387
5446,cycle,bounded,11,11,2,4,4,1.0000,2.0000,1,13.518,16.305
5447,ladder,bounded,30,43,3,8,8,1.0000,3.0000,1,69.530,13.126
5448,grid,bounded,24,38,4,7,7,1.0000,4.0000,1,78.443,21.511
5449,regular,bounded,26,52,4,6,6,1.0000,4.0000,1,112.793,36.647
5450,balanced_tree,bounded,15,14,3,5,5,1.0000,3.0000,1,30.967,26.516
5451,lollipop,bounded,9,9,3,3,3,1.0000,3.0000,1,14.697,24.255
5452,clique,rigid,6,15,5,1,1,1.0000,1.0000,1,17.080,2.581
5453,star,rigid,10,9,9,1,1,1.0000,1.0000,1,12.146,2.495
5454,complete_bipartite,rigid,21,108,12,9,9,1.0000,1.0000,1,117.545,3.589
5455,crown,rigid,10,20,4,2,2,1.0000,1.0000,1,24.546,19.076
5456,double_star,rigid,17,16,12,5,5,1.0000,1.0000,1,32.354,2.502
5457,erdos_renyi,random,21,64,9,4,4,1.0000,9.0000,1,102.100,17.393
5458,barabasi_albert,random,31,30,17,11,11,1.0000,17.0000,1,65.008,3.825
5459,random_tree,random,2,1,1,1,1,1.0000,1.0000,1,4.243,2.075
5460,path,bounded,37,36,2,13,13,1.0000,2.0000,1,84.621,13.884
5461,cycle,bounded,26,26,2,9,9,1.0000,2.0000,1,38.734,15.844
5462,ladder,bounded,16,22,3,5,5,1.0000,3.0000,1,24.092,13.501
5463,grid,bounded,20,31,4,6,6,1.0000,4.0000,1,75.536,29.634
5464,regular,bounded,7,14,4,2,2,1.0000,4.0000,1,20.631,17.144
5465,balanced_tree,bounded,15,14,3,5,5,1.0000,3.0000,1,20.442,16.677
5466,lollipop,bounded,16,36,8,4,4,1.0000,8.0000,1,21.939,15.298
5467,clique,rigid,12,66,11,1,1,1.0000,1.0000,1,20.379,2.048
5468,star,rigid,23,22,22,1,1,1.0000,1.0000,1,20.216,2.476
5469,complete_bipartite,rigid,12,32,8,4,4,1.0000,1.0000,1,19.571,1.553
5470,crown,rigid,10,20,4,2,2,1.0000,1.0000,1,10.045,11.843
5471,double_star,rigid,13,12,11,2,2,1.0000,1.0000,1,21.615,2.876
5472,erdos_renyi,random,12,11,4,5,5,1.0000,4.0000,1,26.826,17.190
5473,barabasi_albert,random,25,46,10,7,7,1.0000,10.0000,1,96.741,24.819
5474,random_tree,random,25,24,4,11,11,1.0000,4.0000,1,44.971,15.255
5475,path,bounded,5,4,2,2,2,1.0000,2.0000,1,7.005,1.509
5476,cycle,bounded,31,31,2,11,11,1.0000,2.0000,1,57.868,27.577
5477,ladder,bounded,30,43,3,8,8,1.0000,3.0000,1,105.585,13.010
5478,grid,bounded,20,31,4,6,6,1.0000,4.0000,1,33.552,12.958
5479,regular,bounded,13,26,4,3,3,1.0000,4.0000,1,19.493,27.983
5480,balanced_tree,bounded,13,12,4,3,3,1.0000,4.0000,1,15.927,1.541
5481,lollipop,bounded,11,31,8,2,2,1.0000,8.0000,1,13.764,1.685
5482,clique,rigid,3,3,2,1,1,1.0000,1.0000,1,3.359,1.189
5483,star,rigid,7,6,6,1,1,1.0000,1.0000,1,6.345,1.123
5484,complete_bipartite,rigid,14,33,11,3,3,1.0000,1.0000,1,22.810,2.147
5485,crown,rigid,10,20,4,2,2,1.0000,1.0000,1,10.294,13.272
5486,double_star,rigid,12,11,10,2,2,1.0000,1.0000,1,28.167,3.323
5487,erdos_renyi,random,32,128,12,6,5,1.2000,12.0000,1,197.667,101.560
5488,barabasi_albert,random,10,9,4,3,3,1.0000,4.0000,1,22.747,2.074
5489,random_tree,random,18,17,4,8,8,1.0000,4.0000,1,24.369,1.594
5490,path,bounded,40,39,2,14,14,1.0000,2.0000,1,87.687,14.302
5491,cycle,bounded,22,22,2,8,8,1.0000,2.0000,1,44.763,32.502
5492,ladder,bounded,26,37,3,7,7,1.0000,3.0000,1,59.152,26.931
5493,grid,bounded,6,7,3,2,2,1.0000,4.0000,1,16.698,25.660
5494,regular,bounded,8,20,5,2,2,1.0000,5.0000,1,13.710,10.738
5495,balanced_tree,bounded,13,12,4,3,3,1.0000,4.0000,1,31.981,1.991
5496,lollipop,bounded,12,21,6,3,3,1.0000,6.0000,1,33.482,18.645
5497,clique,rigid,5,10,4,1,1,1.0000,1.0000,1,6.662,1.399
5498,star,rigid,3,2,2,1,1,1.0000,1.0000,1,3.818,1.162
5499,complete_bipartite,rigid,4,3,3,1,1,1.0000,1.0000,1,4.355,1.153
5500,crown,rigid,10,20,4,2,2,1.0000,1.0000,1,20.628,29.972
5501,double_star,rigid,14,13,8,6,6,1.0000,1.0000,1,25.509,3.604
5502,erdos_renyi,random,24,55,11,7,7,1.0000,11.0000,1,68.416,15.540
5503,barabasi_albert,random,25,24,8,11,11,1.0000,8.0000,1,51.851,3.565
5504,random_tree,random,18,17,3,7,7,1.0000,3.0000,1,30.222,32.917
5505,path,bounded,7,6,2,3,3,1.0000,2.0000,1,24.305,3.697
5506,cycle,bounded,11,11,2,4,4,1.0000,2.0000,1,26.101,35.273
5507,ladder,bounded,18,25,3,5,5,1.0000,3.0000,1,75.522,26.377
5508,grid,bounded,12,17,4,4,4,1.0000,4.0000,1,36.045,26.407
5509,regular,bounded,6,9,3,3,3,1.0000,3.0000,1,9.082,1.948
5510,balanced_tree,bounded,15,14,3,5,5,1.0000,3.0000,1,23.018,29.215
5511,lollipop,bounded,7,16,6,1,1,1.0000,6.0000,1,18.981,14.518
5512,clique,rigid,11,55,10,1,1,1.0000,1.0000,1,28.622,2.346
5513,star,rigid,15,14,14,1,1,1.0000,1.0000,1,24.920,2.990
5514,complete_bipartite,rigid,15,56,8,7,7,1.0000,1.0000,1,56.493,4.005
5515,crown,rigid,12,30,5,2,2,1.0000,1.0000,1,38.833,15.307
5516,double_star,rigid,21,20,11,10,10,1.0000,1.0000,1,42.690,3.169
5517,erdos_renyi,random,17,7,3,11,11,1.0000,3.0000,1,63.351,1.580
5518,barabasi_albert,random,32,31,6,14,14,1.0000,6.0000,1,95.515,2.889
5519,random_tree,random,26,25,3,10,10,1.0000,3.0000,1,63.396,32.743
5520,path,bounded,27,26,2,9,9,1.0000,2.0000,1,65.307,26.566
5521,cycle,bounded,36,36,2,12,12,1.0000,2.0000,1,86.944,24.714
5522,ladder,bounded,10,13,3,3,3,1.0000,3.0000,1,16.295,16.737
5523,grid,bounded,8,10,3,3,3,1.0000,4.0000,1,11.120,14.352
5524,regular,bounded,30,45,3,9,8,1.1250,3.0000,1,85.682,85.106
5525,balanced_tree,bounded,15,14,3,5,5,1.0000,3.0000,1,22.910,20.920
5526,lollipop,bounded,13,27,7,3,3,1.0000,7.0000,1,40.573,30.588
5527,clique,rigid,14,91,13,1,1,1.0000,1.0000,1,51.399,5.812
5528,star,rigid,4,3,3,1,1,1.0000,1.0000,1,9.286,3.360
5529,complete_bipartite,rigid,14,33,11,3,3,1.0000,1.0000,1,51.132,4.504
5530,crown,rigid,4,2,1,2,2,1.0000,1.0000,1,11.754,2.118
5531,double_star,rigid,18,17,12,6,6,1.0000,1.0000,1,27.064,3.106
5532,erdos_renyi,random,23,103,13,3,3,1.0000,13.0000,1,129.180,59.833
5533,barabasi_albert,random,27,50,14,9,9,1.0000,14.0000,1,77.533,26.525
5534,random_tree,random,38,37,4,15,15,1.0000,4.0000,1,127.821,23.222
5535,path,bounded,16,15,2,6,6,1.0000,2.0000,1,25.602,26.789
5536,cycle,bounded,22,22,2,8,8,1.0000,2.0000,1,41.083,22.600
5537,ladder,bounded,28,40,3,8,8,1.0000,3.0000,1,78.708,30.852
5538,grid,bounded,24,38,4,7,7,1.0000,4.0000,1,75.926,20.917
5539,regular,bounded,18,27,3,5,5,1.0000,3.0000,1,25.880,18.183
5540,balanced_tree,bounded,15,14,3,5,5,1.0000,3.0000,1,22.804,16.278
5541,lollipop,bounded,15,24,6,4,4,1.0000,6.0000,1,19.817,14.363
5542,clique,rigid,10,45,9,1,1,1.0000,1.0000,1,22.439,3.794
5543,star,rigid,23,22,22,1,1,1.0000,1.0000,1,35.071,6.040
5544,complete_bipartite,rigid,11,30,6,5,5,1.0000,1.0000,1,40.205,3.120
5545,crown,rigid,8,12,3,2,2,1.0000,1.0000,1,14.802,12.930
5546,double_star,rigid,11,10,7,4,4,1.0000,1.0000,1,13.077,1.893
5547,erdos_renyi,random,22,22,5,9,9,1.0000,5.0000,1,60.884,40.983
5548,barabasi_albert,random,13,12,5,6,6,1.0000,5.0000,1,26.986,1.983
5549,random_tree,random,19,18,5,8,8,1.0000,5.0000,1,35.415,1.755
5550,path,bounded,3,2,2,1,1,1.0000,2.0000,1,4.415,1.415
5551,cycle,bounded,32,32,2,11,11,1.0000,2.0000,1,50.549,21.583
5552,ladder,bounded,12,16,3,4,4,1.0000,3.0000,1,32.154,13.700
5553,grid,bounded,24,38,4,7,7,1.0000,4.0000,1,93.218,22.625
5554,regular,bounded,27,27,2,10,10,1.0000,2.0000,1,69.322,24.588
5555,balanced_tree,bounded,15,14,3,5,5,1.0000,3.0000,1,29.581,31.360
5556,lollipop,bounded,11,13,4,3,3,1.0000,4.0000,1,20.837,23.956
5557,clique,rigid,4,6,3,1,1,1.0000,1.0000,1,11.445,3.233
5558,star,rigid,29,28,28,1,1,1.0000,1.0000,1,70.408,2.133
5559,complete_bipartite,rigid,13,42,7,6,6,1.0000,1.0000,1,45.665,4.200
5560,crown,rigid,12,30,5,2,2,1.0000,1.0000,1,31.298,17.839
5561,double_star,rigid,11,10,7,4,4,1.0000,1.0000,1,26.204,2.609
5562,erdos_renyi,random,17,23,6,5,5,1.0000,6.0000,1,25.812,17.333
5563,barabasi_albert,random,26,48,10,7,7,1.0000,10.0000,1,72.159,17.279
5564,random_tree,random,15,14,3,6,6,1.0000,3.0000,1,20.373,2.401
5565,path,bounded,39,38,2,13,13,1.0000,2.0000,1,82.862,26.985
5566,cycle,bounded,14,14,2,5,5,1.0000,2.0000,1,30.635,15.564
5567,ladder,bounded,34,49,3,9,9,1.0000,3.0000,1,104.835,13.402
5568,grid,bounded,30,49,4,8,8,1.0000,4.0000,1,70.708,42.398
5569,regular,bounded,12,12,2,4,4,1.0000,2.0000,1,12.293,15.536
5570,balanced_tree,bounded,15,14,3,5,5,1.0000,3.0000,1,20.485,18.445
5571,lollipop,bounded,12,17,5,3,3,1.0000,5.0000,1,37.073,29.975
5572,clique,rigid,1,0,0,1,1,1.0000,1.0000,1,2.705,2.529
5573,star,rigid,24,23,23,1,1,1.0000,1.0000,1,51.220,2.873
5574,complete_bipartite,rigid,16,60,10,6,6,1.0000,1.0000,1,51.356,2.348
5575,crown,rigid,8,12,3,2,2,1.0000,1.0000,1,8.191,12.305
5576,double_star,rigid,23,22,13,10,10,1.0000,1.0000,1,45.392,2.929
5577,erdos_renyi,random,20,46,10,4,4,1.0000,10.0000,1,49.578,14.808
5578,barabasi_albert,random,34,33,9,15,15,1.0000,9.0000,1,59.286,4.481
5579,random_tree,random,16,15,3,5,5,1.0000,3.0000,1,35.062,14.891
5580,path,bounded,37,36,2,13,13,1.0000,2.0000,1,94.014,13.899
5581,cycle,bounded,40,40,2,14,14,1.0000,2.0000,1,69.848,21.203
5582,ladder,bounded,24,34,3,7,7,1.0000,3.0000,1,78.181,29.307
5583,grid,bounded,30,49,4,8,8,1.0000,4.0000,1,67.514,61.478
5584,regular,bounded,34,51,3,10,9,1.1111,3.0000,1,83.662,37.987
5585,balanced_tree,bounded,13,12,4,3,3,1.0000,4.0000,1,13.922,1.501
5586,lollipop,bounded,15,15,3,5,5,1.0000,3.0000,1,17.930,28.265
5587,clique,rigid,9,36,8,1,1,1.0000,1.0000,1,22.456,2.334
5588,star,rigid,6,5,5,1,1,1.0000,1.0000,1,6.339,1.307
5589,complete_bipartite,rigid,12,35,7,5,5,1.0000,1.0000,1,20.717,1.781
5590,crown,rigid,6,6,2,2,2,1.0000,1.0000,1,7.461,14.896
5591,double_star,rigid,19,18,10,9,9,1.0000,1.0000,1,20.462,5.165
5592,erdos_renyi,random,21,57,10,5,5,1.0000,10.0000,1,54.835,28.109
5593,barabasi_albert,random,24,23,7,9,9,1.0000,7.0000,1,31.183,1.844
5594,random_tree,random,30,29,5,9,9,1.0000,5.0000,1,66.473,5.182
5595,path,bounded,34,33,2,12,12,1.0000,2.0000,1,99.020,26.043
5596,cycle,bounded,25,25,2,9,9,1.0000,2.0000,1,89.147,33.353
5597,ladder,bounded,4,4,2,2,2,1.0000,3.0000,1,13.224,3.175
5598,grid,bounded,15,22,4,4,4,1.0000,4.0000,1,34.175,26.388
5599,regular,bounded,24,60,5,5,5,1.0000,5.0000,1,89.075,43.061
5600,balanced_tree,bounded,15,14,3,5,5,1.0000,3.0000,1,31.442,19.087
5601,lollipop,bounded,19,33,7,5,5,1.0000,7.0000,1,25.970,25.598
5602,clique,rigid,10,45,9,1,1,1.0000,1.0000,1,31.111,2.631
5603,star,rigid,25,24,24,1,1,1.0000,1.0000,1,47.177,3.594
5604,complete_bipartite,rigid,8,12,6,2,2,1.0000,1.0000,1,16.570,1.514
5605,crown,rigid,10,20,4,2,2,1.0000,1.0000,1,11.393,14.011
5606,double_star,rigid,14,13,7,7,7,1.0000,1.0000,1,31.183,3.756
5607,erdos_renyi,random,22,100,13,3,3,1.0000,13.0000,1,154.090,16.813
5608,barabasi_albert,random,29,54,12,8,8,1.0000,12.0000,1,132.934,18.430
5609,random_tree,random,14,13,4,5,5,1.0000,4.0000,1,22.807,2.444
5610,path,bounded,26,25,2,9,9,1.0000,2.0000,1,74.236,35.134
5611,cycle,bounded,20,20,2,7,7,1.0000,2.0000,1,60.496,32.657
5612,ladder,bounded,24,34,3,7,7,1.0000,3.0000,1,57.678,19.655
5613,grid,bounded,15,22,4,4,4,1.0000,4.0000,1,41.287,29.121
5614,regular,bounded,28,42,3,8,8,1.0000,3.0000,1,102.390,50.345
5615,balanced_tree,bounded,13,12,4,3,3,1.0000,4.0000,1,15.204,1.506
5616,lollipop,bounded,9,9,3,3,3,1.0000,3.0000,1,12.598,21.608
5617,clique,rigid,4,6,3,1,1,1.0000,1.0000,1,5.847,1.764
5618,star,rigid,29,28,28,1,1,1.0000,1.0000,1,23.072,3.419
5619,complete_bipartite,rigid,17,72,9,8,8,1.0000,1.0000,1,73.134,4.049
5620,crown,rigid,10,20,4,2,2,1.0000,1.0000,1,10.780,11.895
5621,double_star,rigid,8,7,5,3,3,1.0000,1.0000,1,9.632,1.307
5622,erdos_renyi,random,23,81,13,4,4,1.0000,13.0000,1,115.551,24.010
5623,barabasi_albert,random,30,56,15,9,9,1.0000,15.0000,1,78.444,22.818
5624,random_tree,random,24,23,4,8,8,1.0000,4.0000,1,75.897,4.502
5625,path,bounded,25,24,2,9,9,1.0000,2.0000,1,62.100,47.075
5626,cycle,bounded,23,23,2,8,8,1.0000,2.0000,1,44.026,35.008
5627,ladder,bounded,28,40,3,8,8,1.0000,3.0000,1,70.802,23.019
5628,grid,bounded,9,12,4,3,3,1.0000,4.0000,1,20.796,31.487
5629,regular,bounded,8,12,3,2,2,1.0000,3.0000,1,15.609,41.387
5630,balanced_tree,bounded,15,14,3,5,5,1.0000,3.0000,1,51.056,36.570
5631,lollipop,bounded,10,10,3,3,3,1.0000,3.0000,1,21.787,34.993
5632,clique,rigid,14,91,13,1,1,1.0000,1.0000,1,44.372,2.342
5633,star,rigid,5,4,4,1,1,1.0000,1.0000,1,5.580,1.328
5634,complete_bipartite,rigid,23,132,12,11,11,1.0000,1.0000,1,178.053,7.798
5635,crown,rigid,6,6,2,2,2,1.0000,1.0000,1,9.676,15.293
5636,double_star,rigid,13,12,9,4,4,1.0000,1.0000,1,15.807,1.639
5637,erdos_renyi,random,25,68,9,5,5,1.0000,9.0000,1,128.219,13.214
5638,barabasi_albert,random,32,60,14,10,10,1.0000,14.0000,1,139.902,35.816
5639,random_tree,random,22,21,4,9,9,1.0000,4.0000,1,49.414,14.782
5640,path,bounded,21,20,2,7,7,1.0000,2.0000,1,51.308,16.504
5641,cycle,bounded,30,30,2,10,10,1.0000,2.0000,1,64.475,33.915
5642,ladder,bounded,36,52,3,10,10,1.0000,3.0000,1,115.917,39.548
5643,grid,bounded,9,12,4,3,3,1.0000,4.0000,1,10.553,15.180
5644,regular,bounded,14,28,4,3,3,1.0000,4.0000,1,42.555,25.175
5645,balanced_tree,bounded,15,14,3,5,5,1.0000,3.0000,1,19.856,15.974
5646,lollipop,bounded,10,24,7,2,2,1.0000,7.0000,1,21.679,3.940
5647,clique,rigid,4,6,3,1,1,1.0000,1.0000,1,11.029,4.217
5648,star,rigid,21,20,20,1,1,1.0000,1.0000,1,48.815,3.779
5649,complete_bipartite,rigid,15,44,11,4,4,1.0000,1.0000,1,38.089,2.130
5650,crown,rigid,8,12,3,2,2,1.0000,1.0000,1,7.466,11.754
5651,double_star,rigid,14,13,11,3,3,1.0000,1.0000,1,28.019,3.506
5652,erdos_renyi,random,23,93,11,3,3,1.0000,11.0000,1,74.211,54.873
5653,barabasi_albert,random,14,24,8,4,4,1.0000,8.0000,1,38.775,29.044
5654,random_tree,random,15,14,4,6,6,1.0000,4.0000,1,23.628,1.559
5655,path,bounded,32,31,2,11,11,1.0000,2.0000,1,79.406,35.723
5656,cycle,bounded,37,37,2,13,13,1.0000,2.0000,1,115.204,34.799
5657,ladder,bounded,36,52,3,10,10,1.0000,3.0000,1,106.152,46.403
5658,grid,bounded,6,7,3,2,2,1.0000,4.0000,1,7.038,13.155
5659,regular,bounded,27,54,4,7,7,1.0000,4.0000,1,56.679,48.777
5660,balanced_tree,bounded,15,14,3,5,5,1.0000,3.0000,1,18.718,16.797
5661,lollipop,bounded,9,14,5,2,2,1.0000,5.0000,1,12.146,2.860
5662,clique,rigid,14,91,13,1,1,1.0000,1.0000,1,24.609,2.353
5663,star,rigid,16,15,15,1,1,1.0000,1.0000,1,14.162,5.047
5664,complete_bipartite,rigid,21,110,11,10,10,1.0000,1.0000,1,99.163,3.116
5665,crown,rigid,8,12,3,2,2,1.0000,1.0000,1,8.186,19.154
5666,double_star,rigid,15,14,8,7,7,1.0000,1.0000,1,36.875,2.436
5667,erdos_renyi,random,20,27,5,7,7,1.0000,5.0000,1,58.039,18.050
5668,barabasi_albert,random,32,60,14,9,9,1.0000,14.0000,1,138.953,14.001
5669,random_tree,random,35,34,5,12,12,1.0000,5.0000,1,87.217,4.140
5670,path,bounded,33,32,2,11,11,1.0000,2.0000,1,53.007,13.730
5671,cycle,bounded,37,37,2,13,13,1.0000,2.0000,1,60.434,39.484
5672,ladder,bounded,6,7,3,2,2,1.0000,3.0000,1,17.573,29.013
5673,grid,bounded,36,60,4,10,10,1.0000,4.0000,1,120.773,80.574
5674,regular,bounded,14,28,4,4,4,1.0000,4.0000,1,35.899,25.604
5675,balanced_tree,bounded,13,12,4,3,3,1.0000,4.0000,1,25.085,3.376
5676,lollipop,bounded,10,24,7,2,2,1.0000,7.0000,1,18.074,3.082
5677,clique,rigid,9,36,8,1,1,1.0000,1.0000,1,12.369,1.764
5678,star,rigid,9,8,8,1,1,1.0000,1.0000,1,11.367,3.100
5679,complete_bipartite,rigid,16,55,11,5,5,1.0000,1.0000,1,37.623,5.121
5680,crown,rigid,8,12,3,2,2,1.0000,1.0000,1,17.747,26.731
5681,double_star,rigid,8,7,6,2,2,1.0000,1.0000,1,17.178,2.353
5682,erdos_renyi,random,11,21,6,3,3,1.0000,6.0000,1,29.698,12.157
5683,barabasi_albert,random,19,18,6,9,9,1.0000,6.0000,1,25.721,1.778
5684,random_tree,random,6,5,3,3,3,1.0000,3.0000,1,12.829,3.207
5685,path,bounded,40,39,2,14,14,1.0000,2.0000,1,99.339,15.089
5686,cycle,bounded,39,39,2,13,13,1.0000,2.0000,1,60.165,16.177
5687,ladder,bounded,10,13,3,3,3,1.0000,3.0000,1,33.340,32.176
5688,grid,bounded,15,22,4,4,4,1.0000,4.0000,1,36.039,13.961
5689,regular,bounded,4,4,2,2,2,1.0000,2.0000,1,6.862,1.404
5690,balanced_tree,bounded,15,14,3,5,5,1.0000,3.0000,1,34.255,17.238
5691,lollipop,bounded,17,22,5,5,5,1.0000,5.0000,1,21.979,15.179
5692,clique,rigid,12,66,11,1,1,1.0000,1.0000,1,37.530,4.483
5693,star,rigid,23,22,22,1,1,1.0000,1.0000,1,42.138,4.157
5694,complete_bipartite,rigid,16,55,11,5,5,1.0000,1.0000,1,57.937,2.316
5695,crown,rigid,6,6,2,2,2,1.0000,1.0000,1,6.173,14.366
5696,double_star,rigid,5,4,3,2,2,1.0000,1.0000,1,7.264,1.338
5697,erdos_renyi,random,34,175,15,4,4,1.0000,15.0000,1,215.495,232.274
5698,barabasi_albert,random,9,14,6,3,3,1.0000,6.0000,1,12.641,14.192
5699,random_tree,random,17,16,4,7,7,1.0000,4.0000,1,35.600,1.782
5700,path,bounded,9,8,2,3,3,1.0000,2.0000,1,9.134,13.989
5701,cycle,bounded,40,40,2,14,14,1.0000,2.0000,1,74.625,25.573
5702,ladder,bounded,34,49,3,9,9,1.0000,3.0000,1,100.754,15.782
5703,grid,bounded,6,7,3,2,2,1.0000,4.0000,1,8.362,13.450
5704,regular,bounded,13,26,4,3,3,1.0000,4.0000,1,38.887,22.846
5705,balanced_tree,bounded,15,14,3,5,5,1.0000,3.0000,1,29.480,26.418
5706,lollipop,bounded,13,13,3,4,4,1.0000,3.0000,1,28.396,19.952
5707,clique,rigid,5,10,4,1,1,1.0000,1.0000,1,7.985,2.318
5708,star,rigid,15,14,14,1,1,1.0000,1.0000,1,15.019,1.409
5709,complete_bipartite,rigid,22,120,12,10,10,1.0000,1.0000,1,104.132,6.975
5710,crown,rigid,8,12,3,2,2,1.0000,1.0000,1,14.190,16.552
5711,double_star,rigid,16,15,9,7,7,1.0000,1.0000,1,24.066,1.767
5712,erdos_renyi,random,21,68,10,4,4,1.0000,10.0000,1,99.777,76.677
5713,barabasi_albert,random,17,30,11,5,5,1.0000,11.0000,1,53.454,23.970
5714,random_tree,random,24,23,3,8,8,1.0000,3.0000,1,61.450,3.325
5715,path,bounded,19,18,2,7,7,1.0000,2.0000,1,37.595,29.322
5716,cycle,bounded,14,14,2,5,5,1.0000,2.0000,1,33.393,20.985
5717,ladder,bounded,12,16,3,4,4,1.0000,3.0000,1,25.840,27.091
5718,grid,bounded,6,7,3,2,2,1.0000,4.0000,1,16.123,22.965
5719,regular,bounded,18,27,3,5,5,1.0000,3.0000,1,52.804,34.629
5720,balanced_tree,bounded,15,14,3,5,5,1.0000,3.0000,1,43.718,25.538
5721,lollipop,bounded,15,15,3,5,5,1.0000,3.0000,1,18.386,22.939
5722,clique,rigid,3,3,2,1,1,1.0000,1.0000,1,6.787,2.758
5723,star,rigid,27,26,26,1,1,1.0000,1.0000,1,36.130,1.992
5724,complete_bipartite,rigid,18,77,11,7,7,1.0000,1.0000,1,62.600,3.728
5725,crown,rigid,6,6,2,2,2,1.0000,1.0000,1,6.978,14.079
5726,double_star,rigid,6,5,4,2,2,1.0000,1.0000,1,8.017,1.370
5727,erdos_renyi,random,32,169,15,4,4,1.0000,15.0000,1,188.906,83.879
5728,barabasi_albert,random,12,20,9,3,3,1.0000,9.0000,1,34.774,26.512
5729,random_tree,random,6,5,3,2,2,1.0000,3.0000,1,12.302,1.774
5730,path,bounded,39,38,2,13,13,1.0000,2.0000,1,91.436,21.294
5731,cycle,bounded,35,35,2,12,12,1.0000,2.0000,1,81.499,28.581
5732,ladder,bounded,34,49,3,9,9,1.0000,3.0000,1,93.454,29.370
5733,grid,bounded,18,27,4,6,6,1.0000,4.0000,1,53.563,24.703
5734,regular,bounded,32,64,4,8,8,1.0000,4.0000,1,112.301,136.350
5735,balanced_tree,bounded,15,14,3,5,5,1.0000,3.0000,1,34.942,16.163
5736,lollipop,bounded,14,14,3,5,5,1.0000,3.0000,1,16.791,15.134
5737,clique,rigid,6,15,5,1,1,1.0000,1.0000,1,8.499,1.671
5738,star,rigid,31,30,30,1,1,1.0000,1.0000,1,33.440,4.363
5739,complete_bipartite,rigid,14,33,11,3,3,1.0000,1.0000,1,47.795,2.593
5740,crown,rigid,8,12,3,2,2,1.0000,1.0000,1,14.902,30.053
5741,double_star,rigid,17,16,10,7,7,1.0000,1.0000,1,23.335,1.746
5742,erdos_renyi,random,15,33,8,3,3,1.0000,8.0000,1,52.617,17.572
5743,barabasi_albert,random,31,58,14,12,12,1.0000,14.0000,1,142.329,29.055
5744,random_tree,random,17,16,5,7,7,1.0000,5.0000,1,40.150,3.478
5745,path,bounded,12,11,2,4,4,1.0000,2.0000,1,29.726,30.490
5746,cycle,bounded,30,30,2,10,10,1.0000,2.0000,1,56.623,14.323
5747,ladder,bounded,34,49,3,9,9,1.0000,3.0000,1,87.318,13.986
5748,grid,bounded,8,10,3,3,3,1.0000,4.0000,1,10.514,13.001
5749,regular,bounded,15,30,4,4,4,1.0000,4.0000,1,33.037,24.046
5750,balanced_tree,bounded,13,12,4,3,3,1.0000,4.0000,1,18.212,3.127
5751,lollipop,bounded,9,18,6,2,2,1.0000,6.0000,1,25.143,3.488
5752,clique,rigid,12,66,11,1,1,1.0000,1.0000,1,29.897,4.287
5753,star,rigid,18,17,17,1,1,1.0000,1.0000,1,34.094,3.439
5754,complete_bipartite,rigid,12,11,11,1,1,1.0000,1.0000,1,23.233,2.616
5755,crown,rigid,8,12,3,2,2,1.0000,1.0000,1,14.129,14.083
5756,double_star,rigid,21,20,13,8,8,1.0000,1.0000,1,42.692,2.333
5757,erdos_renyi,random,16,35,7,3,3,1.0000,7.0000,1,30.165,21.044
5758,barabasi_albert,random,16,15,8,6,6,1.0000,8.0000,1,40.458,3.742
5759,random_tree,random,20,19,4,8,8,1.0000,4.0000,1,71.238,21.196
5760,path,bounded,29,28,2,10,10,1.0000,2.0000,1,62.150,14.247
5761,cycle,bounded,15,15,2,5,5,1.0000,2.0000,1,25.404,19.247
5762,ladder,bounded,18,25,3,5,5,1.0000,3.0000,1,28.909,13.417
5763,grid,bounded,15,22,4,4,4,1.0000,4.0000,1,22.609,14.911
5764,regular,bounded,21,21,2,8,8,1.0000,2.0000,1,56.279,18.733
5765,balanced_tree,bounded,13,12,4,3,3,1.0000,4.0000,1,22.178,5.951
5766,lollipop,bounded,14,14,3,5,5,1.0000,3.0000,1,25.798,16.985
5767,clique,rigid,10,45,9,1,1,1.0000,1.0000,1,17.487,4.432
5768,star,rigid,2,1,1,1,1,1.0000,1.0000,1,5.954,2.422
5769,complete_bipartite,rigid,12,20,10,2,2,1.0000,1.0000,1,28.800,2.192
5770,crown,rigid,10,20,4,2,2,1.0000,1.0000,1,10.312,21.421
5771,double_star,rigid,19,18,12,7,7,1.0000,1.0000,1,41.952,2.551
5772,erdos_renyi,random,29,60,10,7,7,1.0000,10.0000,1,116.109,41.479
5773,barabasi_albert,random,30,29,6,11,11,1.0000,6.0000,1,75.811,2.614
5774,random_tree,random,22,21,3,8,8,1.0000,3.0000,1,64.387,32.737
5775,path,bounded,37,36,2,13,13,1.0000,2.0000,1,122.465,13.693
5776,cycle,bounded,5,5,2,2,2,1.0000,2.0000,1,7.148,15.337
5777,ladder,bounded,20,28,3,6,6,1.0000,3.0000,1,41.681,19.068
5778,grid,bounded,12,17,4,4,4,1.0000,4.0000,1,15.907,20.335
5779,regular,bounded,6,9,3,2,2,1.0000,3.0000,1,14.702,20.552
5780,balanced_tree,bounded,15,14,3,5,5,1.0000,3.0000,1,20.594,33.752
5781,lollipop,bounded,6,8,4,2,2,1.0000,4.0000,1,11.995,3.501
5782,clique,rigid,9,36,8,1,1,1.0000,1.0000,1,20.354,1.947
5783,star,rigid,8,7,7,1,1,1.0000,1.0000,1,7.843,1.291
5784,complete_bipartite,rigid,17,60,12,5,5,1.0000,1.0000,1,36.982,2.266
5785,crown,rigid,10,20,4,2,2,1.0000,1.0000,1,10.496,11.572
5786,double_star,rigid,7,6,5,2,2,1.0000,1.0000,1,15.952,5.314
5787,erdos_renyi,random,23,24,5,9,9,1.0000,5.0000,1,65.430,43.549
5788,barabasi_albert,random,23,42,11,6,6,1.0000,11.0000,1,75.514,28.401
5789,random_tree,random,33,32,4,12,12,1.0000,4.0000,1,100.042,15.508
5790,path,bounded,15,14,2,5,5,1.0000,2.0000,1,20.411,14.028
5791,cycle,bounded,34,34,2,12,12,1.0000,2.0000,1,65.718,35.744
5792,ladder,bounded,8,10,3,3,3,1.0000,3.0000,1,21.914,23.121
5793,grid,bounded,15,22,4,4,4,1.0000,4.0000,1,40.486,29.377
5794,regular,bounded,28,42,3,8,8,1.0000,3.0000,1,108.155,36.442
5795,balanced_tree,bounded,13,12,4,3,3,1.0000,4.0000,1,14.132,1.527
5796,lollipop,bounded,17,31,7,4,4,1.0000,7.0000,1,41.643,27.985
5797,clique,rigid,10,45,9,1,1,1.0000,1.0000,1,21.646,3.853
5798,star,rigid,9,8,8,1,1,1.0000,1.0000,1,17.250,3.138
5799,complete_bipartite,rigid,12,32,8,4,4,1.0000,1.0000,1,28.025,2.220
5800,crown,rigid,12,30,5,2,2,1.0000,1.0000,1,13.663,14.957
5801,double_star,rigid,10,9,6,4,4,1.0000,1.0000,1,10.082,1.354
5802,erdos_renyi,random,13,2,2,11,11,1.0000,2.0000,1,18.587,1.365
5803,barabasi_albert,random,20,36,9,6,6,1.0000,9.0000,1,36.174,25.574
5804,random_tree,random,21,20,4,8,8,1.0000,4.0000,1,64.708,30.771
5805,path,bounded,34,33,2,12,12,1.0000,2.0000,1,90.028,14.967
5806,cycle,bounded,17,17,2,6,6,1.0000,2.0000,1,21.453,15.003
5807,ladder,bounded,20,28,3,6,6,1.0000,3.0000,1,67.489,27.953
5808,grid,bounded,30,49,4,8,8,1.0000,4.0000,1,110.672,56.414
5809,regular,bounded,28,70,5,6,6,1.0000,5.0000,1,93.849,64.659
5810,balanced_tree,bounded,15,14,3,5,5,1.0000,3.0000,1,35.091,33.336
5811,lollipop,bounded,18,38,8,4,4,1.0000,8.0000,1,38.404,28.879
5812,clique,rigid,11,55,10,1,1,1.0000,1.0000,1,16.576,2.210
5813,star,rigid,4,3,3,1,1,1.0000,1.0000,1,4.613,1.389
5814,complete_bipartite,rigid,13,22,11,2,2,1.0000,1.0000,1,43.788,4.316
5815,crown,rigid,8,12,3,2,2,1.0000,1.0000,1,17.816,18.481
5816,double_star,rigid,9,8,5,4,4,1.0000,1.0000,1,19.358,3.380
5817,erdos_renyi,random,22,75,11,4,4,1.0000,11.0000,1,100.099,12.631
5818,barabasi_albert,random,9,14,5,2,2,1.0000,5.0000,1,12.096,12.413
5819,random_tree,random,23,22,4,10,10,1.0000,4.0000,1,37.686,15.101
5820,path,bounded,33,32,2,11,11,1.0000,2.0000,1,55.096,14.259
5821,cycle,bounded,3,3,2,1,1,1.0000,2.0000,1,4.520,1.701
5822,ladder,bounded,10,13,3,3,3,1.0000,3.0000,1,12.544,13.943
5823,grid,bounded,6,7,3,2,2,1.0000,4.0000,1,11.966,15.334
5824,regular,bounded,8,8,2,3,3,1.0000,2.0000,1,11.588,26.963
5825,balanced_tree,bounded,13,12,4,3,3,1.0000,4.0000,1,32.995,3.323
5826,lollipop,bounded,15,35,8,3,3,1.0000,8.0000,1,38.304,22.931
5827,clique,rigid,3,3,2,1,1,1.0000,1.0000,1,6.047,1.590
5828,star,rigid,14,13,13,1,1,1.0000,1.0000,1,22.476,4.423
5829,complete_bipartite,rigid,3,2,2,1,1,1.0000,1.0000,1,9.510,2.940
5830,crown,rigid,12,30,5,2,2,1.0000,1.0000,1,32.575,15.970
5831,double_star,rigid,20,19,12,8,8,1.0000,1.0000,1,33.146,2.116
5832,erdos_renyi,random,21,20,4,9,9,1.0000,4.0000,1,29.867,16.682
5833,barabasi_albert,random,33,32,13,14,14,1.0000,13.0000,1,116.097,1.932
5834,random_tree,random,9,8,3,3,3,1.0000,3.0000,1,10.301,1.608
5835,path,bounded,33,32,2,11,11,1.0000,2.0000,1,59.290,25.368
5836,cycle,bounded,9,9,2,3,3,1.0000,2.0000,1,9.931,14.695
5837,ladder,bounded,22,31,3,6,6,1.0000,3.0000,1,58.081,29.650
5838,grid,bounded,20,31,4,6,6,1.0000,4.0000,1,33.085,13.208
5839,regular,bounded,16,32,4,4,4,1.0000,4.0000,1,23.626,23.203
5840,balanced_tree,bounded,13,12,4,3,3,1.0000,4.0000,1,27.253,3.544
5841,lollipop,bounded,7,9,4,2,2,1.0000,4.0000,1,18.278,3.161
5842,clique,rigid,3,3,2,1,1,1.0000,1.0000,1,7.993,2.837
5843,star,rigid,4,3,3,1,1,1.0000,1.0000,1,9.622,2.589
5844,complete_bipartite,rigid,17,66,11,6,6,1.0000,1.0000,1,77.415,2.916
5845,crown,rigid,10,20,4,2,2,1.0000,1.0000,1,10.543,12.396
5846,double_star,rigid,17,16,10,7,7,1.0000,1.0000,1,40.113,2.832
5847,erdos_renyi,random,14,32,8,3,3,1.0000,8.0000,1,39.256,26.598
5848,barabasi_albert,random,19,18,6,7,7,1.0000,6.0000,1,35.406,33.424
5849,random_tree,random,39,38,4,13,13,1.0000,4.0000,1,117.182,15.992
5850,path,bounded,23,22,2,8,8,1.0000,2.0000,1,55.299,13.872
5851,cycle,bounded,35,35,2,12,12,1.0000,2.0000,1,107.727,40.040
5852,ladder,bounded,4,4,2,2,2,1.0000,3.0000,1,13.033,2.354
5853,grid,bounded,9,12,4,3,3,1.0000,4.0000,1,14.960,22.790
5854,regular,bounded,18,45,5,4,4,1.0000,5.0000,1,39.977,13.710
5855,balanced_tree,bounded,15,14,3,5,5,1.0000,3.0000,1,25.892,33.057
5856,lollipop,bounded,7,12,5,2,2,1.0000,5.0000,1,13.460,3.825
5857,clique,rigid,2,1,1,1,1,1.0000,1.0000,1,7.174,2.502
5858,star,rigid,31,30,30,1,1,1.0000,1.0000,1,54.017,2.907
5859,complete_bipartite,rigid,16,63,9,7,7,1.0000,1.0000,1,49.757,3.295
5860,crown,rigid,12,30,5,2,2,1.0000,1.0000,1,16.878,12.418
5861,double_star,rigid,7,6,5,2,2,1.0000,1.0000,1,10.554,3.219
5862,erdos_renyi,random,29,51,9,9,9,1.0000,9.0000,1,83.089,14.560
5863,barabasi_albert,random,9,14,6,2,2,1.0000,6.0000,1,14.078,14.120
5864,random_tree,random,15,14,4,6,6,1.0000,4.0000,1,19.402,15.963
5865,path,bounded,10,9,2,4,4,1.0000,2.0000,1,12.904,30.196
5866,cycle,bounded,18,18,2,6,6,1.0000,2.0000,1,35.914,14.207
5867,ladder,bounded,26,37,3,7,7,1.0000,3.0000,1,71.820,23.523
5868,grid,bounded,8,10,3,3,3,1.0000,4.0000,1,21.037,26.351
5869,regular,bounded,20,30,3,6,6,1.0000,3.0000,1,61.285,20.766
5870,balanced_tree,bounded,15,14,3,5,5,1.0000,3.0000,1,31.509,43.711
5871,lollipop,bounded,12,14,4,4,4,1.0000,4.0000,1,22.532,22.626
5872,clique,rigid,2,1,1,1,1,1.0000,1.0000,1,2.577,2.536
5873,star,rigid,3,2,2,1,1,1.0000,1.0000,1,6.534,2.199
5874,complete_bipartite,rigid,9,18,6,3,3,1.0000,1.0000,1,16.778,1.993
5875,crown,rigid,8,12,3,2,2,1.0000,1.0000,1,16.927,24.794
5876,double_star,rigid,19,18,13,6,6,1.0000,1.0000,1,23.841,1.748
5877,erdos_renyi,random,16,14,3,7,7,1.0000,3.0000,1,22.053,14.199
5878,barabasi_albert,random,8,12,5,2,2,1.0000,5.0000,1,10.619,12.940
5879,random_tree,random,32,31,6,13,13,1.0000,6.0000,1,80.751,31.793
5880,path,bounded,15,14,2,5,5,1.0000,2.0000,1,23.776,23.830
5881,cycle,bounded,14,14,2,5,5,1.0000,2.0000,1,32.049,17.796
5882,ladder,bounded,26,37,3,7,7,1.0000,3.0000,1,82.055,26.670
5883,grid,bounded,30,49,4,8,8,1.0000,4.0000,1,113.452,74.079
5884,regular,bounded,23,46,4,5,5,1.0000,4.0000,1,80.314,60.429
5885,balanced_tree,bounded,13,12,4,3,3,1.0000,4.0000,1,30.098,4.081
5886,lollipop,bounded,8,10,4,2,2,1.0000,4.0000,1,16.142,2.382
5887,clique,rigid,3,3,2,1,1,1.0000,1.0000,1,4.592,4.017
5888,star,rigid,14,13,13,1,1,1.0000,1.0000,1,14.444,2.168
5889,complete_bipartite,rigid,17,70,10,7,7,1.0000,1.0000,1,69.901,6.531
5890,crown,rigid,4,2,1,2,2,1.0000,1.0000,1,11.529,4.205
5891,double_star,rigid,9,8,6,3,3,1.0000,1.0000,1,17.435,2.170
5892,erdos_renyi,random,11,12,6,3,3,1.0000,6.0000,1,70.297,25.715
5893,barabasi_albert,random,33,32,12,15,15,1.0000,12.0000,1,52.441,1.978
5894,random_tree,random,31,30,4,11,11,1.0000,4.0000,1,85.762,26.603
5895,path,bounded,3,2,2,1,1,1.0000,2.0000,1,6.494,1.832
5896,cycle,bounded,24,24,2,8,8,1.0000,2.0000,1,43.885,20.891
5897,ladder,bounded,12,16,3,4,4,1.0000,3.0000,1,34.326,24.786
5898,grid,bounded,12,16,3,4,4,1.0000,4.0000,1,25.053,20.019
5899,regular,bounded,31,62,4,7,7,1.0000,4.0000,1,146.618,101.615
5900,balanced_tree,bounded,13,12,4,3,3,1.0000,4.0000,1,15.145,1.448
5901,lollipop,bounded,7,12,5,2,2,1.0000,5.0000,1,12.597,2.237
5902,clique,rigid,9,36,8,1,1,1.0000,1.0000,1,18.437,1.989
5903,star,rigid,4,3,3,1,1,1.0000,1.0000,1,4.711,1.228
5904,complete_bipartite,rigid,11,30,6,5,5,1.0000,1.0000,1,19.097,4.070
5905,crown,rigid,10,20,4,2,2,1.0000,1.0000,1,24.087,19.489
5906,double_star,rigid,16,15,10,6,6,1.0000,1.0000,1,24.888,3.531
5907,erdos_renyi,random,33,71,9,8,8,1.0000,9.0000,1,101.898,39.758
5908,barabasi_albert,random,19,18,11,6,6,1.0000,11.0000,1,37.102,3.598
5909,random_tree,random,27,26,4,10,10,1.0000,4.0000,1,72.271,18.173
5910,path,bounded,39,38,2,13,13,1.0000,2.0000,1,97.745,13.493
5911,cycle,bounded,5,5,2,2,2,1.0000,2.0000,1,8.652,15.497
5912,ladder,bounded,18,25,3,5,5,1.0000,3.0000,1,28.611,17.186
5913,grid,bounded,12,16,3,4,4,1.0000,4.0000,1,16.152,14.279
5914,regular,bounded,30,75,5,7,6,1.1667,5.0000,1,86.410,17.647
5915,balanced_tree,bounded,15,14,3,5,5,1.0000,3.0000,1,22.543,24.917
5916,lollipop,bounded,12,26,7,3,3,1.0000,7.0000,1,45.521,23.174
5917,clique,rigid,9,36,8,1,1,1.0000,1.0000,1,13.192,2.483
5918,star,rigid,21,20,20,1,1,1.0000,1.0000,1,17.974,1.797
5919,complete_bipartite,rigid,16,64,8,8,8,1.0000,1.0000,1,35.243,2.282
5920,crown,rigid,4,2,1,2,2,1.0000,1.0000,1,5.029,1.223
5921,double_star,rigid,20,19,13,7,7,1.0000,1.0000,1,20.202,1.620
5922,erdos_renyi,random,21,26,5,8,8,1.0000,5.0000,1,29.410,12.902
5923,barabasi_albert,random,9,8,5,4,4,1.0000,5.0000,1,10.894,1.456
5924,random_tree,random,17,16,4,7,7,1.0000,4.0000,1,20.341,15.144
5925,path,bounded,40,39,2,14,14,1.0000,2.0000,1,122.236,33.502
5926,cycle,bounded,6,6,2,2,2,1.0000,2.0000,1,8.989,15.210
5927,ladder,bounded,22,31,3,6,6,1.0000,3.0000,1,89.152,29.354
5928,grid,bounded,18,27,4,6,6,1.0000,4.0000,1,52.177,52.801
5929,regular,bounded,6,6,2,2,2,1.0000,2.0000,1,16.655,26.400
5930,balanced_tree,bounded,15,14,3,5,5,1.0000,3.0000,1,25.412,15.073
5931,lollipop,bounded,14,14,3,5,5,1.0000,3.0000,1,19.209,20.803
5932,clique,rigid,2,1,1,1,1,1.0000,1.0000,1,3.316,1.637
5933,star,rigid,17,16,16,1,1,1.0000,1.0000,1,17.155,1.753
5934,complete_bipartite,rigid,13,22,11,2,2,1.0000,1.0000,1,33.035,3.687
5935,crown,rigid,6,6,2,2,2,1.0000,1.0000,1,9.384,14.856
5936,double_star,rigid,23,22,12,11,11,1.0000,1.0000,1,47.963,2.093
5937,erdos_renyi,random,21,21,5,7,7,1.0000,5.0000,1,45.657,16.677
5938,barabasi_albert,random,29,54,12,7,7,1.0000,12.0000,1,87.450,13.911
5939,random_tree,random,9,8,3,4,4,1.0000,3.0000,1,17.689,3.789
5940,path,bounded,24,23,2,8,8,1.0000,2.0000,1,51.379,20.709
5941,cycle,bounded,3,3,2,1,1,1.0000,2.0000,1,7.014,2.523
5942,ladder,bounded,22,31,3,6,6,1.0000,3.0000,1,64.635,17.304
5943,grid,bounded,6,7,3,2,2,1.0000,4.0000,1,9.398,25.088
5944,regular,bounded,20,30,3,6,6,1.0000,3.0000,1,35.408,31.348
5945,balanced_tree,bounded,13,12,4,3,3,1.0000,4.0000,1,17.658,1.620
5946,lollipop,bounded,14,16,4,4,4,1.0000,4.0000,1,30.573,22.613
5947,clique,rigid,8,28,7,1,1,1.0000,1.0000,1,21.502,3.185
5948,star,rigid,24,23,23,1,1,1.0000,1.0000,1,35.154,3.238
5949,complete_bipartite,rigid,6,9,3,3,3,1.0000,1.0000,1,8.730,3.482
5950,crown,rigid,12,30,5,2,2,1.0000,1.0000,1,23.733,13.121
5951,double_star,rigid,17,16,12,5,5,1.0000,1.0000,1,47.370,2.409
5952,erdos_renyi,random,10,9,3,4,4,1.0000,3.0000,1,14.313,15.437
5953,barabasi_albert,random,16,15,8,7,7,1.0000,8.0000,1,27.599,2.438
5954,random_tree,random,34,33,5,13,13,1.0000,5.0000,1,79.456,2.324
5955,path,bounded,39,38,2,13,13,1.0000,2.0000,1,82.292,21.721
5956,cycle,bounded,24,24,2,8,8,1.0000,2.0000,1,51.276,20.134
5957,ladder,bounded,18,25,3,5,5,1.0000,3.0000,1,39.600,29.520
5958,grid,bounded,20,31,4,6,6,1.0000,4.0000,1,49.056,16.216
5959,regular,bounded,24,24,2,9,8,1.1250,2.0000,1,54.917,16.035
5960,balanced_tree,bounded,13,12,4,3,3,1.0000,4.0000,1,19.416,1.660
5961,lollipop,bounded,8,22,7,1,1,1.0000,7.0000,1,10.983,18.429
5962,clique,rigid,2,1,1,1,1,1.0000,1.0000,1,3.480,2.884
5963,star,rigid,10,9,9,1,1,1.0000,1.0000,1,12.431,3.965
5964,complete_bipartite,rigid,16,48,12,4,4,1.0000,1.0000,1,65.313,2.641
5965,crown,rigid,10,20,4,2,2,1.0000,1.0000,1,21.759,17.298
5966,double_star,rigid,16,15,13,3,3,1.0000,1.0000,1,18.302,1.902
5967,erdos_renyi,random,33,54,7,9,9,1.0000,7.0000,1,100.499,18.714
5968,barabasi_albert,random,34,33,14,11,11,1.0000,14.0000,1,76.961,2.101
5969,random_tree,random,6,5,4,2,2,1.0000,4.0000,1,6.394,1.480
5970,path,bounded,31,30,2,11,11,1.0000,2.0000,1,56.984,30.005
5971,cycle,bounded,18,18,2,6,6,1.0000,2.0000,1,32.755,27.744
5972,ladder,bounded,20,28,3,6,6,1.0000,3.0000,1,62.449,19.570
5973,grid,bounded,15,22,4,4,4,1.0000,4.0000,1,42.064,24.579
5974,regular,bounded,34,51,3,10,9,1.1111,3.0000,1,80.411,52.283
5975,balanced_tree,bounded,13,12,4,3,3,1.0000,4.0000,1,14.131,1.585
5976,lollipop,bounded,14,19,5,4,4,1.0000,5.0000,1,16.961,14.537
5977,clique,rigid,12,66,11,1,1,1.0000,1.0000,1,47.228,3.172
5978,star,rigid,11,10,10,1,1,1.0000,1.0000,1,10.356,1.400
5979,complete_bipartite,rigid,15,50,10,5,5,1.0000,1.0000,1,29.784,2.225
5980,crown,rigid,4,2,1,2,2,1.0000,1.0000,1,4.965,1.186
5981,double_star,rigid,23,22,12,11,11,1.0000,1.0000,1,31.381,2.873
5982,erdos_renyi,random,24,33,6,9,9,1.0000,6.0000,1,65.770,25.772
5983,barabasi_albert,random,10,9,6,3,3,1.0000,6.0000,1,21.194,1.812
5984,random_tree,random,28,27,4,10,10,1.0000,4.0000,1,58.506,33.737
5985,path,bounded,39,38,2,13,13,1.0000,2.0000,1,102.932,41.029
5986,cycle,bounded,33,33,2,11,11,1.0000,2.0000,1,87.456,20.834
5987,ladder,bounded,6,7,3,2,2,1.0000,3.0000,1,8.557,13.454
5988,grid,bounded,12,16,3,4,4,1.0000,4.0000,1,16.604,13.770
5989,regular,bounded,28,28,2,10,10,1.0000,2.0000,1,49.838,36.783
5990,balanced_tree,bounded,15,14,3,5,5,1.0000,3.0000,1,36.762,17.562
5991,lollipop,bounded,16,25,6,4,4,1.0000,6.0000,1,21.406,15.188
5992,clique,rigid,2,1,1,1,1,1.0000,1.0000,1,3.192,1.490
5993,star,rigid,22,21,21,1,1,1.0000,1.0000,1,18.794,1.593
5994,complete_bipartite,rigid,18,81,9,9,9,1.0000,1.0000,1,47.660,2.666
5995,crown,rigid,4,2,1,2,2,1.0000,1.0000,1,10.854,2.999
5996,double_star,rigid,12,11,9,3,3,1.0000,1.0000,1,22.841,2.302
5997,erdos_renyi,random,26,60,8,6,6,1.0000,8.0000,1,99.414,44.656
5998,barabasi_albert,random,14,24,10,3,3,1.0000,10.0000,1,31.203,21.331
5999,random_tree,random,21,20,4,7,7,1.0000,4.0000,1,47.023,24.231
6000,path,bounded,27,26,2,9,9,1.0000,2.0000,1,76.847,28.722
6001,cycle,bounded,20,20,2,7,7,1.0000,2.0000,1,28.421,16.059
6002,ladder,bounded,26,37,3,7,7,1.0000,3.0000,1,73.834,14.232
6003,grid,bounded,4,4,2,2,2,1.0000,4.0000,1,6.437,1.815
6004,regular,bounded,3,3,2,1,1,1.0000,2.0000,1,6.547,2.245
6005,balanced_tree,bounded,15,14,3,5,5,1.0000,3.0000,1,54.259,30.443
6006,lollipop,bounded,19,39,8,5,5,1.0000,8.0000,1,37.091,19.533
6007,clique,rigid,13,78,12,1,1,1.0000,1.0000,1,25.892,3.431
6008,star,rigid,25,24,24,1,1,1.0000,1.0000,1,41.613,3.536
6009,complete_bipartite,rigid,17,60,12,5,5,1.0000,1.0000,1,44.109,2.787
6010,crown,rigid,4,2,1,2,2,1.0000,1.0000,1,6.903,2.462
6011,double_star,rigid,19,18,10,9,9,1.0000,1.0000,1,31.530,3.267
6012,erdos_renyi,random,30,134,14,4,4,1.0000,14.0000,1,208.256,150.090
6013,barabasi_albert,random,10,16,7,3,3,1.0000,7.0000,1,12.433,14.160
6014,random_tree,random,28,27,4,11,11,1.0000,4.0000,1,83.635,2.219
6015,path,bounded,15,14,2,5,5,1.0000,2.0000,1,21.196,14.959
6016,cycle,bounded,37,37,2,13,13,1.0000,2.0000,1,81.973,18.584
6017,ladder,bounded,22,31,3,6,6,1.0000,3.0000,1,55.985,33.587
6018,grid,bounded,4,4,2,2,2,1.0000,4.0000,1,10.052,2.421
6019,regular,bounded,22,33,3,6,6,1.0000,3.0000,1,64.157,33.059
6020,balanced_tree,bounded,13,12,4,3,3,1.0000,4.0000,1,24.268,2.744
6021,lollipop,bounded,6,11,5,1,1,1.0000,5.0000,1,9.758,24.564
6022,clique,rigid,10,45,9,1,1,1.0000,1.0000,1,21.575,1.938
6023,star,rigid,13,12,12,1,1,1.0000,1.0000,1,21.802,1.906
6024,complete_bipartite,rigid,10,9,9,1,1,1.0000,1.0000,1,9.635,1.551
6025,crown,rigid,6,6,2,2,2,1.0000,1.0000,1,6.027,14.337
6026,double_star,rigid,10,9,8,2,2,1.0000,1.0000,1,15.730,3.595
6027,erdos_renyi,random,33,157,13,5,5,1.0000,13.0000,1,210.267,159.330
6028,barabasi_albert,random,12,11,6,4,4,1.0000,6.0000,1,23.883,2.693
6029,random_tree,random,20,19,4,9,9,1.0000,4.0000,1,42.481,2.876
6030,path,bounded,22,21,2,8,8,1.0000,2.0000,1,34.962,24.781
6031,cycle,bounded,28,28,2,10,10,1.0000,2.0000,1,70.583,26.487
6032,ladder,bounded,6,7,3,2,2,1.0000,3.0000,1,11.353,18.953
6033,grid,bounded,9,12,4,3,3,1.0000,4.0000,1,16.706,29.902
6034,regular,bounded,4,4,2,2,2,1.0000,2.0000,1,8.819,3.100
6035,balanced_tree,bounded,13,12,4,3,3,1.0000,4.0000,1,26.648,1.762
6036,lollipop,bounded,10,24,7,2,2,1.0000,7.0000,1,16.690,4.032
6037,clique,rigid,11,55,10,1,1,1.0000,1.0000,1,35.268,4.548
6038,star,rigid,19,18,18,1,1,1.0000,1.0000,1,28.429,3.642
6039,complete_bipartite,rigid,16,60,10,6,6,1.0000,1.0000,1,49.581,2.822
6040,crown,rigid,6,6,2,2,2,1.0000,1.0000,1,6.260,28.227
6041,double_star,rigid,13,12,7,6,6,1.0000,1.0000,1,23.061,2.602
6042,erdos_renyi,random,31,71,7,7,7,1.0000,7.0000,1,171.437,46.868
6043,barabasi_albert,random,29,54,19,8,8,1.0000,19.0000,1,107.518,31.512
6044,random_tree,random,8,7,3,3,3,1.0000,3.0000,1,13.926,1.997
6045,path,bounded,32,31,2,11,11,1.0000,2.0000,1,80.776,21.893
6046,cycle,bounded,14,14,2,5,5,1.0000,2.0000,1,23.833,17.525
6047,ladder,bounded,14,19,3,4,4,1.0000,3.0000,1,23.260,20.183
6048,grid,bounded,6,7,3,2,2,1.0000,4.0000,1,10.502,17.051
6049,regular,bounded,22,55,5,5,5,1.0000,5.0000,1,76.472,22.867
6050,balanced_tree,bounded,13,12,4,3,3,1.0000,4.0000,1,16.015,1.815
6051,lollipop,bounded,9,18,6,2,2,1.0000,6.0000,1,23.330,1.828
6052,clique,rigid,12,66,11,1,1,1.0000,1.0000,1,26.735,2.677
6053,star,rigid,20,19,19,1,1,1.0000,1.0000,1,33.198,2.193
6054,complete_bipartite,rigid,15,44,11,4,4,1.0000,1.0000,1,45.853,6.161
6055,crown,rigid,4,2,1,2,2,1.0000,1.0000,1,11.574,3.644
6056,double_star,rigid,13,12,8,5,5,1.0000,1.0000,1,32.766,3.312
6057,erdos_renyi,random,23,100,12,3,3,1.0000,12.0000,1,117.832,47.091
6058,barabasi_albert,random,31,58,15,7,7,1.0000,15.0000,1,117.953,46.282
6059,random_tree,random,23,22,4,7,7,1.0000,4.0000,1,75.817,20.906
6060,path,bounded,13,12,2,5,5,1.0000,2.0000,1,35.227,33.526
6061,cycle,bounded,5,5,2,2,2,1.0000,2.0000,1,12.992,31.169
6062,ladder,bounded,20,28,3,6,6,1.0000,3.0000,1,44.614,55.544
6063,grid,bounded,30,49,4,8,8,1.0000,4.0000,1,174.578,26.750
6064,regular,bounded,31,62,4,8,7,1.1429,4.0000,1,159.989,142.565
6065,balanced_tree,bounded,15,14,3,5,5,1.0000,3.0000,1,21.171,28.221
6066,lollipop,bounded,10,15,5,3,3,1.0000,5.0000,1,25.793,40.989
6067,clique,rigid,2,1,1,1,1,1.0000,1.0000,1,8.067,3.046
6068,star,rigid,18,17,17,1,1,1.0000,1.0000,1,42.126,3.277
6069,complete_bipartite,rigid,6,5,5,1,1,1.0000,1.0000,1,11.599,2.185
6070,crown,rigid,6,6,2,2,2,1.0000,1.0000,1,7.091,27.155
6071,double_star,rigid,6,5,3,3,3,1.0000,1.0000,1,12.295,3.101
6072,erdos_renyi,random,24,43,7,7,7,1.0000,7.0000,1,96.060,24.891
6073,barabasi_albert,random,27,50,9,8,8,1.0000,9.0000,1,97.755,29.454
6074,random_tree,random,29,28,4,12,12,1.0000,4.0000,1,97.715,31.312
6075,path,bounded,35,34,2,12,12,1.0000,2.0000,1,107.626,37.944
6076,cycle,bounded,10,10,2,4,4,1.0000,2.0000,1,17.254,20.378
6077,ladder,bounded,22,31,3,6,6,1.0000,3.0000,1,74.960,21.958
6078,grid,bounded,12,17,4,4,4,1.0000,4.0000,1,19.307,13.366
6079,regular,bounded,29,29,2,10,10,1.0000,2.0000,1,42.592,25.922
6080,balanced_tree,bounded,15,14,3,5,5,1.0000,3.0000,1,37.673,34.473
6081,lollipop,bounded,15,17,4,5,5,1.0000,4.0000,1,44.534,39.931
6082,clique,rigid,7,21,6,1,1,1.0000,1.0000,1,12.345,2.924
6083,star,rigid,5,4,4,1,1,1.0000,1.0000,1,7.183,1.614
6084,complete_bipartite,rigid,6,5,5,1,1,1.0000,1.0000,1,12.457,2.706
6085,crown,rigid,8,12,3,2,2,1.0000,1.0000,1,20.560,25.863
6086,double_star,rigid,10,9,7,3,3,1.0000,1.0000,1,26.270,3.159
6087,erdos_renyi,random,19,50,8,3,3,1.0000,8.0000,1,71.694,14.626
6088,barabasi_albert,random,15,14,5,6,6,1.0000,5.0000,1,29.917,2.788
6089,random_tree,random,21,20,3,8,8,1.0000,3.0000,1,48.856,4.131
6090,path,bounded,6,5,2,2,2,1.0000,2.0000,1,11.142,2.533
6091,cycle,bounded,37,37,2,13,13,1.0000,2.0000,1,107.271,33.000
6092,ladder,bounded,18,25,3,5,5,1.0000,3.0000,1,51.362,22.492
6093,grid,bounded,15,22,4,4,4,1.0000,4.0000,1,39.210,23.744
6094,regular,bounded,26,65,5,6,5,1.2000,5.0000,1,98.817,129.084
6095,balanced_tree,bounded,15,14,3,5,5,1.0000,3.0000,1,25.833,18.810
6096,lollipop,bounded,17,26,6,5,5,1.0000,6.0000,1,22.471,14.614
6097,clique,rigid,12,66,11,1,1,1.0000,1.0000,1,28.271,2.850
6098,star,rigid,26,25,25,1,1,1.0000,1.0000,1,42.689,3.374
6099,complete_bipartite,rigid,9,20,5,4,4,1.0000,1.0000,1,28.760,3.587
6100,crown,rigid,8,12,3,2,2,1.0000,1.0000,1,11.843,13.240
6101,double_star,rigid,10,9,8,2,2,1.0000,1.0000,1,10.508,1.281
6102,erdos_renyi,random,22,62,10,5,5,1.0000,10.0000,1,88.654,25.999
6103,barabasi_albert,random,34,64,12,11,11,1.0000,12.0000,1,125.732,32.593
6104,random_tree,random,18,17,4,7,7,1.0000,4.0000,1,30.079,4.634
6105,path,bounded,32,31,2,11,11,1.0000,2.0000,1,69.622,16.938
6106,cycle,bounded,29,29,2,10,10,1.0000,2.0000,1,74.964,25.126
6107,ladder,bounded,10,13,3,3,3,1.0000,3.0000,1,20.358,25.812
6108,grid,bounded,20,31,4,6,6,1.0000,4.0000,1,65.368,13.071
6109,regular,bounded,14,14,2,5,5,1.0000,2.0000,1,27.128,25.380
6110,balanced_tree,bounded,15,14,3,5,5,1.0000,3.0000,1,37.198,35.544
6111,lollipop,bounded,11,11,3,4,4,1.0000,3.0000,1,24.604,28.202
6112,clique,rigid,5,10,4,1,1,1.0000,1.0000,1,6.967,1.559
6113,star,rigid,12,11,11,1,1,1.0000,1.0000,1,10.746,2.057
6114,complete_bipartite,rigid,18,72,12,6,6,1.0000,1.0000,1,82.523,5.562
6115,crown,rigid,4,2,1,2,2,1.0000,1.0000,1,12.523,3.393
6116,double_star,rigid,15,14,13,2,2,1.0000,1.0000,1,27.592,3.388
6117,erdos_renyi,random,27,62,8,7,7,1.0000,8.0000,1,84.325,24.972
6118,barabasi_albert,random,29,54,10,9,9,1.0000,10.0000,1,116.046,27.492
6119,random_tree,random,15,14,3,6,6,1.0000,3.0000,1,35.965,3.189
6120,path,bounded,40,39,2,14,14,1.0000,2.0000,1,113.940,29.564
6121,cycle,bounded,10,10,2,4,4,1.0000,2.0000,1,20.494,43.707
6122,ladder,bounded,14,19,3,4,4,1.0000,3.0000,1,33.118,21.221
6123,grid,bounded,8,10,3,3,3,1.0000,4.0000,1,13.349,16.431
6124,regular,bounded,22,33,3,6,6,1.0000,3.0000,1,52.663,24.477
6125,balanced_tree,bounded,13,12,4,3,3,1.0000,4.0000,1,24.100,2.180
6126,lollipop,bounded,20,40,8,5,5,1.0000,8.0000,1,33.013,26.241
6127,clique,rigid,2,1,1,1,1,1.0000,1.0000,1,4.414,2.313
6128,star,rigid,8,7,7,1,1,1.0000,1.0000,1,14.694,2.330
6129,complete_bipartite,rigid,11,28,7,4,4,1.0000,1.0000,1,46.118,2.993
6130,crown,rigid,8,12,3,2,2,1.0000,1.0000,1,12.671,24.967
6131,double_star,rigid,20,19,13,7,7,1.0000,1.0000,1,35.115,4.136
6132,erdos_renyi,random,27,20,4,15,15,1.0000,4.0000,1,64.800,28.149
6133,barabasi_albert,random,18,32,8,5,5,1.0000,8.0000,1,63.232,21.783
6134,random_tree,random,39,38,6,16,16,1.0000,6.0000,1,140.107,26.188
6135,path,bounded,10,9,2,4,4,1.0000,2.0000,1,18.050,27.801
6136,cycle,bounded,4,4,2,2,2,1.0000,2.0000,1,6.313,1.664
6137,ladder,bounded,6,7,3,2,2,1.0000,3.0000,1,14.111,19.250
6138,grid,bounded,18,27,4,6,6,1.0000,4.0000,1,45.407,26.581
6139,regular,bounded,26,39,3,7,7,1.0000,3.0000,1,81.648,16.197
6140,balanced_tree,bounded,15,14,3,5,5,1.0000,3.0000,1,34.596,33.064
6141,lollipop,bounded,12,26,7,3,3,1.0000,7.0000,1,29.219,59.196
6142,clique,rigid,5,10,4,1,1,1.0000,1.0000,1,13.045,3.467
6143,star,rigid,29,28,28,1,1,1.0000,1.0000,1,73.502,2.448
6144,complete_bipartite,rigid,23,132,12,11,11,1.0000,1.0000,1,145.081,7.496
6145,crown,rigid,8,12,3,2,2,1.0000,1.0000,1,17.438,30.030
6146,double_star,rigid,22,21,12,10,10,1.0000,1.0000,1,39.891,2.342
6147,erdos_renyi,random,28,139,14,4,4,1.0000,14.0000,1,133.910,52.510
6148,barabasi_albert,random,34,64,12,12,12,1.0000,12.0000,1,121.176,25.398
6149,random_tree,random,35,34,3,14,14,1.0000,3.0000,1,85.528,30.434
6150,path,bounded,32,31,2,11,11,1.0000,2.0000,1,92.111,14.890
6151,cycle,bounded,21,21,2,7,7,1.0000,2.0000,1,62.281,23.885
6152,ladder,bounded,34,49,3,9,9,1.0000,3.0000,1,112.297,14.226
6153,grid,bounded,4,4,2,2,2,1.0000,4.0000,1,6.047,2.264
6154,regular,bounded,24,48,4,6,6,1.0000,4.0000,1,80.765,26.439
6155,balanced_tree,bounded,13,12,4,3,3,1.0000,4.0000,1,23.372,2.234
6156,lollipop,bounded,11,11,3,4,4,1.0000,3.0000,1,21.625,27.991
6157,clique,rigid,3,3,2,1,1,1.0000,1.0000,1,4.901,1.796
6158,star,rigid,22,21,21,1,1,1.0000,1.0000,1,25.674,1.908
6159,complete_bipartite,rigid,12,11,11,1,1,1.0000,1.0000,1,11.765,2.654
6160,crown,rigid,4,2,1,2,2,1.0000,1.0000,1,12.045,3.214
6161,double_star,rigid,15,14,8,7,7,1.0000,1.0000,1,24.369,2.938
6162,erdos_renyi,random,8,6,3,4,4,1.0000,3.0000,1,11.510,4.256
6163,barabasi_albert,random,10,9,4,4,4,1.0000,4.0000,1,20.290,3.085
6164,random_tree,random,10,9,6,3,3,1.0000,6.0000,1,15.145,1.570
6165,path,bounded,12,11,2,4,4,1.0000,2.0000,1,12.791,16.250
6166,cycle,bounded,20,20,2,7,7,1.0000,2.0000,1,27.352,16.304
6167,ladder,bounded,10,13,3,3,3,1.0000,3.0000,1,14.173,14.299
6168,grid,bounded,18,27,4,6,6,1.0000,4.0000,1,31.690,39.014
6169,regular,bounded,14,21,3,4,4,1.0000,3.0000,1,32.918,24.225
6170,balanced_tree,bounded,13,12,4,3,3,1.0000,4.0000,1,18.590,1.735
6171,lollipop,bounded,9,9,3,3,3,1.0000,3.0000,1,12.404,25.429
6172,clique,rigid,10,45,9,1,1,1.0000,1.0000,1,18.369,3.068
6173,star,rigid,27,26,26,1,1,1.0000,1.0000,1,40.012,4.450
6174,complete_bipartite,rigid,3,2,2,1,1,1.0000,1.0000,1,9.411,2.366
6175,crown,rigid,4,2,1,2,2,1.0000,1.0000,1,9.965,2.360
6176,double_star,rigid,19,18,13,6,6,1.0000,1.0000,1,37.920,3.636
6177,erdos_renyi,random,26,96,12,5,5,1.0000,12.0000,1,172.712,106.058
6178,barabasi_albert,random,10,16,6,3,3,1.0000,6.0000,1,16.099,12.514
6179,random_tree,random,19,18,3,7,7,1.0000,3.0000,1,36.612,18.909
6180,path,bounded,17,16,2,6,6,1.0000,2.0000,1,41.282,30.395
6181,cycle,bounded,19,19,2,7,7,1.0000,2.0000,1,42.451,33.062
6182,ladder,bounded,20,28,3,6,6,1.0000,3.0000,1,45.032,30.836
6183,grid,bounded,8,10,3,3,3,1.0000,4.0000,1,19.895,24.411
6184,regular,bounded,20,30,3,6,6,1.0000,3.0000,1,54.578,43.453
6185,balanced_tree,bounded,13,12,4,3,3,1.0000,4.0000,1,22.415,3.088
6186,lollipop,bounded,19,39,8,5,5,1.0000,8.0000,1,66.460,27.334
6187,clique,rigid,6,15,5,1,1,1.0000,1.0000,1,14.794,2.234
6188,star,rigid,8,7,7,1,1,1.0000,1.0000,1,17.157,3.123
6189,complete_bipartite,rigid,16,63,9,7,7,1.0000,1.0000,1,70.141,5.861
6190,crown,rigid,8,12,3,2,2,1.0000,1.0000,1,15.673,14.514
6191,double_star,rigid,15,14,13,2,2,1.0000,1.0000,1,28.564,1.647
6192,erdos_renyi,random,17,8,2,11,11,1.0000,2.0000,1,26.614,1.660
6193,barabasi_albert,random,29,54,14,7,7,1.0000,14.0000,1,91.313,12.318
6194,random_tree,random,3,2,2,1,1,1.0000,2.0000,1,4.743,1.647
6195,path,bounded,18,17,2,6,6,1.0000,2.0000,1,22.871,39.411
6196,cycle,bounded,30,30,2,10,10,1.0000,2.0000,1,68.199,23.006
6197,ladder,bounded,8,10,3,3,3,1.0000,3.0000,1,20.177,30.435
6198,grid,bounded,12,16,3,4,4,1.0000,4.0000,1,24.249,31.938
6199,regular,bounded,6,15,5,1,1,1.0000,5.0000,1,16.914,3.995
6200,balanced_tree,bounded,13,12,4,3,3,1.0000,4.0000,1,26.471,4.226
6201,lollipop,bounded,7,12,5,2,2,1.0000,5.0000,1,13.093,1.709
6202,clique,rigid,4,6,3,1,1,1.0000,1.0000,1,6.792,2.453
6203,star,rigid,11,10,10,1,1,1.0000,1.0000,1,18.270,3.442
6204,complete_bipartite,rigid,12,27,9,3,3,1.0000,1.0000,1,47.544,4.626
6205,crown,rigid,8,12,3,2,2,1.0000,1.0000,1,13.710,39.166
6206,double_star,rigid,14,13,10,4,4,1.0000,1.0000,1,22.998,1.915
6207,erdos_renyi,random,33,89,10,8,7,1.1429,10.0000,1,150.860,122.791
6208,barabasi_albert,random,23,22,8,7,7,1.0000,8.0000,1,41.400,2.323
6209,random_tree,random,40,39,5,13,13,1.0000,5.0000,1,100.386,20.631
6210,path,bounded,2,1,1,1,1,1.0000,2.0000,1,6.596,3.220
6211,cycle,bounded,9,9,2,3,3,1.0000,2.0000,1,12.715,16.545
6212,ladder,bounded,36,52,3,10,10,1.0000,3.0000,1,170.445,50.230
6213,grid,bounded,12,16,3,4,4,1.0000,4.0000,1,30.509,30.579
6214,regular,bounded,30,75,5,7,6,1.1667,5.0000,1,154.799,59.431
6215,balanced_tree,bounded,13,12,4,3,3,1.0000,4.0000,1,16.376,1.629
6216,lollipop,bounded,13,18,5,4,4,1.0000,5.0000,1,24.245,17.695
6217,clique,rigid,2,1,1,1,1,1.0000,1.0000,1,3.979,1.287
6218,star,rigid,4,3,3,1,1,1.0000,1.0000,1,4.457,1.795
6219,complete_bipartite,rigid,19,88,11,8,8,1.0000,1.0000,1,72.655,3.694
6220,crown,rigid,4,2,1,2,2,1.0000,1.0000,1,5.682,2.179
6221,double_star,rigid,20,19,10,10,10,1.0000,1.0000,1,25.676,1.712
6222,erdos_renyi,random,9,0,0,9,9,1.0000,1.0000,1,14.443,1.357
6223,barabasi_albert,random,16,28,10,6,6,1.0000,10.0000,1,43.879,33.270
6224,random_tree,random,11,10,4,4,4,1.0000,4.0000,1,16.787,2.277
6225,path,bounded,22,21,2,8,8,1.0000,2.0000,1,47.024,27.774
6226,cycle,bounded,32,32,2,11,11,1.0000,2.0000,1,95.144,39.000
6227,ladder,bounded,20,28,3,6,6,1.0000,3.0000,1,69.326,22.340
6228,grid,bounded,8,10,3,3,3,1.0000,4.0000,1,11.852,20.363
6229,regular,bounded,24,60,5,6,5,1.2000,5.0000,1,83.795,53.295
6230,balanced_tree,bounded,15,14,3,5,5,1.0000,3.0000,1,40.511,26.943
6231,lollipop,bounded,9,11,4,3,3,1.0000,4.0000,1,12.453,21.749
6232,clique,rigid,3,3,2,1,1,1.0000,1.0000,1,3.331,1.371
6233,star,rigid,4,3,3,1,1,1.0000,1.0000,1,9.031,2.888
6234,complete_bipartite,rigid,15,44,11,4,4,1.0000,1.0000,1,57.059,2.815
6235,crown,rigid,12,30,5,2,2,1.0000,1.0000,1,39.126,17.947
6236,double_star,rigid,24,23,13,11,11,1.0000,1.0000,1,49.584,2.240
6237,erdos_renyi,random,28,103,11,5,5,1.0000,11.0000,1,153.421,16.015
6238,barabasi_albert,random,19,18,10,7,7,1.0000,10.0000,1,23.944,1.723
6239,random_tree,random,31,30,6,11,11,1.0000,6.0000,1,78.520,3.179
6240,path,bounded,37,36,2,13,13,1.0000,2.0000,1,90.948,14.700
6241,cycle,bounded,21,21,2,7,7,1.0000,2.0000,1,39.531,16.924
6242,ladder,bounded,34,49,3,9,9,1.0000,3.0000,1,98.869,42.950
6243,grid,bounded,18,27,4,6,6,1.0000,4.0000,1,48.249,32.655
6244,regular,bounded,20,50,5,4,4,1.0000,5.0000,1,85.710,49.860
6245,balanced_tree,bounded,15,14,3,5,5,1.0000,3.0000,1,39.048,30.957
6246,lollipop,bounded,8,13,5,2,2,1.0000,5.0000,1,11.472,1.770
6247,clique,rigid,9,36,8,1,1,1.0000,1.0000,1,12.152,2.978
6248,star,rigid,29,28,28,1,1,1.0000,1.0000,1,40.013,3.345
6249,complete_bipartite,rigid,17,70,10,7,7,1.0000,1.0000,1,78.365,6.059
6250,crown,rigid,4,2,1,2,2,1.0000,1.0000,1,16.553,6.244
6251,double_star,rigid,10,9,7,3,3,1.0000,1.0000,1,40.141,3.478
6252,erdos_renyi,random,16,26,6,4,4,1.0000,6.0000,1,29.409,12.319
6253,barabasi_albert,random,24,44,8,7,7,1.0000,8.0000,1,95.253,27.421
6254,random_tree,random,17,16,4,7,7,1.0000,4.0000,1,50.889,4.788
6255,path,bounded,21,20,2,7,7,1.0000,2.0000,1,52.398,25.127
6256,cycle,bounded,15,15,2,5,5,1.0000,2.0000,1,53.671,30.903
6257,ladder,bounded,30,43,3,8,8,1.0000,3.0000,1,143.986,25.686
6258,grid,bounded,24,38,4,7,7,1.0000,4.0000,1,94.106,26.323
6259,regular,bounded,27,54,4,6,6,1.0000,4.0000,1,74.832,23.195
6260,balanced_tree,bounded,13,12,4,3,3,1.0000,4.0000,1,14.040,1.433
6261,lollipop,bounded,12,32,8,2,2,1.0000,8.0000,1,16.479,1.958
6262,clique,rigid,10,45,9,1,1,1.0000,1.0000,1,12.819,1.772
6263,star,rigid,9,8,8,1,1,1.0000,1.0000,1,15.039,2.598
6264,complete_bipartite,rigid,17,70,10,7,7,1.0000,1.0000,1,74.842,2.565
6265,crown,rigid,4,2,1,2,2,1.0000,1.0000,1,4.960,1.301
6266,double_star,rigid,14,13,9,5,5,1.0000,1.0000,1,13.390,1.481
6267,erdos_renyi,random,21,54,10,4,4,1.0000,10.0000,1,48.961,12.403
6268,barabasi_albert,random,20,19,8,9,9,1.0000,8.0000,1,25.334,1.625
6269,random_tree,random,40,39,5,14,14,1.0000,5.0000,1,106.639,27.455
6270,path,bounded,6,5,2,2,2,1.0000,2.0000,1,12.518,2.826
6271,cycle,bounded,18,18,2,6,6,1.0000,2.0000,1,30.274,19.584
6272,ladder,bounded,20,28,3,6,6,1.0000,3.0000,1,60.879,39.425
6273,grid,bounded,20,31,4,6,6,1.0000,4.0000,1,44.752,29.485
6274,regular,bounded,12,24,4,3,3,1.0000,4.0000,1,21.671,24.250
6275,balanced_tree,bounded,13,12,4,3,3,1.0000,4.0000,1,28.299,2.144
6276,lollipop,bounded,13,18,5,4,4,1.0000,5.0000,1,24.559,22.331
6277,clique,rigid,3,3,2,1,1,1.0000,1.0000,1,4.831,2.746
6278,star,rigid,25,24,24,1,1,1.0000,1.0000,1,28.190,1.864
6279,complete_bipartite,rigid,15,54,9,6,6,1.0000,1.0000,1,57.089,2.365
6280,crown,rigid,12,30,5,2,2,1.0000,1.0000,1,16.854,11.796
6281,double_star,rigid,22,21,12,10,10,1.0000,1.0000,1,22.979,1.770
6282,erdos_renyi,random,31,74,8,7,7,1.0000,8.0000,1,154.091,45.107
6283,barabasi_albert,random,12,11,6,5,5,1.0000,6.0000,1,22.300,2.404
6284,random_tree,random,4,3,2,2,2,1.0000,2.0000,1,5.767,1.439
6285,path,bounded,7,6,2,3,3,1.0000,2.0000,1,8.586,2.542
6286,cycle,bounded,20,20,2,7,7,1.0000,2.0000,1,24.327,16.603
6287,ladder,bounded,6,7,3,2,2,1.0000,3.0000,1,6.695,30.645
6288,grid,bounded,8,10,3,3,3,1.0000,4.0000,1,11.305,12.767
6289,regular,bounded,10,25,5,2,2,1.0000,5.0000,1,14.148,11.123
6290,balanced_tree,bounded,15,14,3,5,5,1.0000,3.0000,1,19.651,23.344
6291,lollipop,bounded,12,14,4,4,4,1.0000,4.0000,1,28.583,26.144
6292,clique,rigid,3,3,2,1,1,1.0000,1.0000,1,6.912,1.580
6293,star,rigid,22,21,21,1,1,1.0000,1.0000,1,32.612,3.257
6294,complete_bipartite,rigid,12,27,9,3,3,1.0000,1.0000,1,28.375,1.937
6295,crown,rigid,12,30,5,2,2,1.0000,1.0000,1,17.631,20.460
6296,double_star,rigid,14,13,10,4,4,1.0000,1.0000,1,15.239,1.562
6297,erdos_renyi,random,27,28,4,11,11,1.0000,4.0000,1,39.924,13.687
6298,barabasi_albert,random,32,60,10,8,8,1.0000,10.0000,1,104.824,27.275
6299,random_tree,random,36,35,4,14,14,1.0000,4.0000,1,106.768,23.638
6300,path,bounded,36,35,2,12,12,1.0000,2.0000,1,61.776,17.174
6301,cycle,bounded,32,32,2,11,11,1.0000,2.0000,1,71.652,24.320
6302,ladder,bounded,10,13,3,3,3,1.0000,3.0000,1,26.361,20.329
6303,grid,bounded,6,7,3,2,2,1.0000,4.0000,1,12.224,16.327
6304,regular,bounded,24,60,5,5,5,1.0000,5.0000,1,83.314,82.403
6305,balanced_tree,bounded,13,12,4,3,3,1.0000,4.0000,1,21.209,4.350
6306,lollipop,bounded,15,15,3,5,5,1.0000,3.0000,1,40.306,17.441
6307,clique,rigid,12,66,11,1,1,1.0000,1.0000,1,32.528,3.213
6308,star,rigid,6,5,5,1,1,1.0000,1.0000,1,9.640,1.664
6309,complete_bipartite,rigid,7,12,4,3,3,1.0000,1.0000,1,12.272,1.710
6310,crown,rigid,10,20,4,2,2,1.0000,1.0000,1,13.057,21.496
6311,double_star,rigid,19,18,11,8,8,1.0000,1.0000,1,59.133,3.393
6312,erdos_renyi,random,28,43,7,8,8,1.0000,7.0000,1,82.686,12.950
6313,barabasi_albert,random,22,21,7,9,9,1.0000,7.0000,1,33.695,4.114
6314,random_tree,random,25,24,3,10,10,1.0000,3.0000,1,35.227,27.202
6315,path,bounded,11,10,2,4,4,1.0000,2.0000,1,35.149,26.575
6316,cycle,bounded,4,4,2,2,2,1.0000,2.0000,1,10.205,2.274
6317,ladder,bounded,6,7,3,2,2,1.0000,3.0000,1,13.847,18.903
6318,grid,bounded,24,38,4,7,7,1.0000,4.0000,1,68.226,23.605
6319,regular,bounded,30,75,5,6,6,1.0000,5.0000,1,119.245,140.224
6320,balanced_tree,bounded,15,14,3,5,5,1.0000,3.0000,1,18.234,16.248
6321,lollipop,bounded,12,17,5,3,3,1.0000,5.0000,1,14.917,15.196
6322,clique,rigid,1,0,0,1,1,1.0000,1.0000,1,2.156,2.104
6323,star,rigid,4,3,3,1,1,1.0000,1.0000,1,5.171,1.331
6324,complete_bipartite,rigid,7,6,6,1,1,1.0000,1.0000,1,6.222,1.788
6325,crown,rigid,12,30,5,2,2,1.0000,1.0000,1,13.952,12.085
6326,double_star,rigid,25,24,13,12,12,1.0000,1.0000,1,58.405,3.507
6327,erdos_renyi,random,25,92,13,5,5,1.0000,13.0000,1,120.311,22.217
6328,barabasi_albert,random,12,20,5,3,3,1.0000,5.0000,1,20.090,26.949
6329,random_tree,random,25,24,5,9,9,1.0000,5.0000,1,55.037,34.542
6330,path,bounded,14,13,2,5,5,1.0000,2.0000,1,32.406,32.341
6331,cycle,bounded,25,25,2,9,9,1.0000,2.0000,1,64.083,35.275
6332,ladder,bounded,28,40,3,8,8,1.0000,3.0000,1,84.498,27.780
6333,grid,bounded,24,38,4,7,7,1.0000,4.0000,1,78.030,23.912
6334,regular,bounded,26,39,3,7,7,1.0000,3.0000,1,70.879,28.044
6335,balanced_tree,bounded,15,14,3,5,5,1.0000,3.0000,1,33.694,34.698
6336,lollipop,bounded,15,35,8,3,3,1.0000,8.0000,1,35.813,25.538
6337,clique,rigid,14,91,13,1,1,1.0000,1.0000,1,36.019,4.360
6338,star,rigid,24,23,23,1,1,1.0000,1.0000,1,30.375,2.677
6339,complete_bipartite,rigid,3,2,2,1,1,1.0000,1.0000,1,8.431,1.943
6340,crown,rigid,10,20,4,2,2,1.0000,1.0000,1,14.634,12.993
6341,double_star,rigid,15,14,10,5,5,1.0000,1.0000,1,34.156,2.594
6342,erdos_renyi,random,23,43,8,7,7,1.0000,8.0000,1,73.696,25.408
6343,barabasi_albert,random,32,31,8,14,14,1.0000,8.0000,1,82.392,2.008
6344,random_tree,random,15,14,3,5,5,1.0000,3.0000,1,22.093,3.037
6345,path,bounded,2,1,1,1,1,1.0000,2.0000,1,3.117,1.248
6346,cycle,bounded,13,13,2,5,5,1.0000,2.0000,1,15.216,16.900
6347,ladder,bounded,8,10,3,3,3,1.0000,3.0000,1,14.266,16.654
6348,grid,bounded,24,38,4,7,7,1.0000,4.0000,1,108.427,27.574
6349,regular,bounded,12,30,5,3,3,1.0000,5.0000,1,26.550,20.914
6350,balanced_tree,bounded,15,14,3,5,5,1.0000,3.0000,1,31.497,27.445
6351,lollipop,bounded,16,30,7,4,4,1.0000,7.0000,1,33.477,15.773
6352,clique,rigid,8,28,7,1,1,1.0000,1.0000,1,11.137,1.649
6353,star,rigid,3,2,2,1,1,1.0000,1.0000,1,3.787,1.228
6354,complete_bipartite,rigid,19,88,11,8,8,1.0000,1.0000,1,52.390,2.910
6355,crown,rigid,12,30,5,2,2,1.0000,1.0000,1,13.689,15.440
6356,double_star,rigid,20,19,11,9,9,1.0000,1.0000,1,36.552,3.291
6357,erdos_renyi,random,26,100,10,4,4,1.0000,10.0000,1,116.824,38.673
6358,barabasi_albert,random,10,16,7,2,2,1.0000,7.0000,1,17.556,30.405
6359,random_tree,random,2,1,1,1,1,1.0000,1.0000,1,7.423,1.905
6360,path,bounded,23,22,2,8,8,1.0000,2.0000,1,63.231,17.424
6361,cycle,bounded,35,35,2,12,12,1.0000,2.0000,1,104.235,33.445
6362,ladder,bounded,6,7,3,2,2,1.0000,3.0000,1,7.991,13.192
6363,grid,bounded,15,22,4,4,4,1.0000,4.0000,1,39.209,30.547
6364,regular,bounded,12,18,3,3,3,1.0000,3.0000,1,29.271,16.043
6365,balanced_tree,bounded,13,12,4,3,3,1.0000,4.0000,1,18.010,1.609
6366,lollipop,bounded,7,16,6,1,1,1.0000,6.0000,1,11.917,29.791
6367,clique,rigid,11,55,10,1,1,1.0000,1.0000,1,32.200,3.421
6368,star,rigid,26,25,25,1,1,1.0000,1.0000,1,38.069,2.354
6369,complete_bipartite,rigid,13,36,9,4,4,1.0000,1.0000,1,25.472,1.996
6370,crown,rigid,10,20,4,2,2,1.0000,1.0000,1,12.109,19.964
6371,double_star,rigid,12,11,7,5,5,1.0000,1.0000,1,23.818,3.151
6372,erdos_renyi,random,16,12,4,8,8,1.0000,4.0000,1,36.560,1.727
6373,barabasi_albert,random,10,16,8,2,2,1.0000,8.0000,1,11.461,12.849
6374,random_tree,random,15,14,3,5,5,1.0000,3.0000,1,23.944,27.613
6375,path,bounded,27,26,2,9,9,1.0000,2.0000,1,91.475,19.249
6376,cycle,bounded,33,33,2,11,11,1.0000,2.0000,1,60.352,26.212
6377,ladder,bounded,30,43,3,8,8,1.0000,3.0000,1,107.211,19.041
6378,grid,bounded,24,38,4,7,7,1.0000,4.0000,1,67.035,40.917
6379,regular,bounded,15,30,4,4,4,1.0000,4.0000,1,48.120,36.240
6380,balanced_tree,bounded,15,14,3,5,5,1.0000,3.0000,1,40.111,21.424
6381,lollipop,bounded,17,22,5,5,5,1.0000,5.0000,1,27.528,27.249
6382,clique,rigid,3,3,2,1,1,1.0000,1.0000,1,6.194,3.776
6383,star,rigid,8,7,7,1,1,1.0000,1.0000,1,16.323,1.778
6384,complete_bipartite,rigid,6,5,5,1,1,1.0000,1.0000,1,6.521,3.536
6385,crown,rigid,12,30,5,2,2,1.0000,1.0000,1,21.687,12.393
6386,double_star,rigid,22,21,12,10,10,1.0000,1.0000,1,24.744,1.767
6387,erdos_renyi,random,20,40,8,6,6,1.0000,8.0000,1,78.682,28.853
6388,barabasi_albert,random,17,30,9,5,5,1.0000,9.0000,1,54.026,20.475
6389,random_tree,random,23,22,5,9,9,1.0000,5.0000,1,48.883,16.573
6390,path,bounded,3,2,2,1,1,1.0000,2.0000,1,10.406,4.208
6391,cycle,bounded,27,27,2,9,9,1.0000,2.0000,1,56.356,15.238
6392,ladder,bounded,34,49,3,9,9,1.0000,3.0000,1,139.963,30.981
6393,grid,bounded,36,60,4,10,10,1.0000,4.0000,1,171.877,132.069
6394,regular,bounded,24,36,3,7,7,1.0000,3.0000,1,71.129,19.377
6395,balanced_tree,bounded,15,14,3,5,5,1.0000,3.0000,1,19.368,16.360
6396,lollipop,bounded,16,18,4,5,5,1.0000,4.0000,1,32.911,26.457
6397,clique,rigid,2,1,1,1,1,1.0000,1.0000,1,4.668,1.553
6398,star,rigid,29,28,28,1,1,1.0000,1.0000,1,47.172,2.234
6399,complete_bipartite,rigid,13,22,11,2,2,1.0000,1.0000,1,34.047,2.355
6400,crown,rigid,12,30,5,2,2,1.0000,1.0000,1,23.931,19.826
6401,double_star,rigid,13,12,11,2,2,1.0000,1.0000,1,26.883,1.893
6402,erdos_renyi,random,13,19,5,4,4,1.0000,5.0000,1,19.823,15.786
6403,barabasi_albert,random,20,36,9,6,6,1.0000,9.0000,1,54.976,16.389
6404,random_tree,random,19,18,4,7,7,1.0000,4.0000,1,49.782,16.798
6405,path,bounded,26,25,2,9,9,1.0000,2.0000,1,62.316,25.339
6406,cycle,bounded,24,24,2,8,8,1.0000,2.0000,1,32.420,19.454
6407,ladder,bounded,36,52,3,10,10,1.0000,3.0000,1,90.042,58.819
6408,grid,bounded,24,38,4,7,7,1.0000,4.0000,1,71.141,18.483
6409,regular,bounded,28,70,5,6,6,1.0000,5.0000,1,134.853,103.724
6410,balanced_tree,bounded,15,14,3,5,5,1.0000,3.0000,1,20.813,18.489
6411,lollipop,bounded,9,29,8,1,1,1.0000,8.0000,1,16.637,31.278
6412,clique,rigid,12,66,11,1,1,1.0000,1.0000,1,37.041,5.180
6413,star,rigid,4,3,3,1,1,1.0000,1.0000,1,9.179,1.840
6414,complete_bipartite,rigid,8,12,6,2,2,1.0000,1.0000,1,11.553,1.738
6415,crown,rigid,12,30,5,2,2,1.0000,1.0000,1,14.654,15.988
6416,double_star,rigid,8,7,5,3,3,1.0000,1.0000,1,14.909,3.567
6417,erdos_renyi,random,11,24,8,2,2,1.0000,8.0000,1,19.835,13.792
6418,barabasi_albert,random,24,23,6,10,10,1.0000,6.0000,1,60.598,2.078
6419,random_tree,random,34,33,5,13,13,1.0000,5.0000,1,75.543,3.292
6420,path,bounded,5,4,2,2,2,1.0000,2.0000,1,9.709,3.760
6421,cycle,bounded,18,18,2,6,6,1.0000,2.0000,1,30.516,17.930
6422,ladder,bounded,28,40,3,8,8,1.0000,3.0000,1,70.082,16.505
6423,grid,bounded,12,16,3,4,4,1.0000,4.0000,1,25.264,17.485
6424,regular,bounded,28,42,3,8,8,1.0000,3.0000,1,99.174,56.665
6425,balanced_tree,bounded,13,12,4,3,3,1.0000,4.0000,1,17.122,1.714
6426,lollipop,bounded,12,26,7,3,3,1.0000,7.0000,1,15.001,22.510
6427,clique,rigid,8,28,7,1,1,1.0000,1.0000,1,11.230,1.725
6428,star,rigid,7,6,6,1,1,1.0000,1.0000,1,7.296,1.455
6429,complete_bipartite,rigid,14,48,8,6,6,1.0000,1.0000,1,40.905,1.828
6430,crown,rigid,8,12,3,2,2,1.0000,1.0000,1,7.880,12.962
6431,double_star,rigid,17,16,9,8,8,1.0000,1.0000,1,26.241,1.848
6432,erdos_renyi,random,22,50,6,5,5,1.0000,6.0000,1,77.632,50.207
6433,barabasi_albert,random,19,34,8,6,6,1.0000,8.0000,1,41.708,15.061
6434,random_tree,random,14,13,4,6,6,1.0000,4.0000,1,56.155,20.847
6435,path,bounded,39,38,2,13,13,1.0000,2.0000,1,66.114,17.361
6436,cycle,bounded,26,26,2,9,9,1.0000,2.0000,1,54.170,23.145
6437,ladder,bounded,24,34,3,7,7,1.0000,3.0000,1,49.298,26.703
6438,grid,bounded,8,10,3,3,3,1.0000,4.0000,1,22.586,24.641
6439,regular,bounded,22,44,4,5,5,1.0000,4.0000,1,50.280,40.529
6440,balanced_tree,bounded,13,12,4,3,3,1.0000,4.0000,1,23.783,4.990
6441,lollipop,bounded,17,31,7,4,4,1.0000,7.0000,1,40.832,16.717
6442,clique,rigid,2,1,1,1,1,1.0000,1.0000,1,3.222,1.630
6443,star,rigid,23,22,22,1,1,1.0000,1.0000,1,18.790,1.647
6444,complete_bipartite,rigid,18,72,12,6,6,1.0000,1.0000,1,95.675,2.870
6445,crown,rigid,12,30,5,2,2,1.0000,1.0000,1,14.853,12.749
6446,double_star,rigid,9,8,7,2,2,1.0000,1.0000,1,13.358,1.559
6447,erdos_renyi,random,32,123,12,5,5,1.0000,12.0000,1,167.587,128.255
6448,barabasi_albert,random,8,7,5,3,3,1.0000,5.0000,1,19.377,3.920
6449,random_tree,random,17,16,5,7,7,1.0000,5.0000,1,40.724,2.190
6450,path,bounded,7,6,2,3,3,1.0000,2.0000,1,18.629,3.215
6451,cycle,bounded,31,31,2,11,11,1.0000,2.0000,1,81.268,18.863
6452,ladder,bounded,8,10,3,3,3,1.0000,3.0000,1,23.605,26.570
6453,grid,bounded,24,38,4,7,7,1.0000,4.0000,1,73.847,34.563
6454,regular,bounded,10,20,4,3,3,1.0000,4.0000,1,27.460,31.233
6455,balanced_tree,bounded,15,14,3,5,5,1.0000,3.0000,1,32.373,16.964
6456,lollipop,bounded,13,13,3,4,4,1.0000,3.0000,1,15.855,16.499
6457,clique,rigid,10,45,9,1,1,1.0000,1.0000,1,15.021,1.871
6458,star,rigid,30,29,29,1,1,1.0000,1.0000,1,37.393,3.642
6459,complete_bipartite,rigid,18,77,11,7,7,1.0000,1.0000,1,77.194,5.575
6460,crown,rigid,4,2,1,2,2,1.0000,1.0000,1,9.070,1.761
6461,double_star,rigid,8,7,6,2,2,1.0000,1.0000,1,12.641,1.647
6462,erdos_renyi,random,23,72,9,5,5,1.0000,9.0000,1,67.166,42.636
6463,barabasi_albert,random,13,22,8,4,4,1.0000,8.0000,1,38.741,18.394
6464,random_tree,random,38,37,7,14,14,1.0000,7.0000,1,105.197,26.462
6465,path,bounded,5,4,2,2,2,1.0000,2.0000,1,6.641,1.203
6466,cycle,bounded,38,38,2,13,13,1.0000,2.0000,1,107.386,18.132
6467,ladder,bounded,18,25,3,5,5,1.0000,3.0000,1,31.680,24.452
6468,grid,bounded,25,40,4,7,7,1.0000,4.0000,1,64.555,24.233
6469,regular,bounded,3,3,2,1,1,1.0000,2.0000,1,5.781,2.266
6470,balanced_tree,bounded,13,12,4,3,3,1.0000,4.0000,1,19.757,2.822
6471,lollipop,bounded,6,11,5,1,1,1.0000,5.0000,1,11.877,23.981
6472,clique,rigid,1,0,0,1,1,1.0000,1.0000,1,2.479,2.915
6473,star,rigid,12,11,11,1,1,1.0000,1.0000,1,19.980,2.636
6474,complete_bipartite,rigid,16,55,11,5,5,1.0000,1.0000,1,35.079,2.336
6475,crown,rigid,6,6,2,2,2,1.0000,1.0000,1,11.510,28.388
6476,double_star,rigid,11,10,8,3,3,1.0000,1.0000,1,26.954,2.204
6477,erdos_renyi,random,23,58,8,5,5,1.0000,8.0000,1,77.276,55.558
6478,barabasi_albert,random,31,58,14,10,10,1.0000,14.0000,1,73.562,22.329
6479,random_tree,random,10,9,4,5,5,1.0000,4.0000,1,18.566,1.343
6480,path,bounded,13,12,2,5,5,1.0000,2.0000,1,14.153,13.376
6481,cycle,bounded,33,33,2,11,11,1.0000,2.0000,1,86.396,18.006
6482,ladder,bounded,24,34,3,7,7,1.0000,3.0000,1,43.225,16.224
6483,grid,bounded,12,17,4,4,4,1.0000,4.0000,1,26.809,27.972
6484,regular,bounded,14,21,3,4,4,1.0000,3.0000,1,19.215,21.451
6485,balanced_tree,bounded,13,12,4,3,3,1.0000,4.0000,1,16.455,2.440
6486,lollipop,bounded,12,14,4,4,4,1.0000,4.0000,1,24.012,26.461
6487,clique,rigid,2,1,1,1,1,1.0000,1.0000,1,4.149,2.136
6488,star,rigid,15,14,14,1,1,1.0000,1.0000,1,22.362,2.400
6489,complete_bipartite,rigid,16,48,12,4,4,1.0000,1.0000,1,37.530,2.169
6490,crown,rigid,8,12,3,2,2,1.0000,1.0000,1,8.166,13.462
6491,double_star,rigid,20,19,10,10,10,1.0000,1.0000,1,41.144,3.506
6492,erdos_renyi,random,26,57,8,6,6,1.0000,8.0000,1,128.323,14.511
6493,barabasi_albert,random,34,33,8,15,15,1.0000,8.0000,1,78.017,2.056
6494,random_tree,random,21,20,5,8,8,1.0000,5.0000,1,29.186,2.681
6495,path,bounded,6,5,2,2,2,1.0000,2.0000,1,6.916,1.425
6496,cycle,bounded,16,16,2,6,6,1.0000,2.0000,1,19.643,14.782
6497,ladder,bounded,12,16,3,4,4,1.0000,3.0000,1,16.165,13.623
6498,grid,bounded,10,13,3,3,3,1.0000,4.0000,1,22.967,26.076
6499,regular,bounded,32,48,3,9,9,1.0000,3.0000,1,81.235,68.449
6500,balanced_tree,bounded,13,12,4,3,3,1.0000,4.0000,1,27.233,2.745
6501,lollipop,bounded,9,29,8,1,1,1.0000,8.0000,1,19.169,10.292
6502,clique,rigid,7,21,6,1,1,1.0000,1.0000,1,12.941,1.571
6503,star,rigid,6,5,5,1,1,1.0000,1.0000,1,6.086,1.287
6504,complete_bipartite,rigid,21,110,11,10,10,1.0000,1.0000,1,63.927,3.150
6505,crown,rigid,12,30,5,2,2,1.0000,1.0000,1,14.519,10.923
6506,double_star,rigid,17,16,9,8,8,1.0000,1.0000,1,18.038,1.321
6507,erdos_renyi,random,18,41,8,4,4,1.0000,8.0000,1,30.417,14.595
6508,barabasi_albert,random,9,14,7,2,2,1.0000,7.0000,1,12.177,11.214
6509,random_tree,random,4,3,3,1,1,1.0000,3.0000,1,5.501,1.695
6510,path,bounded,33,32,2,11,11,1.0000,2.0000,1,61.246,26.557
6511,cycle,bounded,14,14,2,5,5,1.0000,2.0000,1,36.882,19.175
6512,ladder,bounded,10,13,3,3,3,1.0000,3.0000,1,19.740,26.595
6513,grid,bounded,6,7,3,2,2,1.0000,4.0000,1,7.759,13.531
6514,regular,bounded,14,21,3,4,4,1.0000,3.0000,1,28.131,22.436
6515,balanced_tree,bounded,15,14,3,5,5,1.0000,3.0000,1,21.159,17.479
6516,lollipop,bounded,17,22,5,5,5,1.0000,5.0000,1,31.108,17.638
6517,clique,rigid,7,21,6,1,1,1.0000,1.0000,1,21.999,3.724
6518,star,rigid,5,4,4,1,1,1.0000,1.0000,1,8.305,2.774
6519,complete_bipartite,rigid,14,48,8,6,6,1.0000,1.0000,1,41.225,2.171
6520,crown,rigid,8,12,3,2,2,1.0000,1.0000,1,18.277,17.648
6521,double_star,rigid,6,5,4,2,2,1.0000,1.0000,1,8.109,1.691
6522,erdos_renyi,random,18,58,8,3,3,1.0000,8.0000,1,68.516,34.621
6523,barabasi_albert,random,24,44,9,6,6,1.0000,9.0000,1,68.117,12.807
6524,random_tree,random,22,21,4,9,9,1.0000,4.0000,1,36.910,17.048
6525,path,bounded,39,38,2,13,13,1.0000,2.0000,1,72.622,27.559
6526,cycle,bounded,24,24,2,8,8,1.0000,2.0000,1,43.120,14.280
6527,ladder,bounded,32,46,3,9,9,1.0000,3.0000,1,95.610,19.499
6528,grid,bounded,30,49,4,8,8,1.0000,4.0000,1,103.989,16.255
6529,regular,bounded,14,21,3,4,4,1.0000,3.0000,1,38.595,19.791
6530,balanced_tree,bounded,13,12,4,3,3,1.0000,4.0000,1,22.417,3.355
6531,lollipop,bounded,17,26,6,5,5,1.0000,6.0000,1,30.577,14.679
6532,clique,rigid,7,21,6,1,1,1.0000,1.0000,1,19.177,1.921
6533,star,rigid,21,20,20,1,1,1.0000,1.0000,1,25.699,1.981
6534,complete_bipartite,rigid,5,4,4,1,1,1.0000,1.0000,1,11.844,2.662
6535,crown,rigid,12,30,5,2,2,1.0000,1.0000,1,33.588,25.743
6536,double_star,rigid,14,13,10,4,4,1.0000,1.0000,1,30.817,2.667
6537,erdos_renyi,random,21,71,12,4,4,1.0000,12.0000,1,82.588,36.089
6538,barabasi_albert,random,12,11,7,5,5,1.0000,7.0000,1,22.097,4.558
6539,random_tree,random,28,27,4,11,11,1.0000,4.0000,1,91.809,3.454
6540,path,bounded,34,33,2,12,12,1.0000,2.0000,1,79.813,14.984
6541,cycle,bounded,26,26,2,9,9,1.0000,2.0000,1,54.942,26.724
6542,ladder,bounded,36,52,3,10,10,1.0000,3.0000,1,118.539,31.834
6543,grid,bounded,25,40,4,7,7,1.0000,4.0000,1,71.713,33.962
6544,regular,bounded,22,22,2,8,8,1.0000,2.0000,1,52.879,21.913
6545,balanced_tree,bounded,13,12,4,3,3,1.0000,4.0000,1,20.995,2.819
6546,lollipop,bounded,9,9,3,3,3,1.0000,3.0000,1,13.039,19.258
6547,clique,rigid,6,15,5,1,1,1.0000,1.0000,1,6.747,4.118
6548,star,rigid,15,14,14,1,1,1.0000,1.0000,1,23.095,1.620
6549,complete_bipartite,rigid,12,32,8,4,4,1.0000,1.0000,1,37.022,2.552
6550,crown,rigid,4,2,1,2,2,1.0000,1.0000,1,10.256,2.874
6551,double_star,rigid,19,18,10,9,9,1.0000,1.0000,1,47.400,2.576
6552,erdos_renyi,random,11,15,5,5,5,1.0000,5.0000,1,25.573,2.197
6553,barabasi_albert,random,27,50,13,7,7,1.0000,13.0000,1,91.023,18.182
6554,random_tree,random,11,10,3,5,5,1.0000,3.0000,1,16.055,2.658
6555,path,bounded,39,38,2,13,13,1.0000,2.0000,1,115.763,28.914
6556,cycle,bounded,33,33,2,11,11,1.0000,2.0000,1,55.450,17.176
6557,ladder,bounded,20,28,3,6,6,1.0000,3.0000,1,62.754,27.689
6558,grid,bounded,9,12,4,3,3,1.0000,4.0000,1,16.297,28.623
6559,regular,bounded,3,3,2,1,1,1.0000,2.0000,1,9.714,2.007
6560,balanced_tree,bounded,13,12,4,3,3,1.0000,4.0000,1,23.211,3.135
6561,lollipop,bounded,12,26,7,3,3,1.0000,7.0000,1,32.163,37.478
6562,clique,rigid,5,10,4,1,1,1.0000,1.0000,1,17.042,4.251
6563,star,rigid,28,27,27,1,1,1.0000,1.0000,1,43.198,1.959
6564,complete_bipartite,rigid,13,42,7,6,6,1.0000,1.0000,1,46.797,3.428
6565,crown,rigid,10,20,4,2,2,1.0000,1.0000,1,21.637,31.508
6566,double_star,rigid,13,12,7,6,6,1.0000,1.0000,1,29.093,3.318
6567,erdos_renyi,random,15,18,5,4,4,1.0000,5.0000,1,23.350,23.738
6568,barabasi_albert,random,23,22,6,8,8,1.0000,6.0000,1,36.798,3.159
6569,random_tree,random,30,29,5,10,10,1.0000,5.0000,1,83.260,28.391
6570,path,bounded,25,24,2,9,9,1.0000,2.0000,1,54.153,25.823
6571,cycle,bounded,29,29,2,10,10,1.0000,2.0000,1,89.291,26.510
6572,ladder,bounded,26,37,3,7,7,1.0000,3.0000,1,83.773,24.146
6573,grid,bounded,24,38,4,7,7,1.0000,4.0000,1,73.079,35.956
6574,regular,bounded,30,60,4,7,7,1.0000,4.0000,1,87.579,99.087
6575,balanced_tree,bounded,15,14,3,5,5,1.0000,3.0000,1,28.483,32.066
6576,lollipop,bounded,7,7,3,2,2,1.0000,3.0000,1,11.046,1.915
6577,clique,rigid,12,66,11,1,1,1.0000,1.0000,1,18.533,2.059
6578,star,rigid,8,7,7,1,1,1.0000,1.0000,1,7.484,1.338
6579,complete_bipartite,rigid,15,36,12,3,3,1.0000,1.0000,1,25.151,1.984
6580,crown,rigid,4,2,1,2,2,1.0000,1.0000,1,5.101,1.176
6581,double_star,rigid,24,23,12,12,12,1.0000,1.0000,1,24.354,4.663
6582,erdos_renyi,random,27,44,6,9,9,1.0000,6.0000,1,74.978,25.498
6583,barabasi_albert,random,25,24,8,11,11,1.0000,8.0000,1,54.961,5.108
6584,random_tree,random,28,27,4,11,11,1.0000,4.0000,1,83.715,17.006
6585,path,bounded,5,4,2,2,2,1.0000,2.0000,1,9.561,4.202
6586,cycle,bounded,21,21,2,7,7,1.0000,2.0000,1,41.162,28.477
6587,ladder,bounded,28,40,3,8,8,1.0000,3.0000,1,87.809,30.553
6588,grid,bounded,25,40,4,7,7,1.0000,4.0000,1,57.569,18.624
6589,regular,bounded,23,46,4,6,6,1.0000,4.0000,1,103.199,50.343
6590,balanced_tree,bounded,15,14,3,5,5,1.0000,3.0000,1,18.326,16.167
6591,lollipop,bounded,5,7,4,1,1,1.0000,4.0000,1,7.082,13.394
6592,clique,rigid,9,36,8,1,1,1.0000,1.0000,1,21.069,3.982
6593,star,rigid,22,21,21,1,1,1.0000,1.0000,1,43.409,3.429
6594,complete_bipartite,rigid,8,12,6,2,2,1.0000,1.0000,1,18.292,2.981
6595,crown,rigid,8,12,3,2,2,1.0000,1.0000,1,19.484,21.250
6596,double_star,rigid,4,3,2,2,2,1.0000,1.0000,1,5.947,1.533
6597,erdos_renyi,random,10,9,3,5,5,1.0000,3.0000,1,12.325,13.871
6598,barabasi_albert,random,21,20,7,9,9,1.0000,7.0000,1,28.832,1.763
6599,random_tree,random,38,37,6,15,15,1.0000,6.0000,1,102.081,23.375
6600,path,bounded,34,33,2,12,12,1.0000,2.0000,1,57.110,15.010
6601,cycle,bounded,4,4,2,2,2,1.0000,2.0000,1,5.707,1.538
6602,ladder,bounded,22,31,3,6,6,1.0000,3.0000,1,41.369,28.276
6603,grid,bounded,12,16,3,4,4,1.0000,4.0000,1,32.667,14.659
6604,regular,bounded,32,64,4,8,7,1.1429,4.0000,1,85.678,88.524
6605,balanced_tree,bounded,15,14,3,5,5,1.0000,3.0000,1,18.253,16.621
6606,lollipop,bounded,15,15,3,5,5,1.0000,3.0000,1,18.493,16.312
6607,clique,rigid,4,6,3,1,1,1.0000,1.0000,1,5.802,1.587
6608,star,rigid,23,22,22,1,1,1.0000,1.0000,1,23.654,3.769
6609,complete_bipartite,rigid,14,33,11,3,3,1.0000,1.0000,1,52.007,1.915
6610,crown,rigid,12,30,5,2,2,1.0000,1.0000,1,14.033,12.340
6611,double_star,rigid,22,21,13,9,9,1.0000,1.0000,1,21.307,1.720
6612,erdos_renyi,random,20,44,7,5,5,1.0000,7.0000,1,51.568,11.994
6613,barabasi_albert,random,33,62,14,9,9,1.0000,14.0000,1,123.531,22.520
6614,random_tree,random,32,31,5,13,13,1.0000,5.0000,1,72.811,1.979
6615,path,bounded,37,36,2,13,13,1.0000,2.0000,1,82.062,14.349
6616,cycle,bounded,12,12,2,4,4,1.0000,2.0000,1,14.367,28.710
6617,ladder,bounded,12,16,3,4,4,1.0000,3.0000,1,30.204,25.691
6618,grid,bounded,4,4,2,2,2,1.0000,4.0000,1,7.838,1.995
6619,regular,bounded,22,22,2,8,8,1.0000,2.0000,1,24.010,19.054
6620,balanced_tree,bounded,13,12,4,3,3,1.0000,4.0000,1,15.330,1.596
6621,lollipop,bounded,20,40,8,5,5,1.0000,8.0000,1,26.436,15.430
6622,clique,rigid,5,10,4,1,1,1.0000,1.0000,1,12.759,3.255
6623,star,rigid,13,12,12,1,1,1.0000,1.0000,1,20.399,1.634
6624,complete_bipartite,rigid,19,88,11,8,8,1.0000,1.0000,1,84.461,11.261
6625,crown,rigid,6,6,2,2,2,1.0000,1.0000,1,17.765,18.463
6626,double_star,rigid,13,12,11,2,2,1.0000,1.0000,1,19.229,3.676
6627,erdos_renyi,random,29,145,14,4,4,1.0000,14.0000,1,218.094,44.648
6628,barabasi_albert,random,31,58,13,9,9,1.0000,13.0000,1,127.339,28.740
6629,random_tree,random,39,38,4,13,13,1.0000,4.0000,1,103.537,18.050
6630,path,bounded,36,35,2,12,12,1.0000,2.0000,1,98.914,26.921
6631,cycle,bounded,23,23,2,8,8,1.0000,2.0000,1,56.635,35.439
6632,ladder,bounded,36,52,3,10,10,1.0000,3.0000,1,119.420,50.560
6633,grid,bounded,12,16,3,4,4,1.0000,4.0000,1,18.418,20.924
6634,regular,bounded,22,55,5,5,5,1.0000,5.0000,1,72.657,25.587
6635,balanced_tree,bounded,13,12,4,3,3,1.0000,4.0000,1,21.980,2.154
6636,lollipop,bounded,13,27,7,3,3,1.0000,7.0000,1,26.135,23.308
6637,clique,rigid,8,28,7,1,1,1.0000,1.0000,1,11.305,3.256
6638,star,rigid,2,1,1,1,1,1.0000,1.0000,1,7.353,2.958
6639,complete_bipartite,rigid,9,14,7,2,2,1.0000,1.0000,1,21.803,1.658
6640,crown,rigid,12,30,5,2,2,1.0000,1.0000,1,19.781,20.183
6641,double_star,rigid,15,14,13,2,2,1.0000,1.0000,1,27.437,2.375
6642,erdos_renyi,random,26,47,8,8,8,1.0000,8.0000,1,67.234,28.518
6643,barabasi_albert,random,26,48,12,7,7,1.0000,12.0000,1,68.620,23.005
6644,random_tree,random,6,5,4,2,2,1.0000,4.0000,1,7.279,1.432
6645,path,bounded,20,19,2,7,7,1.0000,2.0000,1,24.598,14.968
6646,cycle,bounded,32,32,2,11,11,1.0000,2.0000,1,73.962,31.321
6647,ladder,bounded,10,13,3,3,3,1.0000,3.0000,1,27.116,15.275
6648,grid,bounded,15,22,4,4,4,1.0000,4.0000,1,22.501,18.334
6649,regular,bounded,32,32,2,12,12,1.0000,2.0000,1,67.684,33.166
6650,balanced_tree,bounded,13,12,4,3,3,1.0000,4.0000,1,40.989,4.109
6651,lollipop,bounded,7,16,6,1,1,1.0000,6.0000,1,15.518,35.175
6652,clique,rigid,2,1,1,1,1,1.0000,1.0000,1,6.311,2.546
6653,star,rigid,3,2,2,1,1,1.0000,1.0000,1,11.255,2.966
6654,complete_bipartite,rigid,16,63,9,7,7,1.0000,1.0000,1,82.134,9.250
6655,crown,rigid,12,30,5,2,2,1.0000,1.0000,1,29.360,14.254
6656,double_star,rigid,16,15,13,3,3,1.0000,1.0000,1,29.127,3.612
6657,erdos_renyi,random,23,44,8,6,6,1.0000,8.0000,1,73.496,13.857
6658,barabasi_albert,random,22,40,15,6,6,1.0000,15.0000,1,39.243,18.242
6659,random_tree,random,39,38,4,15,15,1.0000,4.0000,1,127.862,25.227
6660,path,bounded,16,15,2,6,6,1.0000,2.0000,1,20.363,15.015
6661,cycle,bounded,35,35,2,12,12,1.0000,2.0000,1,93.697,22.778
6662,ladder,bounded,22,31,3,6,6,1.0000,3.0000,1,50.877,17.667
6663,grid,bounded,8,10,3,3,3,1.0000,4.0000,1,13.134,14.847
6664,regular,bounded,26,26,2,9,9,1.0000,2.0000,1,43.488,25.460
6665,balanced_tree,bounded,15,14,3,5,5,1.0000,3.0000,1,38.329,21.192
6666,lollipop,bounded,14,28,7,3,3,1.0000,7.0000,1,35.120,19.413
6667,clique,rigid,14,91,13,1,1,1.0000,1.0000,1,43.427,3.997
6668,star,rigid,5,4,4,1,1,1.0000,1.0000,1,9.483,2.694
6669,complete_bipartite,rigid,11,10,10,1,1,1.0000,1.0000,1,15.956,1.614
6670,crown,rigid,8,12,3,2,2,1.0000,1.0000,1,9.290,22.385
6671,double_star,rigid,9,8,5,4,4,1.0000,1.0000,1,11.056,1.901
6672,erdos_renyi,random,15,33,6,3,3,1.0000,6.0000,1,32.566,17.759
6673,barabasi_albert,random,18,17,8,9,9,1.0000,8.0000,1,45.475,3.516
6674,random_tree,random,16,15,5,5,5,1.0000,5.0000,1,34.223,2.993
6675,path,bounded,39,38,2,13,13,1.0000,2.0000,1,87.183,13.618
6676,cycle,bounded,19,19,2,7,7,1.0000,2.0000,1,24.478,20.562
6677,ladder,bounded,34,49,3,9,9,1.0000,3.0000,1,133.840,19.890
6678,grid,bounded,6,7,3,2,2,1.0000,4.0000,1,8.314,14.173
6679,regular,bounded,10,25,5,2,2,1.0000,5.0000,1,21.129,22.267
6680,balanced_tree,bounded,15,14,3,5,5,1.0000,3.0000,1,25.267,20.737
6681,lollipop,bounded,13,33,8,3,3,1.0000,8.0000,1,24.883,24.594
6682,clique,rigid,13,78,12,1,1,1.0000,1.0000,1,28.069,2.417
6683,star,rigid,2,1,1,1,1,1.0000,1.0000,1,2.664,1.668
6684,complete_bipartite,rigid,17,70,10,7,7,1.0000,1.0000,1,56.838,2.516
6685,crown,rigid,12,30,5,2,2,1.0000,1.0000,1,18.192,18.515
6686,double_star,rigid,13,12,7,6,6,1.0000,1.0000,1,24.627,2.892
6687,erdos_renyi,random,14,19,5,5,5,1.0000,5.0000,1,32.939,14.620
6688,barabasi_albert,random,9,14,7,2,2,1.0000,7.0000,1,12.535,11.964
6689,random_tree,random,35,34,4,12,12,1.0000,4.0000,1,102.722,21.092
6690,path,bounded,34,33,2,12,12,1.0000,2.0000,1,80.458,28.085
6691,cycle,bounded,5,5,2,2,2,1.0000,2.0000,1,8.727,21.889
6692,ladder,bounded,36,52,3,10,10,1.0000,3.0000,1,129.661,45.716
6693,grid,bounded,36,60,4,10,10,1.0000,4.0000,1,140.552,138.573
6694,regular,bounded,6,6,2,2,2,1.0000,2.0000,1,13.045,1.957
6695,balanced_tree,bounded,15,14,3,5,5,1.0000,3.0000,1,23.909,24.445
6696,lollipop,bounded,13,27,7,3,3,1.0000,7.0000,1,20.817,31.232
6697,clique,rigid,11,55,10,1,1,1.0000,1.0000,1,23.500,2.462
6698,star,rigid,17,16,16,1,1,1.0000,1.0000,1,31.208,3.185
6699,complete_bipartite,rigid,11,10,10,1,1,1.0000,1.0000,1,19.392,3.331
6700,crown,rigid,12,30,5,2,2,1.0000,1.0000,1,17.602,15.060
6701,double_star,rigid,15,14,10,5,5,1.0000,1.0000,1,19.407,1.569
6702,erdos_renyi,random,10,10,4,4,4,1.0000,4.0000,1,19.940,36.309
6703,barabasi_albert,random,13,22,9,3,3,1.0000,9.0000,1,28.001,23.882
6704,random_tree,random,20,19,3,7,7,1.0000,3.0000,1,38.110,27.180
6705,path,bounded,9,8,2,3,3,1.0000,2.0000,1,11.039,21.213
6706,cycle,bounded,29,29,2,10,10,1.0000,2.0000,1,69.564,34.529
6707,ladder,bounded,4,4,2,2,2,1.0000,3.0000,1,12.178,3.477
6708,grid,bounded,15,22,4,4,4,1.0000,4.0000,1,46.804,22.071
6709,regular,bounded,22,55,5,4,4,1.0000,5.0000,1,62.217,17.869
6710,balanced_tree,bounded,15,14,3,5,5,1.0000,3.0000,1,38.344,31.208
6711,lollipop,bounded,15,17,4,5,5,1.0000,4.0000,1,41.642,30.809
6712,clique,rigid,6,15,5,1,1,1.0000,1.0000,1,16.881,3.263
6713,star,rigid,20,19,19,1,1,1.0000,1.0000,1,42.574,4.392
6714,complete_bipartite,rigid,10,21,7,3,3,1.0000,1.0000,1,31.562,3.993
6715,crown,rigid,10,20,4,2,2,1.0000,1.0000,1,21.264,14.515
6716,double_star,rigid,10,9,6,4,4,1.0000,1.0000,1,11.822,1.589
6717,erdos_renyi,random,12,15,5,4,4,1.0000,5.0000,1,28.484,18.362
6718,barabasi_albert,random,31,30,11,14,14,1.0000,11.0000,1,63.857,3.346
6719,random_tree,random,9,8,3,3,3,1.0000,3.0000,1,25.236,2.685
6720,path,bounded,40,39,2,14,14,1.0000,2.0000,1,184.032,42.613
6721,cycle,bounded,8,8,2,3,3,1.0000,2.0000,1,15.325,24.114
6722,ladder,bounded,26,37,3,7,7,1.0000,3.0000,1,92.581,28.230
6723,grid,bounded,8,10,3,3,3,1.0000,4.0000,1,11.832,13.740
6724,regular,bounded,34,68,4,8,8,1.0000,4.0000,1,151.274,157.819
6725,balanced_tree,bounded,13,12,4,3,3,1.0000,4.0000,1,23.075,1.684
6726,lollipop,bounded,12,14,4,4,4,1.0000,4.0000,1,27.181,38.792
6727,clique,rigid,8,28,7,1,1,1.0000,1.0000,1,28.045,6.166
6728,star,rigid,25,24,24,1,1,1.0000,1.0000,1,42.452,2.961
6729,complete_bipartite,rigid,4,3,3,1,1,1.0000,1.0000,1,6.176,3.570
6730,crown,rigid,4,2,1,2,2,1.0000,1.0000,1,9.147,2.640
6731,double_star,rigid,22,21,12,10,10,1.0000,1.0000,1,52.307,2.853
6732,erdos_renyi,random,32,54,8,8,8,1.0000,8.0000,1,113.125,27.505
6733,barabasi_albert,random,33,62,14,11,11,1.0000,14.0000,1,196.716,25.006
6734,random_tree,random,30,29,5,12,12,1.0000,5.0000,1,53.168,2.143
6735,path,bounded,6,5,2,2,2,1.0000,2.0000,1,6.428,1.319
6736,cycle,bounded,19,19,2,7,7,1.0000,2.0000,1,51.890,44.062
6737,ladder,bounded,8,10,3,3,3,1.0000,3.0000,1,21.608,22.505
6738,grid,bounded,12,16,3,4,4,1.0000,4.0000,1,39.377,15.435
6739,regular,bounded,24,36,3,7,7,1.0000,3.0000,1,103.264,62.628
6740,balanced_tree,bounded,13,12,4,3,3,1.0000,4.0000,1,26.023,2.148
6741,lollipop,bounded,8,13,5,2,2,1.0000,5.0000,1,20.983,3.275
6742,clique,rigid,13,78,12,1,1,1.0000,1.0000,1,39.146,4.190
6743,star,rigid,22,21,21,1,1,1.0000,1.0000,1,40.276,2.472
6744,complete_bipartite,rigid,12,35,7,5,5,1.0000,1.0000,1,41.215,3.133
6745,crown,rigid,8,12,3,2,2,1.0000,1.0000,1,8.672,12.233
6746,double_star,rigid,14,13,12,2,2,1.0000,1.0000,1,14.555,1.619
6747,erdos_renyi,random,29,130,12,5,4,1.2500,12.0000,1,149.811,55.766
6748,barabasi_albert,random,33,62,13,8,8,1.0000,13.0000,1,123.417,27.254
6749,random_tree,random,13,12,3,5,5,1.0000,3.0000,1,27.778,2.770
6750,path,bounded,24,23,2,8,8,1.0000,2.0000,1,60.259,33.039
6751,cycle,bounded,38,38,2,13,13,1.0000,2.0000,1,102.774,26.134
6752,ladder,bounded,32,46,3,9,9,1.0000,3.0000,1,99.505,23.449
6753,grid,bounded,12,16,3,4,4,1.0000,4.0000,1,31.857,26.596
6754,regular,bounded,34,68,4,9,8,1.1250,4.0000,1,149.466,218.727
6755,balanced_tree,bounded,13,12,4,3,3,1.0000,4.0000,1,16.903,3.350
6756,lollipop,bounded,11,20,6,3,3,1.0000,6.0000,1,23.285,37.633
6757,clique,rigid,7,21,6,1,1,1.0000,1.0000,1,11.708,1.892
6758,star,rigid,7,6,6,1,1,1.0000,1.0000,1,15.320,3.307
6759,complete_bipartite,rigid,15,56,8,7,7,1.0000,1.0000,1,37.226,2.587
6760,crown,rigid,6,6,2,2,2,1.0000,1.0000,1,11.741,24.633
6761,double_star,rigid,20,19,13,7,7,1.0000,1.0000,1,22.928,1.785
6762,erdos_renyi,random,13,17,5,5,5,1.0000,5.0000,1,27.044,19.470
6763,barabasi_albert,random,30,29,11,14,14,1.0000,11.0000,1,79.094,2.719
6764,random_tree,random,14,13,3,5,5,1.0000,3.0000,1,23.384,21.501
6765,path,bounded,10,9,2,4,4,1.0000,2.0000,1,19.418,23.592
6766,cycle,bounded,13,13,2,5,5,1.0000,2.0000,1,28.896,19.805
6767,ladder,bounded,4,4,2,2,2,1.0000,3.0000,1,7.030,1.508
6768,grid,bounded,6,7,3,2,2,1.0000,4.0000,1,7.451,13.685
6769,regular,bounded,11,22,4,3,3,1.0000,4.0000,1,16.280,11.998
6770,balanced_tree,bounded,15,14,3,5,5,1.0000,3.0000,1,35.571,18.089
6771,lollipop,bounded,16,25,6,4,4,1.0000,6.0000,1,22.168,15.694
6772,clique,rigid,4,6,3,1,1,1.0000,1.0000,1,5.755,2.830
6773,star,rigid,29,28,28,1,1,1.0000,1.0000,1,36.232,3.517
6774,complete_bipartite,rigid,17,60,12,5,5,1.0000,1.0000,1,41.113,2.489
6775,crown,rigid,8,12,3,2,2,1.0000,1.0000,1,8.227,12.454
6776,double_star,rigid,19,18,13,6,6,1.0000,1.0000,1,30.478,2.465
6777,erdos_renyi,random,21,67,10,4,4,1.0000,10.0000,1,78.661,25.153
6778,barabasi_albert,random,34,64,17,10,10,1.0000,17.0000,1,135.165,23.136
6779,random_tree,random,18,17,4,6,6,1.0000,4.0000,1,32.227,2.368
6780,path,bounded,27,26,2,9,9,1.0000,2.0000,1,39.668,14.407
6781,cycle,bounded,36,36,2,12,12,1.0000,2.0000,1,54.073,14.262
6782,ladder,bounded,22,31,3,6,6,1.0000,3.0000,1,55.996,28.778
6783,grid,bounded,12,16,3,4,4,1.0000,4.0000,1,34.431,31.560
6784,regular,bounded,26,39,3,8,8,1.0000,3.0000,1,57.684,30.619
6785,balanced_tree,bounded,15,14,3,5,5,1.0000,3.0000,1,31.551,47.242
6786,lollipop,bounded,13,27,7,3,3,1.0000,7.0000,1,25.607,33.307
6787,clique,rigid,1,0,0,1,1,1.0000,1.0000,1,4.852,2.760
6788,star,rigid,29,28,28,1,1,1.0000,1.0000,1,26.101,1.742
6789,complete_bipartite,rigid,6,8,4,2,2,1.0000,1.0000,1,7.633,1.343
6790,crown,rigid,8,12,3,2,2,1.0000,1.0000,1,7.998,15.513
6791,double_star,rigid,17,16,9,8,8,1.0000,1.0000,1,28.169,3.278
6792,erdos_renyi,random,31,72,10,7,7,1.0000,10.0000,1,115.772,29.150
6793,barabasi_albert,random,20,36,8,6,6,1.0000,8.0000,1,59.726,15.487
6794,random_tree,random,9,8,4,4,4,1.0000,4.0000,1,12.303,1.569
6795,path,bounded,36,35,2,12,12,1.0000,2.0000,1,114.872,40.554
6796,cycle,bounded,38,38,2,13,13,1.0000,2.0000,1,76.992,18.671
6797,ladder,bounded,30,43,3,8,8,1.0000,3.0000,1,97.169,28.155
6798,grid,bounded,8,10,3,3,3,1.0000,4.0000,1,17.908,14.237
6799,regular,bounded,13,13,2,5,5,1.0000,2.0000,1,14.450,15.352
6800,balanced_tree,bounded,15,14,3,5,5,1.0000,3.0000,1,26.095,24.141
6801,lollipop,bounded,14,14,3,5,5,1.0000,3.0000,1,21.044,21.771
6802,clique,rigid,4,6,3,1,1,1.0000,1.0000,1,5.736,1.507
6803,star,rigid,19,18,18,1,1,1.0000,1.0000,1,19.225,4.059
6804,complete_bipartite,rigid,12,27,9,3,3,1.0000,1.0000,1,24.226,2.035
6805,crown,rigid,4,2,1,2,2,1.0000,1.0000,1,5.913,3.703
6806,double_star,rigid,10,9,7,3,3,1.0000,1.0000,1,11.425,2.122
6807,erdos_renyi,random,18,40,7,4,4,1.0000,7.0000,1,32.651,11.981
6808,barabasi_albert,random,32,31,11,16,16,1.0000,11.0000,1,55.713,1.921
6809,random_tree,random,14,13,4,6,6,1.0000,4.0000,1,16.548,1.627
6810,path,bounded,31,30,2,11,11,1.0000,2.0000,1,81.711,14.867
6811,cycle,bounded,29,29,2,10,10,1.0000,2.0000,1,94.671,31.688
6812,ladder,bounded,24,34,3,7,7,1.0000,3.0000,1,61.166,33.247
6813,grid,bounded,30,49,4,8,8,1.0000,4.0000,1,107.581,48.957
6814,regular,bounded,10,25,5,2,2,1.0000,5.0000,1,13.382,14.584
6815,balanced_tree,bounded,13,12,4,3,3,1.0000,4.0000,1,16.146,1.535
6816,lollipop,bounded,8,17,6,2,2,1.0000,6.0000,1,15.668,3.303
6817,clique,rigid,10,45,9,1,1,1.0000,1.0000,1,25.531,5.744
6818,star,rigid,14,13,13,1,1,1.0000,1.0000,1,28.197,3.622
6819,complete_bipartite,rigid,15,36,12,3,3,1.0000,1.0000,1,37.122,2.090
6820,crown,rigid,6,6,2,2,2,1.0000,1.0000,1,5.953,15.470
6821,double_star,rigid,12,11,8,4,4,1.0000,1.0000,1,13.201,1.503
6822,erdos_renyi,random,8,1,1,7,7,1.0000,1.0000,1,11.863,1.214
6823,barabasi_albert,random,27,26,10,10,10,1.0000,10.0000,1,48.576,1.817
6824,random_tree,random,19,18,4,8,8,1.0000,4.0000,1,41.515,4.041
6825,path,bounded,7,6,2,3,3,1.0000,2.0000,1,16.277,2.746
6826,cycle,bounded,31,31,2,11,11,1.0000,2.0000,1,92.811,18.431
6827,ladder,bounded,6,7,3,2,2,1.0000,3.0000,1,7.836,13.217
6828,grid,bounded,15,22,4,4,4,1.0000,4.0000,1,63.631,32.438
6829,regular,bounded,26,65,5,6,5,1.2000,5.0000,1,91.570,69.227
6830,balanced_tree,bounded,13,12,4,3,3,1.0000,4.0000,1,24.042,2.000
6831,lollipop,bounded,17,31,7,4,4,1.0000,7.0000,1,21.479,14.692
6832,clique,rigid,11,55,10,1,1,1.0000,1.0000,1,32.860,4.196
6833,star,rigid,7,6,6,1,1,1.0000,1.0000,1,15.312,2.911
6834,complete_bipartite,rigid,19,84,12,7,7,1.0000,1.0000,1,97.353,4.120
6835,crown,rigid,10,20,4,2,2,1.0000,1.0000,1,10.828,11.478
6836,double_star,rigid,16,15,9,7,7,1.0000,1.0000,1,16.780,1.535
6837,erdos_renyi,random,30,164,16,3,3,1.0000,16.0000,1,178.673,62.837
6838,barabasi_albert,random,30,56,17,8,8,1.0000,17.0000,1,81.863,14.763
6839,random_tree,random,25,24,4,9,9,1.0000,4.0000,1,69.119,2.480
6840,path,bounded,32,31,2,11,11,1.0000,2.0000,1,71.553,14.483
6841,cycle,bounded,22,22,2,8,8,1.0000,2.0000,1,55.622,35.291
6842,ladder,bounded,26,37,3,7,7,1.0000,3.0000,1,71.906,14.041
6843,grid,bounded,10,13,3,3,3,1.0000,4.0000,1,18.960,31.444
6844,regular,bounded,30,45,3,8,8,1.0000,3.0000,1,77.393,44.776
6845,balanced_tree,bounded,13,12,4,3,3,1.0000,4.0000,1,26.216,2.477
6846,lollipop,bounded,12,12,3,4,4,1.0000,3.0000,1,15.049,22.527
6847,clique,rigid,9,36,8,1,1,1.0000,1.0000,1,21.931,4.265
6848,star,rigid,26,25,25,1,1,1.0000,1.0000,1,27.648,1.847
6849,complete_bipartite,rigid,14,33,11,3,3,1.0000,1.0000,1,25.845,2.054
6850,crown,rigid,12,30,5,2,2,1.0000,1.0000,1,14.397,12.671
6851,double_star,rigid,21,20,11,10,10,1.0000,1.0000,1,20.917,1.555
6852,erdos_renyi,random,26,64,8,5,5,1.0000,8.0000,1,66.899,77.461
6853,barabasi_albert,random,14,24,8,3,3,1.0000,8.0000,1,30.425,19.412
6854,random_tree,random,8,7,4,4,4,1.0000,4.0000,1,10.909,2.207
6855,path,bounded,18,17,2,6,6,1.0000,2.0000,1,27.331,17.264
6856,cycle,bounded,35,35,2,12,12,1.0000,2.0000,1,104.407,36.227
6857,ladder,bounded,6,7,3,2,2,1.0000,3.0000,1,7.232,14.084
6858,grid,bounded,8,10,3,3,3,1.0000,4.0000,1,10.817,14.702
6859,regular,bounded,12,24,4,3,3,1.0000,4.0000,1,19.402,14.838
6860,balanced_tree,bounded,13,12,4,3,3,1.0000,4.0000,1,17.499,1.570
6861,lollipop,bounded,8,13,5,2,2,1.0000,5.0000,1,9.669,2.386
6862,clique,rigid,14,91,13,1,1,1.0000,1.0000,1,56.002,4.142
6863,star,rigid,8,7,7,1,1,1.0000,1.0000,1,15.602,3.000
6864,complete_bipartite,rigid,7,12,4,3,3,1.0000,1.0000,1,25.059,4.282
6865,crown,rigid,12,30,5,2,2,1.0000,1.0000,1,37.723,24.162
6866,double_star,rigid,11,10,6,5,5,1.0000,1.0000,1,27.107,3.294
6867,erdos_renyi,random,27,87,11,5,5,1.0000,11.0000,1,173.437,39.004
6868,barabasi_albert,random,10,9,4,4,4,1.0000,4.0000,1,19.489,1.738
6869,random_tree,random,6,5,2,2,2,1.0000,2.0000,1,15.358,3.731
6870,path,bounded,19,18,2,7,7,1.0000,2.0000,1,49.592,33.825
6871,cycle,bounded,35,35,2,12,12,1.0000,2.0000,1,109.022,23.242
6872,ladder,bounded,36,52,3,10,10,1.0000,3.0000,1,113.549,34.894
6873,grid,bounded,10,13,3,3,3,1.0000,4.0000,1,12.166,13.185
6874,regular,bounded,34,51,3,10,10,1.0000,3.0000,1,94.427,54.180
6875,balanced_tree,bounded,15,14,3,5,5,1.0000,3.0000,1,47.939,31.637
6876,lollipop,bounded,7,16,6,1,1,1.0000,6.0000,1,25.357,21.413
6877,clique,rigid,6,15,5,1,1,1.0000,1.0000,1,9.739,2.427
6878,star,rigid,19,18,18,1,1,1.0000,1.0000,1,19.678,2.369
6879,complete_bipartite,rigid,6,9,3,3,3,1.0000,1.0000,1,15.113,2.258
6880,crown,rigid,4,2,1,2,2,1.0000,1.0000,1,5.613,1.605
6881,double_star,rigid,15,14,9,6,6,1.0000,1.0000,1,14.702,1.453
6882,erdos_renyi,random,9,10,4,4,4,1.0000,4.0000,1,10.246,13.091
6883,barabasi_albert,random,11,18,10,1,1,1.0000,10.0000,1,12.827,12.035
6884,random_tree,random,23,22,4,9,9,1.0000,4.0000,1,37.852,4.109
6885,path,bounded,24,23,2,8,8,1.0000,2.0000,1,62.969,26.218
6886,cycle,bounded,31,31,2,11,11,1.0000,2.0000,1,72.330,17.806
6887,ladder,bounded,12,16,3,4,4,1.0000,3.0000,1,16.163,13.632
6888,grid,bounded,18,27,4,6,6,1.0000,4.0000,1,33.961,34.783
6889,regular,bounded,4,4,2,2,2,1.0000,2.0000,1,10.717,3.603
6890,balanced_tree,bounded,13,12,4,3,3,1.0000,4.0000,1,24.042,1.679
6891,lollipop,bounded,4,4,3,1,1,1.0000,3.0000,1,4.774,23.562
6892,clique,rigid,2,1,1,1,1,1.0000,1.0000,1,8.953,3.927
6893,star,rigid,2,1,1,1,1,1.0000,1.0000,1,5.029,3.028
6894,complete_bipartite,rigid,3,2,2,1,1,1.0000,1.0000,1,8.019,2.472
6895,crown,rigid,4,2,1,2,2,1.0000,1.0000,1,10.495,2.333
6896,double_star,rigid,12,11,9,3,3,1.0000,1.0000,1,20.153,2.493
6897,erdos_renyi,random,17,54,10,3,3,1.0000,10.0000,1,34.545,11.487
6898,barabasi_albert,random,18,17,6,8,8,1.0000,6.0000,1,46.834,1.767
6899,random_tree,random,29,28,5,11,11,1.0000,5.0000,1,44.990,15.891
6900,path,bounded,39,38,2,13,13,1.0000,2.0000,1,102.327,13.588
6901,cycle,bounded,17,17,2,6,6,1.0000,2.0000,1,33.612,16.252
6902,ladder,bounded,16,22,3,5,5,1.0000,3.0000,1,39.764,27.309
6903,grid,bounded,9,12,4,3,3,1.0000,4.0000,1,14.632,13.510
6904,regular,bounded,10,10,2,4,4,1.0000,2.0000,1,17.369,16.074
6905,balanced_tree,bounded,13,12,4,3,3,1.0000,4.0000,1,34.226,5.778
6906,lollipop,bounded,14,16,4,4,4,1.0000,4.0000,1,34.896,22.874
6907,clique,rigid,10,45,9,1,1,1.0000,1.0000,1,29.232,3.608
6908,star,rigid,31,30,30,1,1,1.0000,1.0000,1,37.132,1.691
6909,complete_bipartite,rigid,20,99,11,9,9,1.0000,1.0000,1,109.773,4.008
6910,crown,rigid,4,2,1,2,2,1.0000,1.0000,1,7.399,2.582
6911,double_star,rigid,8,7,6,2,2,1.0000,1.0000,1,14.884,2.774
6912,erdos_renyi,random,20,43,8,6,6,1.0000,8.0000,1,55.616,25.598
6913,barabasi_albert,random,13,12,4,5,5,1.0000,4.0000,1,16.685,2.936
6914,random_tree,random,7,6,4,3,3,1.0000,4.0000,1,7.947,1.426
6915,path,bounded,31,30,2,11,11,1.0000,2.0000,1,49.853,19.803
6916,cycle,bounded,15,15,2,5,5,1.0000,2.0000,1,34.608,15.307
6917,ladder,bounded,28,40,3,8,8,1.0000,3.0000,1,54.333,16.363
6918,grid,bounded,10,13,3,3,3,1.0000,4.0000,1,16.547,15.511
6919,regular,bounded,34,85,5,7,7,1.0000,5.0000,1,134.557,59.548
6920,balanced_tree,bounded,13,12,4,3,3,1.0000,4.0000,1,14.040,1.590
6921,lollipop,bounded,13,13,3,4,4,1.0000,3.0000,1,14.024,28.165
6922,clique,rigid,5,10,4,1,1,1.0000,1.0000,1,17.898,5.652
6923,star,rigid,13,12,12,1,1,1.0000,1.0000,1,20.194,1.395
6924,complete_bipartite,rigid,6,5,5,1,1,1.0000,1.0000,1,5.640,1.329
6925,crown,rigid,8,12,3,2,2,1.0000,1.0000,1,14.711,25.052
6926,double_star,rigid,18,17,13,5,5,1.0000,1.0000,1,32.848,2.822
6927,erdos_renyi,random,25,107,13,4,4,1.0000,13.0000,1,99.714,51.645
6928,barabasi_albert,random,8,12,6,2,2,1.0000,6.0000,1,16.669,12.365
6929,random_tree,random,35,34,4,13,13,1.0000,4.0000,1,62.664,2.530
6930,path,bounded,33,32,2,11,11,1.0000,2.0000,1,47.221,21.593
6931,cycle,bounded,31,31,2,11,11,1.0000,2.0000,1,81.864,24.975
6932,ladder,bounded,30,43,3,8,8,1.0000,3.0000,1,65.355,13.500
6933,grid,bounded,25,40,4,7,7,1.0000,4.0000,1,80.332,29.957
6934,regular,bounded,16,32,4,4,4,1.0000,4.0000,1,39.405,20.902
6935,balanced_tree,bounded,13,12,4,3,3,1.0000,4.0000,1,22.057,2.047
6936,lollipop,bounded,10,12,4,3,3,1.0000,4.0000,1,16.344,27.385
6937,clique,rigid,7,21,6,1,1,1.0000,1.0000,1,12.528,2.578
6938,star,rigid,27,26,26,1,1,1.0000,1.0000,1,50.532,4.697
6939,complete_bipartite,rigid,9,14,7,2,2,1.0000,1.0000,1,23.346,4.536
6940,crown,rigid,8,12,3,2,2,1.0000,1.0000,1,15.668,41.858
6941,double_star,rigid,23,22,12,11,11,1.0000,1.0000,1,48.342,3.436
6942,erdos_renyi,random,32,131,14,5,5,1.0000,14.0000,1,225.660,52.342
6943,barabasi_albert,random,34,33,11,15,15,1.0000,11.0000,1,79.000,3.775
6944,random_tree,random,28,27,4,10,10,1.0000,4.0000,1,85.000,3.911
6945,path,bounded,21,20,2,7,7,1.0000,2.0000,1,56.032,29.740
6946,cycle,bounded,26,26,2,9,9,1.0000,2.0000,1,52.901,16.306
6947,ladder,bounded,12,16,3,4,4,1.0000,3.0000,1,16.323,13.647
6948,grid,bounded,12,16,3,4,4,1.0000,4.0000,1,40.323,22.662
6949,regular,bounded,16,24,3,5,5,1.0000,3.0000,1,34.578,26.793
6950,balanced_tree,bounded,13,12,4,3,3,1.0000,4.0000,1,15.671,1.537
6951,lollipop,bounded,11,20,6,3,3,1.0000,6.0000,1,18.900,32.391
6952,clique,rigid,4,6,3,1,1,1.0000,1.0000,1,9.920,3.168
6953,star,rigid,13,12,12,1,1,1.0000,1.0000,1,12.056,1.585
6954,complete_bipartite,rigid,17,70,10,7,7,1.0000,1.0000,1,40.429,2.541
6955,crown,rigid,8,12,3,2,2,1.0000,1.0000,1,16.077,39.701
6956,double_star,rigid,12,11,9,3,3,1.0000,1.0000,1,22.971,4.140
6957,erdos_renyi,random,31,63,9,8,8,1.0000,9.0000,1,119.442,17.608
6958,barabasi_albert,random,34,33,17,12,12,1.0000,17.0000,1,91.683,2.227
6959,random_tree,random,33,32,5,10,10,1.0000,5.0000,1,54.432,26.413
6960,path,bounded,40,39,2,14,14,1.0000,2.0000,1,82.176,23.348
6961,cycle,bounded,27,27,2,9,9,1.0000,2.0000,1,41.307,30.605
6962,ladder,bounded,26,37,3,7,7,1.0000,3.0000,1,79.254,29.749
6963,grid,bounded,24,38,4,7,7,1.0000,4.0000,1,55.166,23.268
6964,regular,bounded,8,12,3,2,2,1.0000,3.0000,1,19.493,17.207
6965,balanced_tree,bounded,15,14,3,5,5,1.0000,3.0000,1,28.851,25.257
6966,lollipop,bounded,11,20,6,3,3,1.0000,6.0000,1,24.030,22.720
6967,clique,rigid,3,3,2,1,1,1.0000,1.0000,1,7.441,1.701
6968,star,rigid,6,5,5,1,1,1.0000,1.0000,1,6.315,1.889
6969,complete_bipartite,rigid,17,72,9,8,8,1.0000,1.0000,1,54.373,3.469
6970,crown,rigid,4,2,1,2,2,1.0000,1.0000,1,9.968,1.956
6971,double_star,rigid,20,19,13,7,7,1.0000,1.0000,1,37.189,3.196
6972,erdos_renyi,random,19,26,6,7,7,1.0000,6.0000,1,41.160,17.208
6973,barabasi_albert,random,21,38,12,5,5,1.0000,12.0000,1,68.602,21.329
6974,random_tree,random,3,2,2,1,1,1.0000,2.0000,1,7.122,2.129
6975,path,bounded,36,35,2,12,12,1.0000,2.0000,1,92.164,30.229
6976,cycle,bounded,32,32,2,11,11,1.0000,2.0000,1,89.870,20.670
6977,ladder,bounded,14,19,3,4,4,1.0000,3.0000,1,30.465,22.279
6978,grid,bounded,18,27,4,6,6,1.0000,4.0000,1,37.403,32.787
6979,regular,bounded,10,25,5,2,2,1.0000,5.0000,1,31.246,20.008
6980,balanced_tree,bounded,13,12,4,3,3,1.0000,4.0000,1,36.506,3.448
6981,lollipop,bounded,8,22,7,1,1,1.0000,7.0000,1,17.981,12.850
6982,clique,rigid,12,66,11,1,1,1.0000,1.0000,1,28.435,3.187
6983,star,rigid,16,15,15,1,1,1.0000,1.0000,1,20.281,1.599
6984,complete_bipartite,rigid,23,132,12,11,11,1.0000,1.0000,1,121.852,4.040
6985,crown,rigid,6,6,2,2,2,1.0000,1.0000,1,6.048,13.872
6986,double_star,rigid,22,21,13,9,9,1.0000,1.0000,1,50.718,3.576
6987,erdos_renyi,random,17,41,7,4,4,1.0000,7.0000,1,64.578,16.717
6988,barabasi_albert,random,23,22,8,6,6,1.0000,8.0000,1,28.862,1.823
6989,random_tree,random,3,2,2,1,1,1.0000,2.0000,1,4.100,1.499
6990,path,bounded,15,14,2,5,5,1.0000,2.0000,1,17.145,14.485
6991,cycle,bounded,26,26,2,9,9,1.0000,2.0000,1,71.258,19.873
6992,ladder,bounded,20,28,3,6,6,1.0000,3.0000,1,49.288,24.224
6993,grid,bounded,12,17,4,4,4,1.0000,4.0000,1,22.831,14.777
6994,regular,bounded,6,12,4,2,2,1.0000,4.0000,1,11.999,2.279
6995,balanced_tree,bounded,13,12,4,3,3,1.0000,4.0000,1,15.702,1.739
6996,lollipop,bounded,15,35,8,3,3,1.0000,8.0000,1,20.420,14.560
6997,clique,rigid,6,15,5,1,1,1.0000,1.0000,1,9.523,1.691
6998,star,rigid,22,21,21,1,1,1.0000,1.0000,1,36.950,1.981
6999,complete_bipartite,rigid,10,21,7,3,3,1.0000,1.0000,1,14.691,1.862
7000,crown,rigid,10,20,4,2,2,1.0000,1.0000,1,16.461,16.101
7001,double_star,rigid,23,22,12,11,11,1.0000,1.0000,1,25.839,2.116
7002,erdos_renyi,random,17,9,3,10,10,1.0000,3.0000,1,29.688,4.107
7003,barabasi_albert,random,14,24,8,3,3,1.0000,8.0000,1,39.869,23.286
7004,random_tree,random,34,33,4,13,13,1.0000,4.0000,1,99.961,37.375
7005,path,bounded,26,25,2,9,9,1.0000,2.0000,1,63.011,31.556
7006,cycle,bounded,6,6,2,2,2,1.0000,2.0000,1,15.837,24.060
7007,ladder,bounded,36,52,3,10,10,1.0000,3.0000,1,134.428,36.884
7008,grid,bounded,12,17,4,4,4,1.0000,4.0000,1,29.763,17.569
7009,regular,bounded,31,62,4,7,7,1.0000,4.0000,1,148.449,72.286
7010,balanced_tree,bounded,15,14,3,5,5,1.0000,3.0000,1,27.123,35.382
7011,lollipop,bounded,8,13,5,2,2,1.0000,5.0000,1,10.816,1.908
7012,clique,rigid,3,3,2,1,1,1.0000,1.0000,1,3.680,1.248
7013,star,rigid,24,23,23,1,1,1.0000,1.0000,1,19.654,1.234
7014,complete_bipartite,rigid,11,18,9,2,2,1.0000,1.0000,1,15.232,1.488
7015,crown,rigid,4,2,1,2,2,1.0000,1.0000,1,4.977,1.163
7016,double_star,rigid,12,11,8,4,4,1.0000,1.0000,1,15.527,2.675
7017,erdos_renyi,random,22,64,10,5,5,1.0000,10.0000,1,96.206,28.640
7018,barabasi_albert,random,24,44,11,5,5,1.0000,11.0000,1,99.950,18.600
7019,random_tree,random,17,16,3,7,7,1.0000,3.0000,1,38.638,4.519
7020,path,bounded,22,21,2,8,8,1.0000,2.0000,1,34.974,14.542
7021,cycle,bounded,21,21,2,7,7,1.0000,2.0000,1,27.855,14.706
7022,ladder,bounded,4,4,2,2,2,1.0000,3.0000,1,5.664,1.610
7023,grid,bounded,25,40,4,7,7,1.0000,4.0000,1,98.649,21.842
7024,regular,bounded,13,13,2,5,5,1.0000,2.0000,1,34.870,22.888
7025,balanced_tree,bounded,15,14,3,5,5,1.0000,3.0000,1,20.730,18.879
7026,lollipop,bounded,8,17,6,2,2,1.0000,6.0000,1,13.669,4.208
7027,clique,rigid,4,6,3,1,1,1.0000,1.0000,1,4.828,1.406
7028,star,rigid,12,11,11,1,1,1.0000,1.0000,1,31.945,2.526
7029,complete_bipartite,rigid,7,10,5,2,2,1.0000,1.0000,1,19.460,3.386
7030,crown,rigid,4,2,1,2,2,1.0000,1.0000,1,9.184,2.430
7031,double_star,rigid,19,18,10,9,9,1.0000,1.0000,1,30.154,3.418
7032,erdos_renyi,random,11,19,6,3,3,1.0000,6.0000,1,24.086,22.209
7033,barabasi_albert,random,28,52,10,7,7,1.0000,10.0000,1,103.742,23.998
7034,random_tree,random,13,12,3,5,5,1.0000,3.0000,1,16.787,41.340
7035,path,bounded,17,16,2,6,6,1.0000,2.0000,1,39.591,14.029
7036,cycle,bounded,27,27,2,9,9,1.0000,2.0000,1,63.142,20.371
7037,ladder,bounded,12,16,3,4,4,1.0000,3.0000,1,16.792,27.224
7038,grid,bounded,24,38,4,7,7,1.0000,4.0000,1,46.669,20.149
7039,regular,bounded,20,50,5,4,4,1.0000,5.0000,1,40.032,36.881
7040,balanced_tree,bounded,15,14,3,5,5,1.0000,3.0000,1,36.094,27.405
7041,lollipop,bounded,8,10,4,2,2,1.0000,4.0000,1,11.456,1.627
7042,clique,rigid,13,78,12,1,1,1.0000,1.0000,1,19.319,1.964
7043,star,rigid,16,15,15,1,1,1.0000,1.0000,1,17.559,1.835
7044,complete_bipartite,rigid,10,21,7,3,3,1.0000,1.0000,1,21.615,3.191
7045,crown,rigid,4,2,1,2,2,1.0000,1.0000,1,5.702,1.185
7046,double_star,rigid,16,15,9,7,7,1.0000,1.0000,1,14.091,1.403
7047,erdos_renyi,random,27,39,6,9,9,1.0000,6.0000,1,85.977,25.670
7048,barabasi_albert,random,18,32,7,4,4,1.0000,7.0000,1,53.014,15.685
7049,random_tree,random,10,9,4,4,4,1.0000,4.0000,1,38.950,2.552
7050,path,bounded,13,12,2,5,5,1.0000,2.0000,1,22.967,21.527
7051,cycle,bounded,7,7,2,3,3,1.0000,2.0000,1,16.997,32.747
7052,ladder,bounded,26,37,3,7,7,1.0000,3.0000,1,71.696,16.357
7053,grid,bounded,20,31,4,6,6,1.0000,4.0000,1,53.507,12.887
7054,regular,bounded,20,30,3,6,6,1.0000,3.0000,1,32.985,31.131
7055,balanced_tree,bounded,13,12,4,3,3,1.0000,4.0000,1,25.278,1.892
7056,lollipop,bounded,13,13,3,4,4,1.0000,3.0000,1,13.925,30.753
7057,clique,rigid,11,55,10,1,1,1.0000,1.0000,1,33.701,4.748
7058,star,rigid,15,14,14,1,1,1.0000,1.0000,1,28.536,3.580
7059,complete_bipartite,rigid,6,9,3,3,3,1.0000,1.0000,1,12.957,1.974
7060,crown,rigid,8,12,3,2,2,1.0000,1.0000,1,8.908,12.542
7061,double_star,rigid,15,14,9,6,6,1.0000,1.0000,1,15.245,2.571
7062,erdos_renyi,random,28,92,10,5,5,1.0000,10.0000,1,120.221,27.071
7063,barabasi_albert,random,17,16,6,8,8,1.0000,6.0000,1,40.844,4.118
7064,random_tree,random,27,26,4,10,10,1.0000,4.0000,1,76.329,15.975
7065,path,bounded,8,7,2,3,3,1.0000,2.0000,1,10.034,15.872
7066,cycle,bounded,19,19,2,7,7,1.0000,2.0000,1,44.104,43.348
7067,ladder,bounded,34,49,3,9,9,1.0000,3.0000,1,99.424,16.880
7068,grid,bounded,15,22,4,4,4,1.0000,4.0000,1,30.589,26.031
7069,regular,bounded,8,20,5,2,2,1.0000,5.0000,1,16.913,13.608
7070,balanced_tree,bounded,13,12,4,3,3,1.0000,4.0000,1,30.824,3.443
7071,lollipop,bounded,6,11,5,1,1,1.0000,5.0000,1,12.318,20.009
7072,clique,rigid,8,28,7,1,1,1.0000,1.0000,1,20.574,3.302
7073,star,rigid,17,16,16,1,1,1.0000,1.0000,1,20.133,1.586
7074,complete_bipartite,rigid,12,32,8,4,4,1.0000,1.0000,1,39.172,3.322
7075,crown,rigid,12,30,5,2,2,1.0000,1.0000,1,22.124,22.214
7076,double_star,rigid,8,7,5,3,3,1.0000,1.0000,1,12.720,3.383
7077,erdos_renyi,random,21,26,5,7,7,1.0000,5.0000,1,32.965,15.555
7078,barabasi_albert,random,16,28,10,3,3,1.0000,10.0000,1,37.117,23.626
7079,random_tree,random,26,25,3,10,10,1.0000,3.0000,1,83.356,25.669
7080,path,bounded,25,24,2,9,9,1.0000,2.0000,1,121.299,15.366
7081,cycle,bounded,29,29,2,10,10,1.0000,2.0000,1,95.729,31.544
7082,ladder,bounded,10,13,3,3,3,1.0000,3.0000,1,24.969,25.278
7083,grid,bounded,15,22,4,4,4,1.0000,4.0000,1,30.763,18.933
7084,regular,bounded,30,75,5,6,6,1.0000,5.0000,1,139.998,34.982
7085,balanced_tree,bounded,15,14,3,5,5,1.0000,3.0000,1,44.165,16.867
7086,lollipop,bounded,13,33,8,3,3,1.0000,8.0000,1,31.257,44.642
7087,clique,rigid,3,3,2,1,1,1.0000,1.0000,1,11.649,2.903
7088,star,rigid,29,28,28,1,1,1.0000,1.0000,1,55.685,4.364
7089,complete_bipartite,rigid,5,4,4,1,1,1.0000,1.0000,1,7.708,1.792
7090,crown,rigid,8,12,3,2,2,1.0000,1.0000,1,14.332,23.516
7091,double_star,rigid,10,9,5,5,5,1.0000,1.0000,1,23.195,2.427
7092,erdos_renyi,random,11,15,6,4,4,1.0000,6.0000,1,25.245,20.111
7093,barabasi_albert,random,33,32,7,12,12,1.0000,7.0000,1,74.899,2.341
7094,random_tree,random,10,9,4,4,4,1.0000,4.0000,1,15.304,1.710
7095,path,bounded,39,38,2,13,13,1.0000,2.0000,1,106.633,27.523
7096,cycle,bounded,34,34,2,12,12,1.0000,2.0000,1,103.408,33.126
7097,ladder,bounded,10,13,3,3,3,1.0000,3.0000,1,27.278,19.289
7098,grid,bounded,20,31,4,6,6,1.0000,4.0000,1,38.815,17.192
7099,regular,bounded,16,16,2,6,6,1.0000,2.0000,1,38.406,14.902
7100,balanced_tree,bounded,15,14,3,5,5,1.0000,3.0000,1,36.298,23.355
7101,lollipop,bounded,5,7,4,1,1,1.0000,4.0000,1,7.261,13.165
7102,clique,rigid,10,45,9,1,1,1.0000,1.0000,1,23.619,3.677
7103,star,rigid,8,7,7,1,1,1.0000,1.0000,1,15.977,1.973
7104,complete_bipartite,rigid,22,121,11,11,11,1.0000,1.0000,1,98.188,3.416
7105,crown,rigid,12,30,5,2,2,1.0000,1.0000,1,14.082,12.366
7106,double_star,rigid,16,15,9,7,7,1.0000,1.0000,1,20.863,1.665
7107,erdos_renyi,random,32,58,8,9,9,1.0000,8.0000,1,94.132,39.594
7108,barabasi_albert,random,31,58,12,9,9,1.0000,12.0000,1,126.875,37.110
7109,random_tree,random,12,11,4,5,5,1.0000,4.0000,1,27.236,3.358
7110,path,bounded,38,37,2,13,13,1.0000,2.0000,1,96.359,16.311
7111,cycle,bounded,11,11,2,4,4,1.0000,2.0000,1,24.375,24.848
7112,ladder,bounded,16,22,3,5,5,1.0000,3.0000,1,27.577,27.830
7113,grid,bounded,9,12,4,3,3,1.0000,4.0000,1,12.461,12.898
7114,regular,bounded,10,25,5,2,2,1.0000,5.0000,1,14.505,13.236
7115,balanced_tree,bounded,15,14,3,5,5,1.0000,3.0000,1,30.023,27.209
7116,lollipop,bounded,20,40,8,5,5,1.0000,8.0000,1,50.654,18.467
7117,clique,rigid,9,36,8,1,1,1.0000,1.0000,1,19.417,2.574
7118,star,rigid,20,19,19,1,1,1.0000,1.0000,1,23.625,3.527
7119,complete_bipartite,rigid,13,22,11,2,2,1.0000,1.0000,1,39.711,3.831
7120,crown,rigid,8,12,3,2,2,1.0000,1.0000,1,16.581,27.444
7121,double_star,rigid,16,15,12,4,4,1.0000,1.0000,1,24.270,2.350
7122,erdos_renyi,random,26,24,6,12,12,1.0000,6.0000,1,81.436,26.115
7123,barabasi_albert,random,24,44,14,6,6,1.0000,14.0000,1,59.549,13.061
7124,random_tree,random,40,39,4,16,16,1.0000,4.0000,1,93.969,22.378
7125,path,bounded,30,29,2,10,10,1.0000,2.0000,1,105.742,27.747
7126,cycle,bounded,34,34,2,12,12,1.0000,2.0000,1,56.880,19.433
7127,ladder,bounded,16,22,3,5,5,1.0000,3.0000,1,29.064,16.343
7128,grid,bounded,20,31,4,6,6,1.0000,4.0000,1,32.635,13.477
7129,regular,bounded,5,5,2,2,2,1.0000,2.0000,1,8.685,16.362
7130,balanced_tree,bounded,15,14,3,5,5,1.0000,3.0000,1,19.463,22.400
7131,lollipop,bounded,18,38,8,4,4,1.0000,8.0000,1,35.677,15.425
7132,clique,rigid,9,36,8,1,1,1.0000,1.0000,1,12.352,1.745
7133,star,rigid,15,14,14,1,1,1.0000,1.0000,1,13.288,1.418
7134,complete_bipartite,rigid,20,100,10,10,10,1.0000,1.0000,1,60.149,2.949
7135,crown,rigid,10,20,4,2,2,1.0000,1.0000,1,10.627,15.371
7136,double_star,rigid,14,13,11,3,3,1.0000,1.0000,1,18.023,1.659
7137,erdos_renyi,random,10,3,2,8,8,1.0000,2.0000,1,27.727,2.110
7138,barabasi_albert,random,21,20,5,9,9,1.0000,5.0000,1,37.647,1.777
7139,random_tree,random,15,14,4,6,6,1.0000,4.0000,1,21.369,1.765
7140,path,bounded,28,27,2,10,10,1.0000,2.0000,1,60.649,27.275
7141,cycle,bounded,19,19,2,7,7,1.0000,2.0000,1,42.217,14.870
7142,ladder,bounded,28,40,3,8,8,1.0000,3.0000,1,57.979,15.907
7143,grid,bounded,24,38,4,7,7,1.0000,4.0000,1,60.876,42.515
7144,regular,bounded,30,30,2,10,10,1.0000,2.0000,1,55.447,17.190
7145,balanced_tree,bounded,15,14,3,5,5,1.0000,3.0000,1,33.107,32.642
7146,lollipop,bounded,11,13,4,3,3,1.0000,4.0000,1,19.147,14.954
7147,clique,rigid,13,78,12,1,1,1.0000,1.0000,1,28.388,5.126
7148,star,rigid,3,2,2,1,1,1.0000,1.0000,1,9.198,2.772
7149,complete_bipartite,rigid,6,9,3,3,3,1.0000,1.0000,1,15.100,2.196
7150,crown,rigid,8,12,3,2,2,1.0000,1.0000,1,10.184,24.030
7151,double_star,rigid,9,8,7,2,2,1.0000,1.0000,1,20.215,2.929
7152,erdos_renyi,random,9,8,3,5,5,1.0000,3.0000,1,25.532,3.339
7153,barabasi_albert,random,10,9,4,4,4,1.0000,4.0000,1,15.280,1.718
7154,random_tree,random,19,18,4,7,7,1.0000,4.0000,1,23.197,24.741
7155,path,bounded,37,36,2,13,13,1.0000,2.0000,1,84.490,22.306
7156,cycle,bounded,32,32,2,11,11,1.0000,2.0000,1,114.170,40.003
7157,ladder,bounded,20,28,3,6,6,1.0000,3.0000,1,59.174,18.805
7158,grid,bounded,15,22,4,4,4,1.0000,4.0000,1,21.605,14.695
7159,regular,bounded,32,80,5,6,6,1.0000,5.0000,1,135.574,147.777
7160,balanced_tree,bounded,15,14,3,5,5,1.0000,3.0000,1,23.909,21.838
7161,lollipop,bounded,14,23,6,4,4,1.0000,6.0000,1,24.984,26.894
7162,clique,rigid,9,36,8,1,1,1.0000,1.0000,1,24.568,2.938
7163,star,rigid,4,3,3,1,1,1.0000,1.0000,1,12.477,2.599
7164,complete_bipartite,rigid,21,110,11,10,10,1.0000,1.0000,1,116.198,7.428
7165,crown,rigid,10,20,4,2,2,1.0000,1.0000,1,24.855,22.582
7166,double_star,rigid,21,20,13,8,8,1.0000,1.0000,1,31.232,1.690
7167,erdos_renyi,random,23,67,11,4,4,1.0000,11.0000,1,80.425,25.075
7168,barabasi_albert,random,13,22,9,3,3,1.0000,9.0000,1,18.070,12.837
7169,random_tree,random,33,32,5,13,13,1.0000,5.0000,1,99.160,20.803
7170,path,bounded,37,36,2,13,13,1.0000,2.0000,1,87.973,17.536
7171,cycle,bounded,15,15,2,5,5,1.0000,2.0000,1,19.502,25.039
7172,ladder,bounded,16,22,3,5,5,1.0000,3.0000,1,39.102,16.375
7173,grid,bounded,24,38,4,7,7,1.0000,4.0000,1,84.421,15.084
7174,regular,bounded,26,65,5,5,5,1.0000,5.0000,1,63.613,54.297
7175,balanced_tree,bounded,13,12,4,3,3,1.0000,4.0000,1,14.976,2.740
7176,lollipop,bounded,7,9,4,2,2,1.0000,4.0000,1,15.358,2.928
7177,clique,rigid,12,66,11,1,1,1.0000,1.0000,1,25.758,1.995
7178,star,rigid,10,9,9,1,1,1.0000,1.0000,1,8.906,1.368
7179,complete_bipartite,rigid,18,72,12,6,6,1.0000,1.0000,1,41.412,2.388
7180,crown,rigid,6,6,2,2,2,1.0000,1.0000,1,6.207,31.783
7181,double_star,rigid,16,15,9,7,7,1.0000,1.0000,1,25.758,4.086
7182,erdos_renyi,random,21,41,6,6,6,1.0000,6.0000,1,45.649,15.334
7183,barabasi_albert,random,32,31,7,13,13,1.0000,7.0000,1,63.499,1.955
7184,random_tree,random,17,16,4,7,7,1.0000,4.0000,1,19.555,17.313
7185,path,bounded,22,21,2,8,8,1.0000,2.0000,1,30.318,14.589
7186,cycle,bounded,23,23,2,8,8,1.0000,2.0000,1,31.779,15.877
7187,ladder,bounded,8,10,3,3,3,1.0000,3.0000,1,10.194,17.157
7188,grid,bounded,9,12,4,3,3,1.0000,4.0000,1,24.235,19.130
7189,regular,bounded,8,20,5,2,2,1.0000,5.0000,1,16.054,11.147
7190,balanced_tree,bounded,15,14,3,5,5,1.0000,3.0000,1,23.992,17.064
7191,lollipop,bounded,14,23,6,4,4,1.0000,6.0000,1,18.629,15.871
7192,clique,rigid,6,15,5,1,1,1.0000,1.0000,1,8.049,1.449
7193,star,rigid,12,11,11,1,1,1.0000,1.0000,1,10.713,1.960
7194,complete_bipartite,rigid,4,3,3,1,1,1.0000,1.0000,1,5.890,3.281
7195,crown,rigid,10,20,4,2,2,1.0000,1.0000,1,12.272,25.965
7196,double_star,rigid,13,12,11,2,2,1.0000,1.0000,1,24.878,2.296
7197,erdos_renyi,random,29,33,5,12,12,1.0000,5.0000,1,100.882,26.854
7198,barabasi_albert,random,22,21,11,10,10,1.0000,11.0000,1,56.245,3.653
7199,random_tree,random,20,19,3,8,8,1.0000,3.0000,1,45.775,26.129
7200,path,bounded,36,35,2,12,12,1.0000,2.0000,1,88.507,27.258
7201,cycle,bounded,13,13,2,5,5,1.0000,2.0000,1,24.963,18.122
7202,ladder,bounded,22,31,3,6,6,1.0000,3.0000,1,61.183,27.518
7203,grid,bounded,12,16,3,4,4,1.0000,4.0000,1,24.268,22.908
7204,regular,bounded,10,15,3,3,3,1.0000,3.0000,1,21.721,22.534
7205,balanced_tree,bounded,13,12,4,3,3,1.0000,4.0000,1,18.674,1.676
7206,lollipop,bounded,16,21,5,5,5,1.0000,5.0000,1,21.014,15.052
7207,clique,rigid,12,66,11,1,1,1.0000,1.0000,1,18.997,2.009
7208,star,rigid,19,18,18,1,1,1.0000,1.0000,1,16.804,1.717
7209,complete_bipartite,rigid,5,4,4,1,1,1.0000,1.0000,1,4.929,1.227
7210,crown,rigid,10,20,4,2,2,1.0000,1.0000,1,10.346,13.242
7211,double_star,rigid,18,17,12,6,6,1.0000,1.0000,1,19.247,1.682
7212,erdos_renyi,random,23,75,11,5,5,1.0000,11.0000,1,90.985,83.326
7213,barabasi_albert,random,8,7,4,3,3,1.0000,4.0000,1,9.212,1.513
7214,random_tree,random,13,12,4,6,6,1.0000,4.0000,1,21.532,1.993
7215,path,bounded,40,39,2,14,14,1.0000,2.0000,1,108.220,21.649
7216,cycle,bounded,28,28,2,10,10,1.0000,2.0000,1,49.261,23.981
7217,ladder,bounded,4,4,2,2,2,1.0000,3.0000,1,8.044,1.790
7218,grid,bounded,10,13,3,3,3,1.0000,4.0000,1,15.141,16.980
7219,regular,bounded,16,24,3,5,5,1.0000,3.0000,1,37.952,35.295
7220,balanced_tree,bounded,13,12,4,3,3,1.0000,4.0000,1,30.664,3.546
7221,lollipop,bounded,8,10,4,2,2,1.0000,4.0000,1,13.991,1.791
7222,clique,rigid,8,28,7,1,1,1.0000,1.0000,1,9.573,1.502
7223,star,rigid,2,1,1,1,1,1.0000,1.0000,1,2.520,1.088
7224,complete_bipartite,rigid,18,77,11,7,7,1.0000,1.0000,1,43.859,2.565
7225,crown,rigid,6,6,2,2,2,1.0000,1.0000,1,6.090,14.145
7226,double_star,rigid,13,12,8,5,5,1.0000,1.0000,1,13.969,2.490
7227,erdos_renyi,random,17,32,6,5,5,1.0000,6.0000,1,53.412,20.183
7228,barabasi_albert,random,26,48,12,8,8,1.0000,12.0000,1,87.637,26.043
7229,random_tree,random,10,9,4,3,3,1.0000,4.0000,1,22.786,2.044
7230,path,bounded,38,37,2,13,13,1.0000,2.0000,1,59.674,32.244
7231,cycle,bounded,13,13,2,5,5,1.0000,2.0000,1,35.152,20.218
7232,ladder,bounded,24,34,3,7,7,1.0000,3.0000,1,80.206,15.842
7233,grid,bounded,12,16,3,4,4,1.0000,4.0000,1,31.333,29.439
7234,regular,bounded,21,42,4,5,5,1.0000,4.0000,1,64.626,13.008
7235,balanced_tree,bounded,13,12,4,3,3,1.0000,4.0000,1,16.821,2.962
7236,lollipop,bounded,15,20,5,4,4,1.0000,5.0000,1,25.041,21.399
7237,clique,rigid,2,1,1,1,1,1.0000,1.0000,1,3.881,1.651
7238,star,rigid,10,9,9,1,1,1.0000,1.0000,1,16.009,2.657
7239,complete_bipartite,rigid,8,12,6,2,2,1.0000,1.0000,1,12.964,3.476
7240,crown,rigid,12,30,5,2,2,1.0000,1.0000,1,37.790,19.396
7241,double_star,rigid,19,18,12,7,7,1.0000,1.0000,1,32.869,3.123
7242,erdos_renyi,random,18,42,10,4,4,1.0000,10.0000,1,53.420,28.294
7243,barabasi_albert,random,30,56,9,7,7,1.0000,9.0000,1,90.082,16.249
7244,random_tree,random,15,14,3,5,5,1.0000,3.0000,1,28.239,24.546
7245,path,bounded,12,11,2,4,4,1.0000,2.0000,1,21.201,24.544
7246,cycle,bounded,8,8,2,3,3,1.0000,2.0000,1,18.284,30.692
7247,ladder,bounded,20,28,3,6,6,1.0000,3.0000,1,72.927,32.864
7248,grid,bounded,10,13,3,3,3,1.0000,4.0000,1,23.325,22.701
7249,regular,bounded,22,55,5,4,4,1.0000,5.0000,1,70.428,79.845
7250,balanced_tree,bounded,15,14,3,5,5,1.0000,3.0000,1,52.361,35.365
7251,lollipop,bounded,17,31,7,4,4,1.0000,7.0000,1,33.254,33.044
7252,clique,rigid,12,66,11,1,1,1.0000,1.0000,1,40.064,4.058
7253,star,rigid,7,6,6,1,1,1.0000,1.0000,1,9.882,1.756
7254,complete_bipartite,rigid,17,70,10,7,7,1.0000,1.0000,1,56.112,4.567
7255,crown,rigid,8,12,3,2,2,1.0000,1.0000,1,17.345,31.319
7256,double_star,rigid,19,18,10,9,9,1.0000,1.0000,1,28.054,3.182
7257,erdos_renyi,random,20,16,5,10,10,1.0000,5.0000,1,33.824,1.590
7258,barabasi_albert,random,18,17,7,8,8,1.0000,7.0000,1,30.499,2.109
7259,random_tree,random,19,18,3,7,7,1.0000,3.0000,1,28.895,2.421
7260,path,bounded,9,8,2,3,3,1.0000,2.0000,1,13.352,20.113
7261,cycle,bounded,34,34,2,12,12,1.0000,2.0000,1,56.292,22.906
7262,ladder,bounded,28,40,3,8,8,1.0000,3.0000,1,59.428,30.324
7263,grid,bounded,30,49,4,8,8,1.0000,4.0000,1,94.565,84.549
7264,regular,bounded,34,85,5,7,7,1.0000,5.0000,1,110.116,164.370
7265,balanced_tree,bounded,13,12,4,3,3,1.0000,4.0000,1,13.770,1.428
7266,lollipop,bounded,15,17,4,5,5,1.0000,4.0000,1,16.943,29.319
7267,clique,rigid,14,91,13,1,1,1.0000,1.0000,1,30.627,2.072
7268,star,rigid,22,21,21,1,1,1.0000,1.0000,1,18.961,1.660
7269,complete_bipartite,rigid,14,33,11,3,3,1.0000,1.0000,1,22.756,3.726
7270,crown,rigid,6,6,2,2,2,1.0000,1.0000,1,12.721,28.887
7271,double_star,rigid,5,4,3,2,2,1.0000,1.0000,1,11.199,2.215
7272,erdos_renyi,random,23,92,12,4,4,1.0000,12.0000,1,124.537,38.298
7273,barabasi_albert,random,18,17,7,8,8,1.0000,7.0000,1,47.983,2.778
7274,random_tree,random,29,28,4,10,10,1.0000,4.0000,1,44.886,21.572
7275,path,bounded,24,23,2,8,8,1.0000,2.0000,1,70.765,23.551
7276,cycle,bounded,4,4,2,2,2,1.0000,2.0000,1,5.013,1.335
7277,ladder,bounded,28,40,3,8,8,1.0000,3.0000,1,64.414,15.909
7278,grid,bounded,18,27,4,6,6,1.0000,4.0000,1,50.822,33.782
7279,regular,bounded,8,12,3,2,2,1.0000,3.0000,1,8.646,12.481
7280,balanced_tree,bounded,13,12,4,3,3,1.0000,4.0000,1,16.133,1.900
7281,lollipop,bounded,12,14,4,4,4,1.0000,4.0000,1,13.428,18.557
7282,clique,rigid,4,6,3,1,1,1.0000,1.0000,1,20.153,2.309
7283,star,rigid,24,23,23,1,1,1.0000,1.0000,1,44.668,2.918
7284,complete_bipartite,rigid,14,33,11,3,3,1.0000,1.0000,1,31.983,2.063
7285,crown,rigid,8,12,3,2,2,1.0000,1.0000,1,8.263,12.270
7286,double_star,rigid,14,13,12,2,2,1.0000,1.0000,1,14.917,1.490
7287,erdos_renyi,random,23,48,9,5,5,1.0000,9.0000,1,87.387,15.820
7288,barabasi_albert,random,27,50,17,7,7,1.0000,17.0000,1,87.814,22.304
7289,random_tree,random,2,1,1,1,1,1.0000,1.0000,1,3.761,1.826
7290,path,bounded,23,22,2,8,8,1.0000,2.0000,1,47.308,16.308
7291,cycle,bounded,22,22,2,8,8,1.0000,2.0000,1,48.538,22.282
7292,ladder,bounded,32,46,3,9,9,1.0000,3.0000,1,120.693,17.313
7293,grid,bounded,24,38,4,7,7,1.0000,4.0000,1,70.558,20.449
7294,regular,bounded,6,15,5,1,1,1.0000,5.0000,1,14.044,2.578
7295,balanced_tree,bounded,13,12,4,3,3,1.0000,4.0000,1,32.563,3.937
7296,lollipop,bounded,6,11,5,1,1,1.0000,5.0000,1,12.497,19.560
7297,clique,rigid,8,28,7,1,1,1.0000,1.0000,1,18.072,2.053
7298,star,rigid,5,4,4,1,1,1.0000,1.0000,1,7.728,3.373
7299,complete_bipartite,rigid,14,40,10,4,4,1.0000,1.0000,1,40.120,2.949
7300,crown,rigid,10,20,4,2,2,1.0000,1.0000,1,11.537,13.108
7301,double_star,rigid,13,12,8,5,5,1.0000,1.0000,1,29.118,3.336
7302,erdos_renyi,random,15,17,6,6,6,1.0000,6.0000,1,37.020,22.114
7303,barabasi_albert,random,21,38,14,3,3,1.0000,14.0000,1,50.716,16.982
7304,random_tree,random,39,38,5,14,14,1.0000,5.0000,1,72.454,15.237
7305,path,bounded,30,29,2,10,10,1.0000,2.0000,1,66.818,21.178
7306,cycle,bounded,26,26,2,9,9,1.0000,2.0000,1,58.429,22.302
7307,ladder,bounded,22,31,3,6,6,1.0000,3.0000,1,55.531,23.884
7308,grid,bounded,36,60,4,10,10,1.0000,4.0000,1,127.567,106.225
7309,regular,bounded,12,18,3,3,3,1.0000,3.0000,1,25.013,24.845
7310,balanced_tree,bounded,13,12,4,3,3,1.0000,4.0000,1,23.968,1.727
7311,lollipop,bounded,4,4,3,1,1,1.0000,3.0000,1,9.834,32.740
7312,clique,rigid,13,78,12,1,1,1.0000,1.0000,1,34.862,2.134
7313,star,rigid,9,8,8,1,1,1.0000,1.0000,1,9.479,2.299
7314,complete_bipartite,rigid,11,28,7,4,4,1.0000,1.0000,1,40.499,3.859
7315,crown,rigid,8,12,3,2,2,1.0000,1.0000,1,19.006,21.980
7316,double_star,rigid,19,18,12,7,7,1.0000,1.0000,1,36.333,3.431
7317,erdos_renyi,random,15,22,6,5,5,1.0000,6.0000,1,25.293,20.537
7318,barabasi_albert,random,20,36,9,6,6,1.0000,9.0000,1,68.006,33.046
7319,random_tree,random,30,29,4,13,13,1.0000,4.0000,1,85.426,14.800
7320,path,bounded,15,14,2,5,5,1.0000,2.0000,1,30.995,21.622
7321,cycle,bounded,35,35,2,12,12,1.0000,2.0000,1,82.649,34.696
7322,ladder,bounded,10,13,3,3,3,1.0000,3.0000,1,15.025,13.202
7323,grid,bounded,6,7,3,2,2,1.0000,4.0000,1,8.391,13.110
7324,regular,bounded,28,70,5,6,6,1.0000,5.0000,1,122.614,27.388
7325,balanced_tree,bounded,13,12,4,3,3,1.0000,4.0000,1,14.076,1.683
7326,lollipop,bounded,16,36,8,4,4,1.0000,8.0000,1,20.025,15.945
7327,clique,rigid,9,36,8,1,1,1.0000,1.0000,1,12.587,1.636
7328,star,rigid,30,29,29,1,1,1.0000,1.0000,1,25.821,3.654
7329,complete_bipartite,rigid,19,88,11,8,8,1.0000,1.0000,1,69.382,3.588
7330,crown,rigid,4,2,1,2,2,1.0000,1.0000,1,11.838,2.428
7331,double_star,rigid,5,4,3,2,2,1.0000,1.0000,1,13.371,2.894
7332,erdos_renyi,random,14,10,3,7,7,1.0000,3.0000,1,34.814,34.075
7333,barabasi_albert,random,16,28,9,4,4,1.0000,9.0000,1,48.930,24.050
7334,random_tree,random,5,4,3,2,2,1.0000,3.0000,1,8.549,1.455
7335,path,bounded,20,19,2,7,7,1.0000,2.0000,1,26.772,38.457
7336,cycle,bounded,35,35,2,12,12,1.0000,2.0000,1,109.203,29.199
7337,ladder,bounded,36,52,3,10,10,1.0000,3.0000,1,78.556,41.428
7338,grid,bounded,12,17,4,4,4,1.0000,4.0000,1,22.220,28.959
7339,regular,bounded,28,56,4,7,7,1.0000,4.0000,1,68.682,59.581
7340,balanced_tree,bounded,15,14,3,5,5,1.0000,3.0000,1,36.792,21.255
7341,lollipop,bounded,10,30,8,2,2,1.0000,8.0000,1,17.636,1.875
7342,clique,rigid,11,55,10,1,1,1.0000,1.0000,1,23.354,2.001
7343,star,rigid,19,18,18,1,1,1.0000,1.0000,1,16.273,1.497
7344,complete_bipartite,rigid,9,18,6,3,3,1.0000,1.0000,1,23.482,3.009
7345,crown,rigid,10,20,4,2,2,1.0000,1.0000,1,21.537,13.243
7346,double_star,rigid,17,16,13,4,4,1.0000,1.0000,1,17.579,1.548
7347,erdos_renyi,random,32,128,14,5,5,1.0000,14.0000,1,117.830,69.527
7348,barabasi_albert,random,18,32,7,5,5,1.0000,7.0000,1,61.829,26.147
7349,random_tree,random,26,25,4,9,9,1.0000,4.0000,1,62.264,3.167
7350,path,bounded,31,30,2,11,11,1.0000,2.0000,1,67.022,18.066
7351,cycle,bounded,37,37,2,13,13,1.0000,2.0000,1,84.853,19.354
7352,ladder,bounded,16,22,3,5,5,1.0000,3.0000,1,27.174,27.593
7353,grid,bounded,8,10,3,3,3,1.0000,4.0000,1,22.909,25.525
7354,regular,bounded,24,36,3,7,7,1.0000,3.0000,1,58.111,18.397
7355,balanced_tree,bounded,13,12,4,3,3,1.0000,4.0000,1,27.192,2.183
7356,lollipop,bounded,8,22,7,1,1,1.0000,7.0000,1,21.989,22.861
7357,clique,rigid,4,6,3,1,1,1.0000,1.0000,1,11.963,4.071
7358,star,rigid,8,7,7,1,1,1.0000,1.0000,1,14.421,2.674
7359,complete_bipartite,rigid,14,40,10,4,4,1.0000,1.0000,1,53.192,4.321
7360,crown,rigid,8,12,3,2,2,1.0000,1.0000,1,18.662,26.426
7361,double_star,rigid,7,6,5,2,2,1.0000,1.0000,1,7.640,1.359
7362,erdos_renyi,random,28,119,12,4,4,1.0000,12.0000,1,139.419,38.578
7363,barabasi_albert,random,9,8,4,3,3,1.0000,4.0000,1,19.066,3.849
7364,random_tree,random,30,29,5,13,13,1.0000,5.0000,1,85.803,2.004
7365,path,bounded,40,39,2,14,14,1.0000,2.0000,1,100.548,14.932
7366,cycle,bounded,23,23,2,8,8,1.0000,2.0000,1,77.726,21.324
7367,ladder,bounded,4,4,2,2,2,1.0000,3.0000,1,7.109,1.837
7368,grid,bounded,15,22,4,4,4,1.0000,4.0000,1,31.480,14.927
7369,regular,bounded,32,80,5,7,6,1.1667,5.0000,1,100.495,93.524
7370,balanced_tree,bounded,15,14,3,5,5,1.0000,3.0000,1,18.894,16.295
7371,lollipop,bounded,15,20,5,4,4,1.0000,5.0000,1,18.181,15.456
7372,clique,rigid,14,91,13,1,1,1.0000,1.0000,1,23.597,3.528
7373,star,rigid,28,27,27,1,1,1.0000,1.0000,1,42.128,2.107
7374,complete_bipartite,rigid,18,80,10,8,8,1.0000,1.0000,1,66.594,2.880
7375,crown,rigid,4,2,1,2,2,1.0000,1.0000,1,7.743,1.551
7376,double_star,rigid,18,17,11,7,7,1.0000,1.0000,1,25.497,3.532
7377,erdos_renyi,random,22,99,12,3,3,1.0000,12.0000,1,88.785,30.945
7378,barabasi_albert,random,30,29,7,13,13,1.0000,7.0000,1,92.110,4.781
7379,random_tree,random,8,7,3,3,3,1.0000,3.0000,1,17.980,2.969
7380,path,bounded,17,16,2,6,6,1.0000,2.0000,1,40.117,27.181
7381,cycle,bounded,29,29,2,10,10,1.0000,2.0000,1,68.132,16.607
7382,ladder,bounded,28,40,3,8,8,1.0000,3.0000,1,99.176,33.624
7383,grid,bounded,12,17,4,4,4,1.0000,4.0000,1,16.684,13.182
7384,regular,bounded,16,40,5,4,4,1.0000,5.0000,1,27.978,17.443
7385,balanced_tree,bounded,13,12,4,3,3,1.0000,4.0000,1,21.534,2.718
7386,lollipop,bounded,15,29,7,4,4,1.0000,7.0000,1,38.636,33.668
7387,clique,rigid,8,28,7,1,1,1.0000,1.0000,1,20.442,1.937
7388,star,rigid,23,22,22,1,1,1.0000,1.0000,1,21.552,1.830
7389,complete_bipartite,rigid,15,44,11,4,4,1.0000,1.0000,1,34.714,3.668
7390,crown,rigid,12,30,5,2,2,1.0000,1.0000,1,26.524,11.585
7391,double_star,rigid,20,19,12,8,8,1.0000,1.0000,1,38.117,2.935
7392,erdos_renyi,random,26,45,7,7,7,1.0000,7.0000,1,63.220,16.690
7393,barabasi_albert,random,9,8,6,3,3,1.0000,6.0000,1,21.663,3.519
7394,random_tree,random,12,11,3,5,5,1.0000,3.0000,1,19.666,2.109
7395,path,bounded,38,37,2,13,13,1.0000,2.0000,1,108.485,20.510
7396,cycle,bounded,21,21,2,7,7,1.0000,2.0000,1,48.037,20.805
7397,ladder,bounded,8,10,3,3,3,1.0000,3.0000,1,12.405,20.008
7398,grid,bounded,12,17,4,4,4,1.0000,4.0000,1,31.024,18.980
7399,regular,bounded,33,66,4,8,8,1.0000,4.0000,1,155.429,76.383
7400,balanced_tree,bounded,15,14,3,5,5,1.0000,3.0000,1,29.585,23.360
7401,lollipop,bounded,15,35,8,3,3,1.0000,8.0000,1,33.938,29.031
7402,clique,rigid,4,6,3,1,1,1.0000,1.0000,1,7.447,2.314
7403,star,rigid,10,9,9,1,1,1.0000,1.0000,1,21.485,2.964
7404,complete_bipartite,rigid,19,90,10,9,9,1.0000,1.0000,1,77.823,5.613
7405,crown,rigid,8,12,3,2,2,1.0000,1.0000,1,16.273,16.407
7406,double_star,rigid,9,8,7,2,2,1.0000,1.0000,1,10.224,1.446
7407,erdos_renyi,random,23,14,3,11,11,1.0000,3.0000,1,52.826,4.112
7408,barabasi_albert,random,31,30,8,15,15,1.0000,8.0000,1,83.999,3.728
7409,random_tree,random,27,26,6,11,11,1.0000,6.0000,1,78.501,25.930
7410,path,bounded,6,5,2,2,2,1.0000,2.0000,1,7.425,1.409
7411,cycle,bounded,18,18,2,6,6,1.0000,2.0000,1,21.057,15.808
7412,ladder,bounded,20,28,3,6,6,1.0000,3.0000,1,44.937,19.763
7413,grid,bounded,36,60,4,10,10,1.0000,4.0000,1,153.308,117.481
7414,regular,bounded,31,31,2,12,11,1.0909,2.0000,1,63.882,20.278
7415,balanced_tree,bounded,15,14,3,5,5,1.0000,3.0000,1,25.668,23.265
7416,lollipop,bounded,13,13,3,4,4,1.0000,3.0000,1,32.958,27.188
7417,clique,rigid,6,15,5,1,1,1.0000,1.0000,1,11.618,2.695
7418,star,rigid,22,21,21,1,1,1.0000,1.0000,1,25.138,2.146
7419,complete_bipartite,rigid,11,18,9,2,2,1.0000,1.0000,1,19.902,2.811
7420,crown,rigid,6,6,2,2,2,1.0000,1.0000,1,6.034,14.798
7421,double_star,rigid,14,13,12,2,2,1.0000,1.0000,1,14.676,2.252
7422,erdos_renyi,random,20,23,4,7,7,1.0000,4.0000,1,43.186,15.418
7423,barabasi_albert,random,28,52,11,7,7,1.0000,11.0000,1,64.632,18.132
7424,random_tree,random,10,9,3,4,4,1.0000,3.0000,1,11.607,1.556
7425,path,bounded,27,26,2,9,9,1.0000,2.0000,1,47.355,17.530
7426,cycle,bounded,23,23,2,8,8,1.0000,2.0000,1,41.021,21.427
7427,ladder,bounded,24,34,3,7,7,1.0000,3.0000,1,47.040,28.460
7428,grid,bounded,4,4,2,2,2,1.0000,4.0000,1,8.874,1.749
7429,regular,bounded,30,75,5,7,6,1.1667,5.0000,1,185.871,185.821
7430,balanced_tree,bounded,15,14,3,5,5,1.0000,3.0000,1,28.282,18.909
7431,lollipop,bounded,16,25,6,4,4,1.0000,6.0000,1,33.576,25.500
7432,clique,rigid,7,21,6,1,1,1.0000,1.0000,1,11.516,2.339
7433,star,rigid,16,15,15,1,1,1.0000,1.0000,1,25.492,3.004
7434,complete_bipartite,rigid,16,63,9,7,7,1.0000,1.0000,1,37.321,2.642
7435,crown,rigid,4,2,1,2,2,1.0000,1.0000,1,9.381,1.780
7436,double_star,rigid,15,14,10,5,5,1.0000,1.0000,1,19.077,3.361
7437,erdos_renyi,random,27,65,9,6,6,1.0000,9.0000,1,119.655,49.510
7438,barabasi_albert,random,21,38,12,6,6,1.0000,12.0000,1,33.456,13.093
7439,random_tree,random,15,14,4,6,6,1.0000,4.0000,1,33.784,1.634
7440,path,bounded,31,30,2,11,11,1.0000,2.0000,1,83.294,27.307
7441,cycle,bounded,20,20,2,7,7,1.0000,2.0000,1,51.698,26.502
7442,ladder,bounded,20,28,3,6,6,1.0000,3.0000,1,50.425,27.724
7443,grid,bounded,30,49,4,8,8,1.0000,4.0000,1,93.010,44.758
7444,regular,bounded,25,50,4,6,6,1.0000,4.0000,1,61.019,42.777
7445,balanced_tree,bounded,15,14,3,5,5,1.0000,3.0000,1,17.697,16.139
7446,lollipop,bounded,12,17,5,3,3,1.0000,5.0000,1,14.150,14.560
7447,clique,rigid,10,45,9,1,1,1.0000,1.0000,1,17.595,2.236
7448,star,rigid,8,7,7,1,1,1.0000,1.0000,1,15.359,3.942
7449,complete_bipartite,rigid,17,66,11,6,6,1.0000,1.0000,1,55.495,2.202
7450,crown,rigid,6,6,2,2,2,1.0000,1.0000,1,5.662,13.788
7451,double_star,rigid,14,13,10,4,4,1.0000,1.0000,1,15.342,1.688
7452,erdos_renyi,random,13,14,4,5,5,1.0000,4.0000,1,15.767,1.602
7453,barabasi_albert,random,25,46,11,6,6,1.0000,11.0000,1,82.212,17.667
7454,random_tree,random,15,14,3,6,6,1.0000,3.0000,1,31.947,24.441
7455,path,bounded,38,37,2,13,13,1.0000,2.0000,1,84.635,16.417
7456,cycle,bounded,37,37,2,13,13,1.0000,2.0000,1,102.913,22.845
7457,ladder,bounded,12,16,3,4,4,1.0000,3.0000,1,20.078,22.301
7458,grid,bounded,16,24,4,4,4,1.0000,4.0000,1,51.683,24.240
7459,regular,bounded,30,45,3,8,8,1.0000,3.0000,1,70.809,70.581
7460,balanced_tree,bounded,15,14,3,5,5,1.0000,3.0000,1,20.039,21.258
7461,lollipop,bounded,12,12,3,4,4,1.0000,3.0000,1,23.816,32.060
7462,clique,rigid,10,45,9,1,1,1.0000,1.0000,1,16.577,3.304
7463,star,rigid,31,30,30,1,1,1.0000,1.0000,1,50.082,3.660
7464,complete_bipartite,rigid,13,42,7,6,6,1.0000,1.0000,1,42.552,2.148
7465,crown,rigid,6,6,2,2,2,1.0000,1.0000,1,8.711,16.609
7466,double_star,rigid,17,16,13,4,4,1.0000,1.0000,1,17.210,1.639
7467,erdos_renyi,random,33,39,7,14,14,1.0000,7.0000,1,66.006,16.718
7468,barabasi_albert,random,31,30,7,13,13,1.0000,7.0000,1,82.424,2.423
7469,random_tree,random,26,25,4,10,10,1.0000,4.0000,1,65.836,27.224
7470,path,bounded,13,12,2,5,5,1.0000,2.0000,1,18.198,16.036
7471,cycle,bounded,39,39,2,13,13,1.0000,2.0000,1,90.028,27.310
7472,ladder,bounded,18,25,3,5,5,1.0000,3.0000,1,48.784,24.661
7473,grid,bounded,20,31,4,6,6,1.0000,4.0000,1,54.149,23.088
7474,regular,bounded,18,27,3,5,5,1.0000,3.0000,1,51.341,33.018
7475,balanced_tree,bounded,13,12,4,3,3,1.0000,4.0000,1,39.600,3.000
7476,lollipop,bounded,13,27,7,3,3,1.0000,7.0000,1,24.384,34.147
7477,clique,rigid,1,0,0,1,1,1.0000,1.0000,1,4.268,3.479
7478,star,rigid,18,17,17,1,1,1.0000,1.0000,1,38.195,5.368
7479,complete_bipartite,rigid,17,60,12,5,5,1.0000,1.0000,1,75.599,4.104
7480,crown,rigid,8,12,3,2,2,1.0000,1.0000,1,16.186,22.424
7481,double_star,rigid,10,9,7,3,3,1.0000,1.0000,1,18.052,2.707
7482,erdos_renyi,random,21,38,7,6,6,1.0000,7.0000,1,52.967,17.524
7483,barabasi_albert,random,13,22,6,3,3,1.0000,6.0000,1,30.096,16.175
7484,random_tree,random,22,21,4,8,8,1.0000,4.0000,1,60.663,51.897
7485,path,bounded,5,4,2,2,2,1.0000,2.0000,1,10.800,2.671
7486,cycle,bounded,10,10,2,4,4,1.0000,2.0000,1,15.822,24.123
7487,ladder,bounded,14,19,3,4,4,1.0000,3.0000,1,29.949,18.954
7488,grid,bounded,18,27,4,6,6,1.0000,4.0000,1,48.845,19.587
7489,regular,bounded,6,9,3,2,2,1.0000,3.0000,1,11.189,25.264
7490,balanced_tree,bounded,15,14,3,5,5,1.0000,3.0000,1,34.998,31.424
7491,lollipop,bounded,9,18,6,2,2,1.0000,6.0000,1,12.172,3.198
7492,clique,rigid,4,6,3,1,1,1.0000,1.0000,1,6.768,1.580
7493,star,rigid,16,15,15,1,1,1.0000,1.0000,1,15.331,1.803
7494,complete_bipartite,rigid,8,7,7,1,1,1.0000,1.0000,1,10.170,2.864
7495,crown,rigid,4,2,1,2,2,1.0000,1.0000,1,8.969,2.737
7496,double_star,rigid,14,13,8,6,6,1.0000,1.0000,1,26.917,2.428
7497,erdos_renyi,random,20,13,3,10,10,1.0000,3.0000,1,52.187,3.499
7498,barabasi_albert,random,18,32,10,5,5,1.0000,10.0000,1,43.794,23.815
7499,random_tree,random,24,23,3,10,10,1.0000,3.0000,1,57.026,2.096
7500,path,bounded,11,10,2,4,4,1.0000,2.0000,1,21.479,33.850
7501,cycle,bounded,10,10,2,4,4,1.0000,2.0000,1,33.934,31.996
7502,ladder,bounded,10,13,3,3,3,1.0000,3.0000,1,30.108,27.741
7503,grid,bounded,12,16,3,4,4,1.0000,4.0000,1,35.105,18.227
7504,regular,bounded,34,68,4,8,8,1.0000,4.0000,1,132.498,92.437
7505,balanced_tree,bounded,13,12,4,3,3,1.0000,4.0000,1,24.413,2.687
7506,lollipop,bounded,17,37,8,4,4,1.0000,8.0000,1,43.372,23.219
7507,clique,rigid,7,21,6,1,1,1.0000,1.0000,1,13.160,2.383
7508,star,rigid,23,22,22,1,1,1.0000,1.0000,1,33.290,3.670
7509,complete_bipartite,rigid,15,50,10,5,5,1.0000,1.0000,1,68.457,3.849
7510,crown,rigid,12,30,5,2,2,1.0000,1.0000,1,29.513,19.158
7511,double_star,rigid,24,23,13,11,11,1.0000,1.0000,1,44.129,4.147
7512,erdos_renyi,random,8,3,3,5,5,1.0000,3.0000,1,19.795,2.541
7513,barabasi_albert,random,16,15,8,7,7,1.0000,8.0000,1,35.393,2.269
7514,random_tree,random,2,1,1,1,1,1.0000,1.0000,1,5.405,2.222
7515,path,bounded,30,29,2,10,10,1.0000,2.0000,1,77.938,33.449
7516,cycle,bounded,27,27,2,9,9,1.0000,2.0000,1,84.173,33.399
7517,ladder,bounded,16,22,3,5,5,1.0000,3.0000,1,29.448,13.619
7518,grid,bounded,18,27,4,6,6,1.0000,4.0000,1,50.810,26.604
7519,regular,bounded,6,9,3,2,2,1.0000,3.0000,1,6.757,19.888
7520,balanced_tree,bounded,13,12,4,3,3,1.0000,4.0000,1,20.341,2.424
7521,lollipop,bounded,15,29,7,4,4,1.0000,7.0000,1,29.988,20.282
7522,clique,rigid,2,1,1,1,1,1.0000,1.0000,1,3.283,2.147
7523,star,rigid,20,19,19,1,1,1.0000,1.0000,1,35.614,2.441
7524,complete_bipartite,rigid,3,2,2,1,1,1.0000,1.0000,1,5.679,1.917
7525,crown,rigid,12,30,5,2,2,1.0000,1.0000,1,16.605,15.018
7526,double_star,rigid,17,16,9,8,8,1.0000,1.0000,1,20.017,3.060
7527,erdos_renyi,random,16,13,4,8,8,1.0000,4.0000,1,32.205,2.729
7528,barabasi_albert,random,32,60,14,9,9,1.0000,14.0000,1,87.561,25.662
7529,random_tree,random,39,38,6,15,15,1.0000,6.0000,1,132.471,24.668
7530,path,bounded,35,34,2,12,12,1.0000,2.0000,1,105.252,32.166
7531,cycle,bounded,10,10,2,4,4,1.0000,2.0000,1,22.242,30.408
7532,ladder,bounded,22,31,3,6,6,1.0000,3.0000,1,79.461,25.403
7533,grid,bounded,10,13,3,3,3,1.0000,4.0000,1,24.857,30.746
7534,regular,bounded,10,25,5,2,2,1.0000,5.0000,1,33.704,21.194
7535,balanced_tree,bounded,13,12,4,3,3,1.0000,4.0000,1,31.171,3.281
7536,lollipop,bounded,8,17,6,2,2,1.0000,6.0000,1,13.363,1.803
7537,clique,rigid,1,0,0,1,1,1.0000,1.0000,1,1.763,1.175
7538,star,rigid,11,10,10,1,1,1.0000,1.0000,1,13.098,2.992
7539,complete_bipartite,rigid,12,32,8,4,4,1.0000,1.0000,1,35.854,1.821
7540,crown,rigid,6,6,2,2,2,1.0000,1.0000,1,6.228,20.153
7541,double_star,rigid,15,14,12,3,3,1.0000,1.0000,1,35.270,2.360
7542,erdos_renyi,random,29,139,14,4,4,1.0000,14.0000,1,210.504,22.841
7543,barabasi_albert,random,13,12,9,4,4,1.0000,9.0000,1,15.905,1.591
7544,random_tree,random,39,38,4,14,14,1.0000,4.0000,1,87.499,18.783
7545,path,bounded,31,30,2,11,11,1.0000,2.0000,1,61.259,22.201
7546,cycle,bounded,13,13,2,5,5,1.0000,2.0000,1,28.301,29.206
7547,ladder,bounded,20,28,3,6,6,1.0000,3.0000,1,35.554,34.659
7548,grid,bounded,12,17,4,4,4,1.0000,4.0000,1,18.841,13.558
7549,regular,bounded,23,46,4,6,6,1.0000,4.0000,1,65.294,66.951
7550,balanced_tree,bounded,13,12,4,3,3,1.0000,4.0000,1,29.462,2.695
7551,lollipop,bounded,8,17,6,2,2,1.0000,6.0000,1,12.744,2.017
7552,clique,rigid,6,15,5,1,1,1.0000,1.0000,1,7.162,1.799
7553,star,rigid,8,7,7,1,1,1.0000,1.0000,1,7.819,1.459
7554,complete_bipartite,rigid,8,16,4,4,4,1.0000,1.0000,1,10.853,1.652
7555,crown,rigid,10,20,4,2,2,1.0000,1.0000,1,18.948,20.781
7556,double_star,rigid,9,8,5,4,4,1.0000,1.0000,1,11.090,1.615
7557,erdos_renyi,random,17,46,10,3,3,1.0000,10.0000,1,31.079,12.759
7558,barabasi_albert,random,21,38,15,3,3,1.0000,15.0000,1,34.394,13.234
7559,random_tree,random,24,23,4,9,9,1.0000,4.0000,1,45.670,23.101
7560,path,bounded,40,39,2,14,14,1.0000,2.0000,1,103.170,16.277
7561,cycle,bounded,21,21,2,7,7,1.0000,2.0000,1,31.844,26.248
7562,ladder,bounded,16,22,3,5,5,1.0000,3.0000,1,34.088,23.660
7563,grid,bounded,18,27,4,6,6,1.0000,4.0000,1,30.510,33.685
7564,regular,bounded,30,45,3,9,8,1.1250,3.0000,1,109.162,57.826
7565,balanced_tree,bounded,13,12,4,3,3,1.0000,4.0000,1,14.549,1.518
7566,lollipop,bounded,5,7,4,1,1,1.0000,4.0000,1,7.573,17.498
7567,clique,rigid,10,45,9,1,1,1.0000,1.0000,1,24.703,2.788
7568,star,rigid,4,3,3,1,1,1.0000,1.0000,1,6.951,1.623
7569,complete_bipartite,rigid,19,90,10,9,9,1.0000,1.0000,1,93.405,4.435
7570,crown,rigid,12,30,5,2,2,1.0000,1.0000,1,28.991,17.727
7571,double_star,rigid,16,15,12,4,4,1.0000,1.0000,1,35.834,2.632
7572,erdos_renyi,random,34,166,15,5,4,1.2500,15.0000,1,200.303,109.063
7573,barabasi_albert,random,34,33,11,12,12,1.0000,11.0000,1,61.283,2.165
7574,random_tree,random,19,18,5,6,6,1.0000,5.0000,1,23.915,15.577
7575,path,bounded,31,30,2,11,11,1.0000,2.0000,1,66.670,14.074
7576,cycle,bounded,34,34,2,12,12,1.0000,2.0000,1,102.258,17.759
7577,ladder,bounded,22,31,3,6,6,1.0000,3.0000,1,66.342,25.674
7578,grid,bounded,15,22,4,4,4,1.0000,4.0000,1,27.872,24.821
7579,regular,bounded,16,24,3,5,5,1.0000,3.0000,1,46.738,14.816
7580,balanced_tree,bounded,13,12,4,3,3,1.0000,4.0000,1,25.289,2.350
7581,lollipop,bounded,14,34,8,3,3,1.0000,8.0000,1,25.096,15.452
7582,clique,rigid,14,91,13,1,1,1.0000,1.0000,1,27.404,2.659
7583,star,rigid,19,18,18,1,1,1.0000,1.0000,1,21.722,1.759
7584,complete_bipartite,rigid,12,11,11,1,1,1.0000,1.0000,1,10.280,4.331
7585,crown,rigid,12,30,5,2,2,1.0000,1.0000,1,41.066,31.467
7586,double_star,rigid,9,8,6,3,3,1.0000,1.0000,1,15.564,1.562
7587,erdos_renyi,random,11,4,2,7,7,1.0000,2.0000,1,30.139,2.115
7588,barabasi_albert,random,15,26,9,4,4,1.0000,9.0000,1,31.228,20.802
7589,random_tree,random,39,38,5,14,14,1.0000,5.0000,1,115.790,3.163
7590,path,bounded,19,18,2,7,7,1.0000,2.0000,1,39.019,15.844
7591,cycle,bounded,19,19,2,7,7,1.0000,2.0000,1,39.388,22.973
7592,ladder,bounded,4,4,2,2,2,1.0000,3.0000,1,5.631,1.641
7593,grid,bounded,8,10,3,3,3,1.0000,4.0000,1,9.339,12.778
7594,regular,bounded,10,15,3,3,3,1.0000,3.0000,1,13.888,24.332
7595,balanced_tree,bounded,15,14,3,5,5,1.0000,3.0000,1,30.814,16.261
7596,lollipop,bounded,6,8,4,2,2,1.0000,4.0000,1,15.867,3.527
7597,clique,rigid,8,28,7,1,1,1.0000,1.0000,1,22.796,3.845
7598,star,rigid,3,2,2,1,1,1.0000,1.0000,1,9.721,2.789
7599,complete_bipartite,rigid,17,66,11,6,6,1.0000,1.0000,1,73.545,2.486
7600,crown,rigid,4,2,1,2,2,1.0000,1.0000,1,5.785,1.727
7601,double_star,rigid,16,15,11,5,5,1.0000,1.0000,1,16.586,1.813
7602,erdos_renyi,random,9,3,1,6,6,1.0000,1.0000,1,13.937,1.453
7603,barabasi_albert,random,34,33,10,15,15,1.0000,10.0000,1,99.649,2.778
7604,random_tree,random,38,37,4,15,15,1.0000,4.0000,1,97.799,2.273
7605,path,bounded,18,17,2,6,6,1.0000,2.0000,1,21.213,15.463
7606,cycle,bounded,5,5,2,2,2,1.0000,2.0000,1,7.664,17.448
7607,ladder,bounded,26,37,3,7,7,1.0000,3.0000,1,58.329,17.628
7608,grid,bounded,15,22,4,4,4,1.0000,4.0000,1,47.477,15.327
7609,regular,bounded,24,60,5,5,5,1.0000,5.0000,1,54.017,69.390
7610,balanced_tree,bounded,13,12,4,3,3,1.0000,4.0000,1,33.157,2.906
7611,lollipop,bounded,17,37,8,4,4,1.0000,8.0000,1,46.098,15.681
7612,clique,rigid,12,66,11,1,1,1.0000,1.0000,1,25.498,3.881
7613,star,rigid,19,18,18,1,1,1.0000,1.0000,1,35.991,1.783
7614,complete_bipartite,rigid,19,88,11,8,8,1.0000,1.0000,1,75.387,4.065
7615,crown,rigid,8,12,3,2,2,1.0000,1.0000,1,14.615,18.192
7616,double_star,rigid,9,8,7,2,2,1.0000,1.0000,1,18.010,2.343
7617,erdos_renyi,random,11,11,4,5,5,1.0000,4.0000,1,17.715,16.336
7618,barabasi_albert,random,20,36,8,5,5,1.0000,8.0000,1,58.292,19.207
7619,random_tree,random,15,14,3,6,6,1.0000,3.0000,1,30.382,2.803
7620,path,bounded,19,18,2,7,7,1.0000,2.0000,1,29.206,28.114
7621,cycle,bounded,40,40,2,14,14,1.0000,2.0000,1,81.652,29.344
7622,ladder,bounded,24,34,3,7,7,1.0000,3.0000,1,66.319,17.803
7623,grid,bounded,6,7,3,2,2,1.0000,4.0000,1,7.939,16.601
7624,regular,bounded,4,4,2,2,2,1.0000,2.0000,1,8.046,1.702
7625,balanced_tree,bounded,13,12,4,3,3,1.0000,4.0000,1,20.489,1.600
7626,lollipop,bounded,12,26,7,3,3,1.0000,7.0000,1,22.756,22.190
7627,clique,rigid,6,15,5,1,1,1.0000,1.0000,1,15.593,2.445
7628,star,rigid,17,16,16,1,1,1.0000,1.0000,1,36.135,2.792
7629,complete_bipartite,rigid,20,96,12,8,8,1.0000,1.0000,1,86.357,2.893
7630,crown,rigid,8,12,3,2,2,1.0000,1.0000,1,8.935,17.061
7631,double_star,rigid,9,8,6,3,3,1.0000,1.0000,1,10.458,1.625
7632,erdos_renyi,random,15,34,7,3,3,1.0000,7.0000,1,36.830,19.547
7633,barabasi_albert,random,30,29,9,13,13,1.0000,9.0000,1,59.222,2.286
7634,random_tree,random,7,6,3,3,3,1.0000,3.0000,1,9.827,1.920
7635,path,bounded,13,12,2,5,5,1.0000,2.0000,1,27.142,25.343
7636,cycle,bounded,35,35,2,12,12,1.0000,2.0000,1,72.730,17.596
7637,ladder,bounded,34,49,3,9,9,1.0000,3.0000,1,100.230,16.537
7638,grid,bounded,12,17,4,4,4,1.0000,4.0000,1,30.976,17.938
7639,regular,bounded,30,45,3,8,8,1.0000,3.0000,1,84.620,44.956
7640,balanced_tree,bounded,13,12,4,3,3,1.0000,4.0000,1,17.923,1.718
7641,lollipop,bounded,15,20,5,4,4,1.0000,5.0000,1,17.375,16.147
7642,clique,rigid,4,6,3,1,1,1.0000,1.0000,1,5.124,1.408
7643,star,rigid,2,1,1,1,1,1.0000,1.0000,1,4.178,2.747
7644,complete_bipartite,rigid,13,40,8,5,5,1.0000,1.0000,1,43.147,2.023
7645,crown,rigid,12,30,5,2,2,1.0000,1.0000,1,14.905,23.503
7646,double_star,rigid,9,8,7,2,2,1.0000,1.0000,1,20.827,2.350
7647,erdos_renyi,random,32,30,4,14,14,1.0000,4.0000,1,78.187,29.222
7648,barabasi_albert,random,30,29,12,14,14,1.0000,12.0000,1,97.845,4.228
7649,random_tree,random,9,8,6,3,3,1.0000,6.0000,1,18.952,2.306
7650,path,bounded,33,32,2,11,11,1.0000,2.0000,1,122.393,24.990
7651,cycle,bounded,33,33,2,11,11,1.0000,2.0000,1,99.859,20.484
7652,ladder,bounded,24,34,3,7,7,1.0000,3.0000,1,60.674,16.346
7653,grid,bounded,24,38,4,7,7,1.0000,4.0000,1,46.562,20.807
7654,regular,bounded,29,29,2,10,10,1.0000,2.0000,1,56.973,23.575
7655,balanced_tree,bounded,13,12,4,3,3,1.0000,4.0000,1,32.171,1.850
7656,lollipop,bounded,12,17,5,3,3,1.0000,5.0000,1,14.919,28.806
7657,clique,rigid,2,1,1,1,1,1.0000,1.0000,1,5.995,3.743
7658,star,rigid,27,26,26,1,1,1.0000,1.0000,1,50.577,2.573
7659,complete_bipartite,rigid,21,110,11,10,10,1.0000,1.0000,1,82.692,6.701
7660,crown,rigid,4,2,1,2,2,1.0000,1.0000,1,10.114,1.488
7661,double_star,rigid,22,21,13,9,9,1.0000,1.0000,1,58.868,5.831
7662,erdos_renyi,random,13,5,2,9,9,1.0000,2.0000,1,58.274,2.629
7663,barabasi_albert,random,32,31,7,14,14,1.0000,7.0000,1,106.479,2.557
7664,random_tree,random,11,10,3,4,4,1.0000,3.0000,1,18.347,3.142
7665,path,bounded,26,25,2,9,9,1.0000,2.0000,1,56.380,21.807
7666,cycle,bounded,28,28,2,10,10,1.0000,2.0000,1,58.847,16.333
7667,ladder,bounded,18,25,3,5,5,1.0000,3.0000,1,27.604,13.619
7668,grid,bounded,36,60,4,10,10,1.0000,4.0000,1,136.169,115.364
7669,regular,bounded,9,9,2,3,3,1.0000,2.0000,1,21.958,28.962
7670,balanced_tree,bounded,13,12,4,3,3,1.0000,4.0000,1,25.175,3.531
7671,lollipop,bounded,9,11,4,3,3,1.0000,4.0000,1,23.906,48.136
7672,clique,rigid,9,36,8,1,1,1.0000,1.0000,1,35.184,3.914
7673,star,rigid,20,19,19,1,1,1.0000,1.0000,1,25.336,1.682
7674,complete_bipartite,rigid,9,8,8,1,1,1.0000,1.0000,1,13.872,3.039
7675,crown,rigid,4,2,1,2,2,1.0000,1.0000,1,10.361,2.944
7676,double_star,rigid,6,5,4,2,2,1.0000,1.0000,1,15.708,4.654
7677,erdos_renyi,random,9,12,4,3,3,1.0000,4.0000,1,18.097,17.140
7678,barabasi_albert,random,28,52,13,8,8,1.0000,13.0000,1,84.714,26.878
7679,random_tree,random,8,7,3,3,3,1.0000,3.0000,1,16.618,1.793
7680,path,bounded,25,24,2,9,9,1.0000,2.0000,1,34.234,29.632
7681,cycle,bounded,6,6,2,2,2,1.0000,2.0000,1,11.648,15.712
7682,ladder,bounded,16,22,3,5,5,1.0000,3.0000,1,31.393,20.719
7683,grid,bounded,10,13,3,3,3,1.0000,4.0000,1,13.292,12.880
7684,regular,bounded,26,39,3,8,7,1.1429,3.0000,1,94.480,74.808
7685,balanced_tree,bounded,15,14,3,5,5,1.0000,3.0000,1,47.605,33.499
7686,lollipop,bounded,9,9,3,3,3,1.0000,3.0000,1,22.958,23.957
7687,clique,rigid,7,21,6,1,1,1.0000,1.0000,1,21.493,6.102
7688,star,rigid,2,1,1,1,1,1.0000,1.0000,1,3.871,1.799
7689,complete_bipartite,rigid,18,81,9,9,9,1.0000,1.0000,1,91.877,5.757
7690,crown,rigid,12,30,5,2,2,1.0000,1.0000,1,32.744,24.123
7691,double_star,rigid,15,14,9,6,6,1.0000,1.0000,1,37.422,3.336
7692,erdos_renyi,random,22,32,5,8,8,1.0000,5.0000,1,79.707,29.094
7693,barabasi_albert,random,15,26,7,4,4,1.0000,7.0000,1,25.984,21.559
7694,random_tree,random,8,7,3,3,3,1.0000,3.0000,1,14.981,3.406
7695,path,bounded,13,12,2,5,5,1.0000,2.0000,1,32.889,28.994
7696,cycle,bounded,27,27,2,9,9,1.0000,2.0000,1,54.942,14.917
7697,ladder,bounded,34,49,3,9,9,1.0000,3.0000,1,130.190,13.659
7698,grid,bounded,18,27,4,6,6,1.0000,4.0000,1,34.052,49.894
7699,regular,bounded,14,21,3,4,4,1.0000,3.0000,1,48.896,29.478
7700,balanced_tree,bounded,13,12,4,3,3,1.0000,4.0000,1,30.870,3.440
7701,lollipop,bounded,20,40,8,5,5,1.0000,8.0000,1,43.997,27.499
7702,clique,rigid,9,36,8,1,1,1.0000,1.0000,1,13.908,2.031
7703,star,rigid,30,29,29,1,1,1.0000,1.0000,1,24.014,1.646
7704,complete_bipartite,rigid,14,33,11,3,3,1.0000,1.0000,1,23.115,1.859
7705,crown,rigid,6,6,2,2,2,1.0000,1.0000,1,7.138,15.108
7706,double_star,rigid,17,16,11,6,6,1.0000,1.0000,1,18.193,1.574
7707,erdos_renyi,random,20,32,5,6,6,1.0000,5.0000,1,30.460,13.764
7708,barabasi_albert,random,34,64,21,11,11,1.0000,21.0000,1,113.302,20.605
7709,random_tree,random,2,1,1,1,1,1.0000,1.0000,1,6.117,1.597
7710,path,bounded,37,36,2,13,13,1.0000,2.0000,1,93.657,20.664
7711,cycle,bounded,3,3,2,1,1,1.0000,2.0000,1,4.672,3.574
7712,ladder,bounded,14,19,3,4,4,1.0000,3.0000,1,23.402,23.589
7713,grid,bounded,25,40,4,7,7,1.0000,4.0000,1,71.461,31.137
7714,regular,bounded,24,36,3,7,7,1.0000,3.0000,1,62.009,49.767
7715,balanced_tree,bounded,15,14,3,5,5,1.0000,3.0000,1,20.360,20.814
7716,lollipop,bounded,15,20,5,4,4,1.0000,5.0000,1,39.621,28.353
7717,clique,rigid,14,91,13,1,1,1.0000,1.0000,1,75.430,4.284
7718,star,rigid,28,27,27,1,1,1.0000,1.0000,1,35.161,3.814
7719,complete_bipartite,rigid,13,12,12,1,1,1.0000,1.0000,1,15.662,3.333
7720,crown,rigid,12,30,5,2,2,1.0000,1.0000,1,22.952,27.073
7721,double_star,rigid,8,7,6,2,2,1.0000,1.0000,1,24.202,4.355
7722,erdos_renyi,random,25,94,12,4,4,1.0000,12.0000,1,143.815,11.484
7723,barabasi_albert,random,29,28,9,11,11,1.0000,9.0000,1,47.659,2.270
7724,random_tree,random,39,38,4,14,14,1.0000,4.0000,1,71.496,16.172
7725,path,bounded,23,22,2,8,8,1.0000,2.0000,1,32.327,16.519
7726,cycle,bounded,15,15,2,5,5,1.0000,2.0000,1,17.602,32.041
7727,ladder,bounded,6,7,3,2,2,1.0000,3.0000,1,14.347,14.177
7728,grid,bounded,6,7,3,2,2,1.0000,4.0000,1,11.661,26.374
7729,regular,bounded,34,68,4,8,8,1.0000,4.0000,1,71.927,85.098
7730,balanced_tree,bounded,15,14,3,5,5,1.0000,3.0000,1,20.038,27.644
7731,lollipop,bounded,10,10,3,3,3,1.0000,3.0000,1,14.521,16.012
7732,clique,rigid,3,3,2,1,1,1.0000,1.0000,1,4.558,1.709
7733,star,rigid,27,26,26,1,1,1.0000,1.0000,1,23.776,1.836
7734,complete_bipartite,rigid,18,72,12,6,6,1.0000,1.0000,1,42.324,2.585
7735,crown,rigid,8,12,3,2,2,1.0000,1.0000,1,7.799,12.481
7736,double_star,rigid,21,20,13,8,8,1.0000,1.0000,1,37.714,2.519
7737,erdos_renyi,random,33,180,16,4,4,1.0000,16.0000,1,263.080,96.777
7738,barabasi_albert,random,32,60,14,10,10,1.0000,14.0000,1,100.029,49.472
7739,random_tree,random,7,6,3,3,3,1.0000,3.0000,1,12.245,1.648
7740,path,bounded,17,16,2,6,6,1.0000,2.0000,1,28.610,18.862
7741,cycle,bounded,32,32,2,11,11,1.0000,2.0000,1,110.175,16.597
7742,ladder,bounded,28,40,3,8,8,1.0000,3.0000,1,74.028,27.936
7743,grid,bounded,12,16,3,4,4,1.0000,4.0000,1,25.041,19.069
7744,regular,bounded,22,44,4,5,5,1.0000,4.0000,1,42.114,15.411
7745,balanced_tree,bounded,13,12,4,3,3,1.0000,4.0000,1,23.429,3.938
7746,lollipop,bounded,15,24,6,4,4,1.0000,6.0000,1,28.619,14.793
7747,clique,rigid,10,45,9,1,1,1.0000,1.0000,1,19.762,4.061
7748,star,rigid,4,3,3,1,1,1.0000,1.0000,1,8.074,1.847
7749,complete_bipartite,rigid,18,77,11,7,7,1.0000,1.0000,1,67.789,3.078
7750,crown,rigid,6,6,2,2,2,1.0000,1.0000,1,7.957,26.047
7751,double_star,rigid,9,8,7,2,2,1.0000,1.0000,1,20.134,4.326
7752,erdos_renyi,random,30,83,9,6,6,1.0000,9.0000,1,163.709,32.755
7753,barabasi_albert,random,15,14,8,6,6,1.0000,8.0000,1,32.581,3.740
7754,random_tree,random,26,25,5,8,8,1.0000,5.0000,1,43.856,37.833
7755,path,bounded,17,16,2,6,6,1.0000,2.0000,1,43.125,14.928
7756,cycle,bounded,4,4,2,2,2,1.0000,2.0000,1,5.607,1.969
7757,ladder,bounded,20,28,3,6,6,1.0000,3.0000,1,39.777,21.240
7758,grid,bounded,12,16,3,4,4,1.0000,4.0000,1,29.958,14.093
7759,regular,bounded,8,8,2,3,3,1.0000,2.0000,1,15.564,28.778
7760,balanced_tree,bounded,15,14,3,5,5,1.0000,3.0000,1,21.331,16.444
7761,lollipop,bounded,16,30,7,4,4,1.0000,7.0000,1,21.764,14.909
7762,clique,rigid,6,15,5,1,1,1.0000,1.0000,1,18.371,3.687
7763,star,rigid,14,13,13,1,1,1.0000,1.0000,1,26.665,3.232
7764,complete_bipartite,rigid,12,35,7,5,5,1.0000,1.0000,1,48.641,4.112
7765,crown,rigid,10,20,4,2,2,1.0000,1.0000,1,20.775,21.957
7766,double_star,rigid,8,7,4,4,4,1.0000,1.0000,1,21.892,2.195
7767,erdos_renyi,random,30,130,12,5,5,1.0000,12.0000,1,151.230,142.645
7768,barabasi_albert,random,23,22,6,11,11,1.0000,6.0000,1,56.238,2.063
7769,random_tree,random,40,39,4,15,15,1.0000,4.0000,1,123.709,17.240
7770,path,bounded,4,3,2,2,2,1.0000,2.0000,1,7.061,1.605
7771,cycle,bounded,10,10,2,4,4,1.0000,2.0000,1,10.403,23.336
7772,ladder,bounded,12,16,3,4,4,1.0000,3.0000,1,26.854,20.492
7773,grid,bounded,20,31,4,6,6,1.0000,4.0000,1,51.725,24.095
7774,regular,bounded,11,22,4,3,3,1.0000,4.0000,1,40.106,20.326
7775,balanced_tree,bounded,15,14,3,5,5,1.0000,3.0000,1,37.342,43.216
7776,lollipop,bounded,10,24,7,2,2,1.0000,7.0000,1,28.645,3.679
7777,clique,rigid,14,91,13,1,1,1.0000,1.0000,1,49.912,2.368
7778,star,rigid,20,19,19,1,1,1.0000,1.0000,1,17.053,2.562
7779,complete_bipartite,rigid,21,108,12,9,9,1.0000,1.0000,1,145.158,11.613
7780,crown,rigid,6,6,2,2,2,1.0000,1.0000,1,21.835,40.158
7781,double_star,rigid,5,4,3,2,2,1.0000,1.0000,1,15.262,2.069
7782,erdos_renyi,random,21,46,9,4,4,1.0000,9.0000,1,51.318,22.593
7783,barabasi_albert,random,16,28,8,5,5,1.0000,8.0000,1,24.895,32.855
7784,random_tree,random,21,20,4,8,8,1.0000,4.0000,1,51.175,24.272
7785,path,bounded,25,24,2,9,9,1.0000,2.0000,1,65.355,23.660
7786,cycle,bounded,23,23,2,8,8,1.0000,2.0000,1,35.845,26.944
7787,ladder,bounded,24,34,3,7,7,1.0000,3.0000,1,79.645,18.085
7788,grid,bounded,18,27,4,6,6,1.0000,4.0000,1,36.887,25.272
7789,regular,bounded,30,75,5,7,6,1.1667,5.0000,1,141.112,36.830
7790,balanced_tree,bounded,15,14,3,5,5,1.0000,3.0000,1,43.633,17.742
7791,lollipop,bounded,15,35,8,3,3,1.0000,8.0000,1,20.459,30.184
7792,clique,rigid,12,66,11,1,1,1.0000,1.0000,1,32.961,2.125
7793,star,rigid,18,17,17,1,1,1.0000,1.0000,1,17.050,3.601
7794,complete_bipartite,rigid,12,32,8,4,4,1.0000,1.0000,1,40.348,5.410
7795,crown,rigid,8,12,3,2,2,1.0000,1.0000,1,17.431,21.710
7796,double_star,rigid,11,10,8,3,3,1.0000,1.0000,1,29.425,3.445
7797,erdos_renyi,random,29,130,13,4,4,1.0000,13.0000,1,221.155,69.546
7798,barabasi_albert,random,13,12,7,4,4,1.0000,7.0000,1,16.729,1.638
7799,random_tree,random,15,14,4,4,4,1.0000,4.0000,1,17.218,14.942
7800,path,bounded,28,27,2,10,10,1.0000,2.0000,1,60.436,14.875
7801,cycle,bounded,18,18,2,6,6,1.0000,2.0000,1,32.905,24.847
7802,ladder,bounded,14,19,3,4,4,1.0000,3.0000,1,34.692,21.159
7803,grid,bounded,8,10,3,3,3,1.0000,4.0000,1,18.469,28.401
7804,regular,bounded,14,35,5,3,3,1.0000,5.0000,1,32.677,11.308
7805,balanced_tree,bounded,13,12,4,3,3,1.0000,4.0000,1,15.444,1.523
7806,lollipop,bounded,16,25,6,4,4,1.0000,6.0000,1,31.561,29.862
7807,clique,rigid,6,15,5,1,1,1.0000,1.0000,1,15.474,4.057
7808,star,rigid,20,19,19,1,1,1.0000,1.0000,1,37.466,3.614
7809,complete_bipartite,rigid,8,15,5,3,3,1.0000,1.0000,1,20.683,2.181
7810,crown,rigid,12,30,5,2,2,1.0000,1.0000,1,19.880,25.759
7811,double_star,rigid,14,13,9,5,5,1.0000,1.0000,1,33.970,3.839
7812,erdos_renyi,random,13,23,5,4,4,1.0000,5.0000,1,56.296,20.640
7813,barabasi_albert,random,20,36,10,5,5,1.0000,10.0000,1,55.212,12.844
7814,random_tree,random,5,4,3,2,2,1.0000,3.0000,1,7.200,1.366
7815,path,bounded,26,25,2,9,9,1.0000,2.0000,1,36.318,15.008
7816,cycle,bounded,6,6,2,2,2,1.0000,2.0000,1,8.586,22.375
7817,ladder,bounded,16,22,3,5,5,1.0000,3.0000,1,35.874,30.522
7818,grid,bounded,12,17,4,4,4,1.0000,4.0000,1,33.854,21.814
7819,regular,bounded,34,85,5,7,7,1.0000,5.0000,1,133.860,119.009
7820,balanced_tree,bounded,13,12,4,3,3,1.0000,4.0000,1,17.881,2.730
7821,lollipop,bounded,14,16,4,4,4,1.0000,4.0000,1,17.274,15.400
7822,clique,rigid,5,10,4,1,1,1.0000,1.0000,1,7.640,4.570
7823,star,rigid,11,10,10,1,1,1.0000,1.0000,1,19.678,2.010
7824,complete_bipartite,rigid,15,56,8,7,7,1.0000,1.0000,1,41.451,3.620
7825,crown,rigid,4,2,1,2,2,1.0000,1.0000,1,6.735,1.393
7826,double_star,rigid,14,13,7,7,7,1.0000,1.0000,1,13.657,1.453
7827,erdos_renyi,random,23,64,13,4,4,1.0000,13.0000,1,106.471,14.063
7828,barabasi_albert,random,22,40,9,7,7,1.0000,9.0000,1,66.550,38.608
7829,random_tree,random,5,4,3,2,2,1.0000,3.0000,1,6.391,1.390
7830,path,bounded,24,23,2,8,8,1.0000,2.0000,1,39.762,22.142
7831,cycle,bounded,6,6,2,2,2,1.0000,2.0000,1,8.922,16.046
7832,ladder,bounded,32,46,3,9,9,1.0000,3.0000,1,66.779,28.629
7833,grid,bounded,12,16,3,4,4,1.0000,4.0000,1,38.900,31.217
7834,regular,bounded,30,30,2,11,11,1.0000,2.0000,1,93.101,18.928
7835,balanced_tree,bounded,15,14,3,5,5,1.0000,3.0000,1,39.061,26.973
7836,lollipop,bounded,7,12,5,2,2,1.0000,5.0000,1,17.022,2.634
7837,clique,rigid,9,36,8,1,1,1.0000,1.0000,1,25.271,4.204
7838,star,rigid,11,10,10,1,1,1.0000,1.0000,1,24.964,3.415
7839,complete_bipartite,rigid,17,66,11,6,6,1.0000,1.0000,1,88.047,2.503
7840,crown,rigid,12,30,5,2,2,1.0000,1.0000,1,14.078,11.230
7841,double_star,rigid,16,15,9,7,7,1.0000,1.0000,1,37.754,1.890
7842,erdos_renyi,random,21,24,4,8,8,1.0000,4.0000,1,27.989,16.687
7843,barabasi_albert,random,21,20,8,9,9,1.0000,8.0000,1,44.965,1.698
7844,random_tree,random,25,24,4,10,10,1.0000,4.0000,1,59.599,3.644
7845,path,bounded,16,15,2,6,6,1.0000,2.0000,1,22.890,15.788
7846,cycle,bounded,21,21,2,7,7,1.0000,2.0000,1,26.601,14.606
7847,ladder,bounded,12,16,3,4,4,1.0000,3.0000,1,34.366,26.769
7848,grid,bounded,9,12,4,3,3,1.0000,4.0000,1,12.468,14.167
7849,regular,bounded,22,44,4,5,5,1.0000,4.0000,1,77.710,24.833
7850,balanced_tree,bounded,15,14,3,5,5,1.0000,3.0000,1,18.726,18.458
7851,lollipop,bounded,19,33,7,5,5,1.0000,7.0000,1,34.093,30.884
7852,clique,rigid,2,1,1,1,1,1.0000,1.0000,1,8.339,2.041
7853,star,rigid,27,26,26,1,1,1.0000,1.0000,1,35.849,3.861
7854,complete_bipartite,rigid,13,40,8,5,5,1.0000,1.0000,1,36.714,2.145
7855,crown,rigid,8,12,3,2,2,1.0000,1.0000,1,8.153,13.877
7856,double_star,rigid,9,8,5,4,4,1.0000,1.0000,1,9.367,1.417
7857,erdos_renyi,random,9,10,4,4,4,1.0000,4.0000,1,10.592,22.263
7858,barabasi_albert,random,10,9,5,5,5,1.0000,5.0000,1,25.247,2.943
7859,random_tree,random,40,39,5,16,16,1.0000,5.0000,1,144.749,3.087
7860,path,bounded,30,29,2,10,10,1.0000,2.0000,1,76.531,25.949
7861,cycle,bounded,29,29,2,10,10,1.0000,2.0000,1,88.786,28.973
7862,ladder,bounded,26,37,3,7,7,1.0000,3.0000,1,85.749,30.086
7863,grid,bounded,9,12,4,3,3,1.0000,4.0000,1,20.028,24.425
7864,regular,bounded,4,4,2,2,2,1.0000,2.0000,1,14.116,4.029
7865,balanced_tree,bounded,13,12,4,3,3,1.0000,4.0000,1,30.805,4.063
7866,lollipop,bounded,19,33,7,5,5,1.0000,7.0000,1,40.302,31.711
7867,clique,rigid,12,66,11,1,1,1.0000,1.0000,1,29.580,5.597
7868,star,rigid,25,24,24,1,1,1.0000,1.0000,1,34.626,1.889
7869,complete_bipartite,rigid,8,12,6,2,2,1.0000,1.0000,1,10.604,1.650
7870,crown,rigid,4,2,1,2,2,1.0000,1.0000,1,14.166,1.819
7871,double_star,rigid,15,14,8,7,7,1.0000,1.0000,1,18.956,1.474
7872,erdos_renyi,random,15,50,11,3,3,1.0000,11.0000,1,52.356,15.488
7873,barabasi_albert,random,29,28,8,12,12,1.0000,8.0000,1,63.526,3.246
7874,random_tree,random,18,17,5,7,7,1.0000,5.0000,1,52.328,3.013
7875,path,bounded,23,22,2,8,8,1.0000,2.0000,1,43.150,15.871
7876,cycle,bounded,36,36,2,12,12,1.0000,2.0000,1,65.748,21.590
7877,ladder,bounded,8,10,3,3,3,1.0000,3.0000,1,15.575,18.852
7878,grid,bounded,36,60,4,10,10,1.0000,4.0000,1,154.264,101.124
7879,regular,bounded,12,24,4,3,3,1.0000,4.0000,1,23.419,12.626
7880,balanced_tree,bounded,13,12,4,3,3,1.0000,4.0000,1,16.854,1.644
7881,lollipop,bounded,14,23,6,4,4,1.0000,6.0000,1,16.599,16.716
7882,clique,rigid,2,1,1,1,1,1.0000,1.0000,1,8.231,3.748
7883,star,rigid,7,6,6,1,1,1.0000,1.0000,1,11.802,2.038
7884,complete_bipartite,rigid,20,99,11,9,9,1.0000,1.0000,1,58.642,3.473
7885,crown,rigid,12,30,5,2,2,1.0000,1.0000,1,13.935,20.448
7886,double_star,rigid,18,17,12,6,6,1.0000,1.0000,1,38.708,2.082
7887,erdos_renyi,random,21,46,7,5,5,1.0000,7.0000,1,43.006,20.983
7888,barabasi_albert,random,20,36,7,5,5,1.0000,7.0000,1,55.220,25.160
7889,random_tree,random,38,37,5,13,13,1.0000,5.0000,1,112.997,21.215
7890,path,bounded,17,16,2,6,6,1.0000,2.0000,1,34.659,16.779
7891,cycle,bounded,16,16,2,6,6,1.0000,2.0000,1,21.975,14.379
7892,ladder,bounded,18,25,3,5,5,1.0000,3.0000,1,44.318,23.057
7893,grid,bounded,24,38,4,7,7,1.0000,4.0000,1,68.876,54.759
7894,regular,bounded,20,50,5,4,4,1.0000,5.0000,1,56.122,20.641
7895,balanced_tree,bounded,15,14,3,5,5,1.0000,3.0000,1,28.710,27.835
7896,lollipop,bounded,8,13,5,2,2,1.0000,5.0000,1,17.585,4.044
7897,clique,rigid,1,0,0,1,1,1.0000,1.0000,1,2.171,2.871
7898,star,rigid,21,20,20,1,1,1.0000,1.0000,1,39.796,3.517
7899,complete_bipartite,rigid,12,35,7,5,5,1.0000,1.0000,1,38.855,3.206
7900,crown,rigid,8,12,3,2,2,1.0000,1.0000,1,11.304,22.881
7901,double_star,rigid,26,25,13,13,13,1.0000,1.0000,1,53.283,2.278
7902,erdos_renyi,random,22,36,7,6,6,1.0000,7.0000,1,53.198,23.329
7903,barabasi_albert,random,20,19,10,9,9,1.0000,10.0000,1,48.601,3.618
7904,random_tree,random,16,15,4,7,7,1.0000,4.0000,1,72.056,2.021
7905,path,bounded,2,1,1,1,1,1.0000,2.0000,1,5.463,2.511
7906,cycle,bounded,4,4,2,2,2,1.0000,2.0000,1,5.406,1.652
7907,ladder,bounded,30,43,3,8,8,1.0000,3.0000,1,69.320,25.447
7908,grid,bounded,15,22,4,4,4,1.0000,4.0000,1,43.979,27.719
7909,regular,bounded,7,14,4,2,2,1.0000,4.0000,1,18.911,22.831
7910,balanced_tree,bounded,15,14,3,5,5,1.0000,3.0000,1,36.391,32.195
7911,lollipop,bounded,8,10,4,2,2,1.0000,4.0000,1,19.543,2.253
7912,clique,rigid,10,45,9,1,1,1.0000,1.0000,1,23.735,3.846
7913,star,rigid,5,4,4,1,1,1.0000,1.0000,1,9.995,3.221
7914,complete_bipartite,rigid,7,12,4,3,3,1.0000,1.0000,1,25.665,3.034
7915,crown,rigid,8,12,3,2,2,1.0000,1.0000,1,21.299,44.744
7916,double_star,rigid,10,9,6,4,4,1.0000,1.0000,1,20.122,2.581
7917,erdos_renyi,random,25,41,8,9,9,1.0000,8.0000,1,68.045,22.339
7918,barabasi_albert,random,11,18,8,3,3,1.0000,8.0000,1,15.914,14.806
7919,random_tree,random,20,19,4,8,8,1.0000,4.0000,1,46.185,25.607
7920,path,bounded,18,17,2,6,6,1.0000,2.0000,1,46.751,19.573
7921,cycle,bounded,27,27,2,9,9,1.0000,2.0000,1,58.555,18.348
7922,ladder,bounded,30,43,3,8,8,1.0000,3.0000,1,124.970,25.924
7923,grid,bounded,8,10,3,3,3,1.0000,4.0000,1,19.711,19.747
7924,regular,bounded,32,48,3,9,9,1.0000,3.0000,1,71.233,77.239
7925,balanced_tree,bounded,13,12,4,3,3,1.0000,4.0000,1,22.680,1.881
7926,lollipop,bounded,6,11,5,1,1,1.0000,5.0000,1,9.061,14.888
7927,clique,rigid,6,15,5,1,1,1.0000,1.0000,1,9.797,1.638
7928,star,rigid,18,17,17,1,1,1.0000,1.0000,1,34.468,3.315
7929,complete_bipartite,rigid,14,40,10,4,4,1.0000,1.0000,1,53.226,3.656
7930,crown,rigid,10,20,4,2,2,1.0000,1.0000,1,18.845,15.819
7931,double_star,rigid,19,18,11,8,8,1.0000,1.0000,1,43.699,3.030
7932,erdos_renyi,random,32,130,14,5,5,1.0000,14.0000,1,217.566,141.689
7933,barabasi_albert,random,12,20,6,3,3,1.0000,6.0000,1,25.629,16.666
7934,random_tree,random,8,7,2,3,3,1.0000,2.0000,1,11.181,16.367
7935,path,bounded,33,32,2,11,11,1.0000,2.0000,1,103.461,27.156
7936,cycle,bounded,11,11,2,4,4,1.0000,2.0000,1,29.556,27.835
7937,ladder,bounded,22,31,3,6,6,1.0000,3.0000,1,60.581,15.428
7938,grid,bounded,10,13,3,3,3,1.0000,4.0000,1,22.523,25.864
7939,regular,bounded,24,36,3,7,7,1.0000,3.0000,1,82.592,49.610
7940,balanced_tree,bounded,13,12,4,3,3,1.0000,4.0000,1,38.943,2.324
7941,lollipop,bounded,18,38,8,4,4,1.0000,8.0000,1,41.296,27.713
7942,clique,rigid,2,1,1,1,1,1.0000,1.0000,1,11.582,3.022
7943,star,rigid,11,10,10,1,1,1.0000,1.0000,1,21.603,1.882
7944,complete_bipartite,rigid,9,18,6,3,3,1.0000,1.0000,1,16.912,2.055
7945,crown,rigid,10,20,4,2,2,1.0000,1.0000,1,14.538,14.328
7946,double_star,rigid,10,9,7,3,3,1.0000,1.0000,1,21.017,2.291
7947,erdos_renyi,random,20,65,10,4,4,1.0000,10.0000,1,88.172,45.877
7948,barabasi_albert,random,27,26,9,12,12,1.0000,9.0000,1,74.712,2.514
7949,random_tree,random,38,37,6,14,14,1.0000,6.0000,1,111.408,28.894
7950,path,bounded,14,13,2,5,5,1.0000,2.0000,1,35.279,19.307
7951,cycle,bounded,25,25,2,9,9,1.0000,2.0000,1,98.626,28.379
7952,ladder,bounded,6,7,3,2,2,1.0000,3.0000,1,15.140,27.494
7953,grid,bounded,10,13,3,3,3,1.0000,4.0000,1,23.651,25.987
7954,regular,bounded,3,3,2,1,1,1.0000,2.0000,1,7.227,1.933
7955,balanced_tree,bounded,15,14,3,5,5,1.0000,3.0000,1,28.203,38.843
7956,lollipop,bounded,8,22,7,1,1,1.0000,7.0000,1,25.248,26.399
7957,clique,rigid,5,10,4,1,1,1.0000,1.0000,1,15.068,4.918
7958,star,rigid,3,2,2,1,1,1.0000,1.0000,1,16.846,3.951
7959,complete_bipartite,rigid,16,63,9,7,7,1.0000,1.0000,1,37.719,3.863
7960,crown,rigid,10,20,4,2,2,1.0000,1.0000,1,19.224,21.401
7961,double_star,rigid,11,10,6,5,5,1.0000,1.0000,1,25.864,2.273
7962,erdos_renyi,random,24,86,12,4,4,1.0000,12.0000,1,113.955,12.798
7963,barabasi_albert,random,18,32,11,5,5,1.0000,11.0000,1,40.593,21.063
7964,random_tree,random,6,5,3,3,3,1.0000,3.0000,1,8.233,1.471
7965,path,bounded,22,21,2,8,8,1.0000,2.0000,1,34.238,15.143
7966,cycle,bounded,34,34,2,12,12,1.0000,2.0000,1,95.979,17.559
7967,ladder,bounded,24,34,3,7,7,1.0000,3.0000,1,70.257,16.118
7968,grid,bounded,30,49,4,8,8,1.0000,4.0000,1,91.592,85.555
7969,regular,bounded,10,15,3,3,3,1.0000,3.0000,1,11.538,13.832
7970,balanced_tree,bounded,15,14,3,5,5,1.0000,3.0000,1,35.089,37.768
7971,lollipop,bounded,9,23,7,2,2,1.0000,7.0000,1,22.449,3.770
7972,clique,rigid,1,0,0,1,1,1.0000,1.0000,1,4.242,2.724
7973,star,rigid,11,10,10,1,1,1.0000,1.0000,1,17.226,1.967
7974,complete_bipartite,rigid,12,32,8,4,4,1.0000,1.0000,1,25.952,3.775
7975,crown,rigid,4,2,1,2,2,1.0000,1.0000,1,11.981,3.072
7976,double_star,rigid,15,14,11,4,4,1.0000,1.0000,1,33.292,2.275
7977,erdos_renyi,random,17,42,8,4,4,1.0000,8.0000,1,77.484,24.751
7978,barabasi_albert,random,26,48,12,8,8,1.0000,12.0000,1,79.855,27.371
7979,random_tree,random,11,10,5,5,5,1.0000,5.0000,1,20.919,3.987
7980,path,bounded,9,8,2,3,3,1.0000,2.0000,1,15.864,27.564
7981,cycle,bounded,11,11,2,4,4,1.0000,2.0000,1,29.659,25.859
7982,ladder,bounded,10,13,3,3,3,1.0000,3.0000,1,17.433,16.945
7983,grid,bounded,8,10,3,3,3,1.0000,4.0000,1,13.082,15.862
7984,regular,bounded,10,25,5,2,2,1.0000,5.0000,1,19.698,21.100
7985,balanced_tree,bounded,13,12,4,3,3,1.0000,4.0000,1,29.851,2.014
7986,lollipop,bounded,7,16,6,1,1,1.0000,6.0000,1,8.568,10.341
7987,clique,rigid,12,66,11,1,1,1.0000,1.0000,1,32.262,4.254
7988,star,rigid,7,6,6,1,1,1.0000,1.0000,1,11.351,1.750
7989,complete_bipartite,rigid,6,9,3,3,3,1.0000,1.0000,1,13.076,2.749
7990,crown,rigid,4,2,1,2,2,1.0000,1.0000,1,11.971,2.926
7991,double_star,rigid,6,5,3,3,3,1.0000,1.0000,1,12.006,2.242
7992,erdos_renyi,random,24,23,5,11,11,1.0000,5.0000,1,60.945,24.074
7993,barabasi_albert,random,10,16,7,3,3,1.0000,7.0000,1,26.284,32.848
7994,random_tree,random,18,17,3,7,7,1.0000,3.0000,1,48.859,3.274
7995,path,bounded,30,29,2,10,10,1.0000,2.0000,1,86.198,21.575
7996,cycle,bounded,28,28,2,10,10,1.0000,2.0000,1,46.566,17.030
7997,ladder,bounded,34,49,3,9,9,1.0000,3.0000,1,121.050,33.451
7998,grid,bounded,6,7,3,2,2,1.0000,4.0000,1,10.270,19.338
7999,regular,bounded,25,50,4,6,6,1.0000,4.0000,1,91.538,22.046
8000,balanced_tree,bounded,13,12,4,3,3,1.0000,4.0000,1,27.178,1.999
8001,lollipop,bounded,4,4,3,1,1,1.0000,3.0000,1,10.739,28.647
8002,clique,rigid,7,21,6,1,1,1.0000,1.0000,1,11.867,1.727
8003,star,rigid,19,18,18,1,1,1.0000,1.0000,1,18.147,2.160
8004,complete_bipartite,rigid,8,15,5,3,3,1.0000,1.0000,1,11.665,2.224
8005,crown,rigid,8,12,3,2,2,1.0000,1.0000,1,7.629,19.359
8006,double_star,rigid,15,14,11,4,4,1.0000,1.0000,1,30.046,3.297
8007,erdos_renyi,random,12,27,7,3,3,1.0000,7.0000,1,40.881,30.108
8008,barabasi_albert,random,17,16,11,6,6,1.0000,11.0000,1,21.137,1.760
8009,random_tree,random,24,23,5,9,9,1.0000,5.0000,1,56.022,24.408
8010,path,bounded,25,24,2,9,9,1.0000,2.0000,1,55.036,13.708
8011,cycle,bounded,16,16,2,6,6,1.0000,2.0000,1,34.039,24.724
8012,ladder,bounded,24,34,3,7,7,1.0000,3.0000,1,79.454,28.038
8013,grid,bounded,12,16,3,4,4,1.0000,4.0000,1,24.880,29.547
8014,regular,bounded,28,42,3,8,8,1.0000,3.0000,1,104.942,22.672
8015,balanced_tree,bounded,13,12,4,3,3,1.0000,4.0000,1,15.308,1.542
8016,lollipop,bounded,14,16,4,4,4,1.0000,4.0000,1,37.853,25.051
8017,clique,rigid,12,66,11,1,1,1.0000,1.0000,1,31.058,5.349
8018,star,rigid,2,1,1,1,1,1.0000,1.0000,1,4.037,2.868
8019,complete_bipartite,rigid,17,66,11,6,6,1.0000,1.0000,1,53.039,6.222
8020,crown,rigid,4,2,1,2,2,1.0000,1.0000,1,7.478,1.651
8021,double_star,rigid,18,17,9,9,9,1.0000,1.0000,1,39.097,2.712
8022,erdos_renyi,random,11,8,3,5,5,1.0000,3.0000,1,26.657,21.818
8023,barabasi_albert,random,32,31,9,13,13,1.0000,9.0000,1,70.492,2.175
8024,random_tree,random,30,29,3,11,11,1.0000,3.0000,1,64.418,38.080
8025,path,bounded,32,31,2,11,11,1.0000,2.0000,1,81.011,30.936
8026,cycle,bounded,6,6,2,2,2,1.0000,2.0000,1,12.867,19.486
8027,ladder,bounded,18,25,3,5,5,1.0000,3.0000,1,30.568,16.353
8028,grid,bounded,8,10,3,3,3,1.0000,4.0000,1,25.204,34.965
8029,regular,bounded,25,25,2,9,9,1.0000,2.0000,1,57.945,23.583
8030,balanced_tree,bounded,15,14,3,5,5,1.0000,3.0000,1,33.890,31.853
8031,lollipop,bounded,10,10,3,3,3,1.0000,3.0000,1,21.322,27.942
8032,clique,rigid,8,28,7,1,1,1.0000,1.0000,1,12.738,3.301
8033,star,rigid,19,18,18,1,1,1.0000,1.0000,1,36.711,3.785
8034,complete_bipartite,rigid,17,66,11,6,6,1.0000,1.0000,1,78.708,5.484
8035,crown,rigid,8,12,3,2,2,1.0000,1.0000,1,20.919,27.254
8036,double_star,rigid,10,9,5,5,5,1.0000,1.0000,1,20.423,3.689
8037,erdos_renyi,random,23,42,7,5,5,1.0000,7.0000,1,90.476,42.853
8038,barabasi_albert,random,19,34,12,5,5,1.0000,12.0000,1,36.757,16.871
8039,random_tree,random,2,1,1,1,1,1.0000,1.0000,1,4.103,1.480
8040,path,bounded,9,8,2,3,3,1.0000,2.0000,1,10.192,22.526
8041,cycle,bounded,40,40,2,14,14,1.0000,2.0000,1,101.494,18.485
8042,ladder,bounded,14,19,3,4,4,1.0000,3.0000,1,45.052,26.154
8043,grid,bounded,16,24,4,4,4,1.0000,4.0000,1,55.783,28.011
8044,regular,bounded,25,25,2,9,9,1.0000,2.0000,1,52.845,27.826
8045,balanced_tree,bounded,13,12,4,3,3,1.0000,4.0000,1,25.602,2.299
8046,lollipop,bounded,9,29,8,1,1,1.0000,8.0000,1,21.184,18.270
8047,clique,rigid,12,66,11,1,1,1.0000,1.0000,1,39.904,7.449
8048,star,rigid,3,2,2,1,1,1.0000,1.0000,1,9.497,2.465
8049,complete_bipartite,rigid,8,15,5,3,3,1.0000,1.0000,1,16.883,1.501
8050,crown,rigid,6,6,2,2,2,1.0000,1.0000,1,7.032,15.745
8051,double_star,rigid,23,22,13,10,10,1.0000,1.0000,1,63.827,2.501
8052,erdos_renyi,random,20,62,9,3,3,1.0000,9.0000,1,70.971,15.704
8053,barabasi_albert,random,24,23,5,10,10,1.0000,5.0000,1,61.994,3.095
8054,random_tree,random,22,21,3,8,8,1.0000,3.0000,1,54.713,29.352
8055,path,bounded,13,12,2,5,5,1.0000,2.0000,1,30.502,17.380
8056,cycle,bounded,12,12,2,4,4,1.0000,2.0000,1,26.137,25.904
8057,ladder,bounded,24,34,3,7,7,1.0000,3.0000,1,59.933,19.959
8058,grid,bounded,30,49,4,8,8,1.0000,4.0000,1,130.010,57.454
8059,regular,bounded,16,24,3,5,5,1.0000,3.0000,1,41.974,24.676
8060,balanced_tree,bounded,15,14,3,5,5,1.0000,3.0000,1,29.185,19.307
8061,lollipop,bounded,15,15,3,5,5,1.0000,3.0000,1,37.155,25.411
8062,clique,rigid,4,6,3,1,1,1.0000,1.0000,1,10.167,2.501
8063,star,rigid,7,6,6,1,1,1.0000,1.0000,1,13.613,2.038
8064,complete_bipartite,rigid,13,40,8,5,5,1.0000,1.0000,1,40.229,2.548
8065,crown,rigid,12,30,5,2,2,1.0000,1.0000,1,14.841,21.739
8066,double_star,rigid,6,5,3,3,3,1.0000,1.0000,1,12.919,3.460
8067,erdos_renyi,random,14,19,5,5,5,1.0000,5.0000,1,35.253,21.839
8068,barabasi_albert,random,17,16,8,8,8,1.0000,8.0000,1,53.999,4.125
8069,random_tree,random,6,5,2,2,2,1.0000,2.0000,1,11.418,2.140
8070,path,bounded,26,25,2,9,9,1.0000,2.0000,1,82.934,40.445
8071,cycle,bounded,35,35,2,12,12,1.0000,2.0000,1,105.352,31.830
8072,ladder,bounded,16,22,3,5,5,1.0000,3.0000,1,43.270,24.306
8073,grid,bounded,16,24,4,4,4,1.0000,4.0000,1,44.735,22.317
8074,regular,bounded,30,75,5,6,6,1.0000,5.0000,1,92.610,128.685
8075,balanced_tree,bounded,13,12,4,3,3,1.0000,4.0000,1,28.161,4.167
8076,lollipop,bounded,9,11,4,3,3,1.0000,4.0000,1,67.967,31.496
8077,clique,rigid,12,66,11,1,1,1.0000,1.0000,1,29.196,3.912
8078,star,rigid,30,29,29,1,1,1.0000,1.0000,1,39.328,4.499
8079,complete_bipartite,rigid,4,3,3,1,1,1.0000,1.0000,1,7.326,2.279
8080,crown,rigid,10,20,4,2,2,1.0000,1.0000,1,20.506,24.718
8081,double_star,rigid,15,14,8,7,7,1.0000,1.0000,1,32.919,1.994
8082,erdos_renyi,random,25,79,12,5,5,1.0000,12.0000,1,85.904,36.114
8083,barabasi_albert,random,34,33,11,15,15,1.0000,11.0000,1,101.151,6.257
8084,random_tree,random,7,6,3,3,3,1.0000,3.0000,1,15.968,2.565
8085,path,bounded,6,5,2,2,2,1.0000,2.0000,1,12.454,3.851
8086,cycle,bounded,27,27,2,9,9,1.0000,2.0000,1,58.989,17.609
8087,ladder,bounded,14,19,3,4,4,1.0000,3.0000,1,22.658,13.915
8088,grid,bounded,15,22,4,4,4,1.0000,4.0000,1,36.722,22.528
8089,regular,bounded,23,46,4,5,5,1.0000,4.0000,1,53.521,45.828
8090,balanced_tree,bounded,13,12,4,3,3,1.0000,4.0000,1,26.385,2.930
8091,lollipop,bounded,12,26,7,3,3,1.0000,7.0000,1,25.670,28.932
8092,clique,rigid,10,45,9,1,1,1.0000,1.0000,1,20.664,4.629
8093,star,rigid,25,24,24,1,1,1.0000,1.0000,1,43.599,3.600
8094,complete_bipartite,rigid,7,12,4,3,3,1.0000,1.0000,1,18.936,2.843
8095,crown,rigid,4,2,1,2,2,1.0000,1.0000,1,10.416,2.858
8096,double_star,rigid,15,14,8,7,7,1.0000,1.0000,1,33.317,4.165
8097,erdos_renyi,random,34,62,8,10,10,1.0000,8.0000,1,160.919,71.856
8098,barabasi_albert,random,25,24,7,9,9,1.0000,7.0000,1,51.737,3.240
8099,random_tree,random,32,31,5,10,10,1.0000,5.0000,1,103.299,30.739
8100,path,bounded,38,37,2,13,13,1.0000,2.0000,1,116.438,21.384
8101,cycle,bounded,3,3,2,1,1,1.0000,2.0000,1,7.120,2.412
8102,ladder,bounded,6,7,3,2,2,1.0000,3.0000,1,10.420,15.151
8103,grid,bounded,15,22,4,4,4,1.0000,4.0000,1,23.087,16.273
8104,regular,bounded,17,17,2,7,7,1.0000,2.0000,1,21.893,23.767
8105,balanced_tree,bounded,15,14,3,5,5,1.0000,3.0000,1,39.747,31.165
8106,lollipop,bounded,9,14,5,2,2,1.0000,5.0000,1,21.338,2.854
8107,clique,rigid,6,15,5,1,1,1.0000,1.0000,1,11.133,2.153
8108,star,rigid,30,29,29,1,1,1.0000,1.0000,1,24.872,1.840
8109,complete_bipartite,rigid,8,7,7,1,1,1.0000,1.0000,1,7.384,1.315
8110,crown,rigid,8,12,3,2,2,1.0000,1.0000,1,16.086,23.955
8111,double_star,rigid,4,3,2,2,2,1.0000,1.0000,1,11.024,2.675
8112,erdos_renyi,random,13,21,5,4,4,1.0000,5.0000,1,27.107,16.146
8113,barabasi_albert,random,23,22,9,10,10,1.0000,9.0000,1,31.994,1.778
8114,random_tree,random,24,23,4,9,9,1.0000,4.0000,1,33.666,1.736
8115,path,bounded,4,3,2,2,2,1.0000,2.0000,1,4.869,1.279
8116,cycle,bounded,25,25,2,9,9,1.0000,2.0000,1,49.153,31.303
8117,ladder,bounded,26,37,3,7,7,1.0000,3.0000,1,49.023,13.384
8118,grid,bounded,25,40,4,7,7,1.0000,4.0000,1,50.770,32.034
8119,regular,bounded,5,10,4,1,1,1.0000,4.0000,1,12.779,2.693
8120,balanced_tree,bounded,13,12,4,3,3,1.0000,4.0000,1,16.374,1.383
8121,lollipop,bounded,9,29,8,1,1,1.0000,8.0000,1,11.544,18.079
8122,clique,rigid,14,91,13,1,1,1.0000,1.0000,1,39.148,4.085
8123,star,rigid,8,7,7,1,1,1.0000,1.0000,1,21.929,2.337
8124,complete_bipartite,rigid,11,24,8,3,3,1.0000,1.0000,1,22.365,1.771
8125,crown,rigid,8,12,3,2,2,1.0000,1.0000,1,8.061,12.579
8126,double_star,rigid,10,9,6,4,4,1.0000,1.0000,1,15.047,3.415
8127,erdos_renyi,random,30,138,16,4,4,1.0000,16.0000,1,212.265,85.446
8128,barabasi_albert,random,16,28,9,4,4,1.0000,9.0000,1,24.609,12.079
8129,random_tree,random,39,38,4,14,14,1.0000,4.0000,1,128.185,32.020
8130,path,bounded,2,1,1,1,1,1.0000,2.0000,1,7.736,2.838
8131,cycle,bounded,6,6,2,2,2,1.0000,2.0000,1,12.317,30.125
8132,ladder,bounded,28,40,3,8,8,1.0000,3.0000,1,111.251,20.962
8133,grid,bounded,30,49,4,8,8,1.0000,4.0000,1,138.199,43.506
8134,regular,bounded,20,50,5,4,4,1.0000,5.0000,1,72.908,19.985
8135,balanced_tree,bounded,15,14,3,5,5,1.0000,3.0000,1,18.127,16.059
8136,lollipop,bounded,14,16,4,4,4,1.0000,4.0000,1,17.164,14.731
8137,clique,rigid,12,66,11,1,1,1.0000,1.0000,1,18.749,2.187
8138,star,rigid,23,22,22,1,1,1.0000,1.0000,1,21.962,3.448
8139,complete_bipartite,rigid,10,21,7,3,3,1.0000,1.0000,1,34.030,3.221
8140,crown,rigid,12,30,5,2,2,1.0000,1.0000,1,16.363,11.562
8141,double_star,rigid,6,5,4,2,2,1.0000,1.0000,1,8.487,1.884
8142,erdos_renyi,random,32,107,12,5,5,1.0000,12.0000,1,166.430,52.986
8143,barabasi_albert,random,18,17,7,8,8,1.0000,7.0000,1,24.392,3.542
8144,random_tree,random,15,14,4,6,6,1.0000,4.0000,1,33.724,2.008
8145,path,bounded,27,26,2,9,9,1.0000,2.0000,1,80.344,16.076
8146,cycle,bounded,37,37,2,13,13,1.0000,2.0000,1,75.983,32.326
8147,ladder,bounded,26,37,3,7,7,1.0000,3.0000,1,71.807,13.817
8148,grid,bounded,8,10,3,3,3,1.0000,4.0000,1,10.491,25.737
8149,regular,bounded,29,29,2,10,10,1.0000,2.0000,1,58.610,16.824
8150,balanced_tree,bounded,13,12,4,3,3,1.0000,4.0000,1,24.658,2.191
8151,lollipop,bounded,6,8,4,2,2,1.0000,4.0000,1,10.718,1.900
8152,clique,rigid,4,6,3,1,1,1.0000,1.0000,1,4.491,1.289
8153,star,rigid,4,3,3,1,1,1.0000,1.0000,1,4.608,1.110
8154,complete_bipartite,rigid,5,6,3,2,2,1.0000,1.0000,1,11.489,2.664
8155,crown,rigid,10,20,4,2,2,1.0000,1.0000,1,28.998,32.861
8156,double_star,rigid,15,14,11,4,4,1.0000,1.0000,1,17.428,2.446
8157,erdos_renyi,random,27,130,14,3,3,1.0000,14.0000,1,111.133,28.059
8158,barabasi_albert,random,18,17,5,6,6,1.0000,5.0000,1,22.092,2.745
8159,random_tree,random,7,6,4,2,2,1.0000,4.0000,1,8.248,1.423
8160,path,bounded,24,23,2,8,8,1.0000,2.0000,1,31.582,16.147
8161,cycle,bounded,39,39,2,13,13,1.0000,2.0000,1,74.789,15.897
8162,ladder,bounded,36,52,3,10,10,1.0000,3.0000,1,121.685,50.281
8163,grid,bounded,20,31,4,6,6,1.0000,4.0000,1,40.860,13.329
8164,regular,bounded,12,30,5,3,3,1.0000,5.0000,1,38.505,14.231
8165,balanced_tree,bounded,15,14,3,5,5,1.0000,3.0000,1,19.715,21.046
8166,lollipop,bounded,16,25,6,4,4,1.0000,6.0000,1,20.450,20.296
8167,clique,rigid,7,21,6,1,1,1.0000,1.0000,1,15.507,2.265
8168,star,rigid,30,29,29,1,1,1.0000,1.0000,1,25.604,1.810
8169,complete_bipartite,rigid,18,77,11,7,7,1.0000,1.0000,1,43.541,5.140
8170,crown,rigid,6,6,2,2,2,1.0000,1.0000,1,12.481,30.140
8171,double_star,rigid,23,22,13,10,10,1.0000,1.0000,1,40.298,1.813
8172,erdos_renyi,random,14,20,5,4,4,1.0000,5.0000,1,19.004,12.527
8173,barabasi_albert,random,28,52,18,8,8,1.0000,18.0000,1,70.695,13.982
8174,random_tree,random,34,33,4,12,12,1.0000,4.0000,1,69.193,19.376
8175,path,bounded,9,8,2,3,3,1.0000,2.0000,1,12.556,37.945
8176,cycle,bounded,38,38,2,13,13,1.0000,2.0000,1,110.693,23.823
8177,ladder,bounded,14,19,3,4,4,1.0000,3.0000,1,18.653,13.698
8178,grid,bounded,8,10,3,3,3,1.0000,4.0000,1,11.040,12.829
8179,regular,bounded,34,68,4,8,8,1.0000,4.0000,1,113.563,225.199
8180,balanced_tree,bounded,15,14,3,5,5,1.0000,3.0000,1,29.682,17.578
8181,lollipop,bounded,12,12,3,4,4,1.0000,3.0000,1,20.429,24.356
8182,clique,rigid,10,45,9,1,1,1.0000,1.0000,1,24.583,2.605
8183,star,rigid,23,22,22,1,1,1.0000,1.0000,1,20.030,1.930
8184,complete_bipartite,rigid,6,8,4,2,2,1.0000,1.0000,1,17.585,2.410
8185,crown,rigid,8,12,3,2,2,1.0000,1.0000,1,12.476,14.186
8186,double_star,rigid,13,12,9,4,4,1.0000,1.0000,1,18.662,3.343
8187,erdos_renyi,random,9,3,2,6,6,1.0000,2.0000,1,22.987,2.787
8188,barabasi_albert,random,24,23,8,11,11,1.0000,8.0000,1,70.078,3.801
8189,random_tree,random,7,6,3,3,3,1.0000,3.0000,1,12.484,1.767
8190,path,bounded,15,14,2,5,5,1.0000,2.0000,1,18.708,14.036
8191,cycle,bounded,16,16,2,6,6,1.0000,2.0000,1,19.694,14.551
8192,ladder,bounded,24,34,3,7,7,1.0000,3.0000,1,55.648,38.182
8193,grid,bounded,9,12,4,3,3,1.0000,4.0000,1,18.261,13.224
8194,regular,bounded,18,45,5,3,3,1.0000,5.0000,1,55.531,13.561
8195,balanced_tree,bounded,13,12,4,3,3,1.0000,4.0000,1,15.378,2.855
8196,lollipop,bounded,5,5,3,2,2,1.0000,3.0000,1,15.177,5.033
8197,clique,rigid,1,0,0,1,1,1.0000,1.0000,1,4.799,3.047
8198,star,rigid,31,30,30,1,1,1.0000,1.0000,1,45.467,4.440
8199,complete_bipartite,rigid,23,132,12,11,11,1.0000,1.0000,1,98.113,3.495
8200,crown,rigid,8,12,3,2,2,1.0000,1.0000,1,7.920,18.479
8201,double_star,rigid,11,10,6,5,5,1.0000,1.0000,1,24.893,2.310
8202,erdos_renyi,random,29,140,15,4,4,1.0000,15.0000,1,242.246,97.647
8203,barabasi_albert,random,31,30,8,12,12,1.0000,8.0000,1,63.428,3.957
8204,random_tree,random,22,21,4,8,8,1.0000,4.0000,1,51.833,2.290
8205,path,bounded,29,28,2,10,10,1.0000,2.0000,1,52.372,22.323
8206,cycle,bounded,26,26,2,9,9,1.0000,2.0000,1,52.140,37.766
8207,ladder,bounded,18,25,3,5,5,1.0000,3.0000,1,52.846,23.352
8208,grid,bounded,15,22,4,4,4,1.0000,4.0000,1,43.182,15.283
8209,regular,bounded,14,35,5,3,3,1.0000,5.0000,1,26.131,19.591
8210,balanced_tree,bounded,13,12,4,3,3,1.0000,4.0000,1,23.394,3.220
8211,lollipop,bounded,10,24,7,2,2,1.0000,7.0000,1,14.967,3.074
8212,clique,rigid,9,36,8,1,1,1.0000,1.0000,1,14.075,4.500
8213,star,rigid,13,12,12,1,1,1.0000,1.0000,1,14.513,2.067
8214,complete_bipartite,rigid,11,28,7,4,4,1.0000,1.0000,1,32.840,3.108
8215,crown,rigid,10,20,4,2,2,1.0000,1.0000,1,16.599,12.422
8216,double_star,rigid,16,15,12,4,4,1.0000,1.0000,1,18.477,3.673
8217,erdos_renyi,random,18,21,5,6,6,1.0000,5.0000,1,24.432,28.172
8218,barabasi_albert,random,26,25,7,10,10,1.0000,7.0000,1,64.698,1.902
8219,random_tree,random,33,32,5,14,14,1.0000,5.0000,1,143.974,24.063
8220,path,bounded,16,15,2,6,6,1.0000,2.0000,1,39.281,27.200
8221,cycle,bounded,15,15,2,5,5,1.0000,2.0000,1,38.808,40.306
8222,ladder,bounded,8,10,3,3,3,1.0000,3.0000,1,13.396,15.620
8223,grid,bounded,6,7,3,2,2,1.0000,4.0000,1,18.505,17.312
8224,regular,bounded,30,45,3,9,9,1.0000,3.0000,1,64.184,40.328
8225,balanced_tree,bounded,15,14,3,5,5,1.0000,3.0000,1,42.546,21.400
8226,lollipop,bounded,8,8,3,3,3,1.0000,3.0000,1,9.502,27.114
8227,clique,rigid,9,36,8,1,1,1.0000,1.0000,1,25.245,2.456
8228,star,rigid,8,7,7,1,1,1.0000,1.0000,1,15.053,2.210
8229,complete_bipartite,rigid,13,42,7,6,6,1.0000,1.0000,1,35.997,4.560
8230,crown,rigid,4,2,1,2,2,1.0000,1.0000,1,11.526,2.685
8231,double_star,rigid,7,6,5,2,2,1.0000,1.0000,1,10.343,1.477
8232,erdos_renyi,random,18,22,5,8,8,1.0000,5.0000,1,26.715,25.802
8233,barabasi_albert,random,15,14,6,6,6,1.0000,6.0000,1,59.092,2.077
8234,random_tree,random,18,17,3,8,8,1.0000,3.0000,1,35.379,1.972
8235,path,bounded,4,3,2,2,2,1.0000,2.0000,1,5.987,1.967
8236,cycle,bounded,38,38,2,13,13,1.0000,2.0000,1,93.690,26.861
8237,ladder,bounded,20,28,3,6,6,1.0000,3.0000,1,54.403,32.723
8238,grid,bounded,8,10,3,3,3,1.0000,4.0000,1,14.962,22.902
8239,regular,bounded,32,32,2,11,11,1.0000,2.0000,1,60.613,19.400
8240,balanced_tree,bounded,15,14,3,5,5,1.0000,3.0000,1,38.520,27.059
8241,lollipop,bounded,8,8,3,3,3,1.0000,3.0000,1,13.559,34.251
8242,clique,rigid,13,78,12,1,1,1.0000,1.0000,1,27.049,2.205
8243,star,rigid,6,5,5,1,1,1.0000,1.0000,1,15.111,1.549
8244,complete_bipartite,rigid,16,55,11,5,5,1.0000,1.0000,1,48.011,3.898
8245,crown,rigid,6,6,2,2,2,1.0000,1.0000,1,6.092,28.926
8246,double_star,rigid,14,13,10,4,4,1.0000,1.0000,1,30.989,2.522
8247,erdos_renyi,random,17,15,4,8,8,1.0000,4.0000,1,45.516,32.279
8248,barabasi_albert,random,12,20,9,3,3,1.0000,9.0000,1,38.353,30.282
8249,random_tree,random,25,24,4,9,9,1.0000,4.0000,1,70.575,4.195
8250,path,bounded,8,7,2,3,3,1.0000,2.0000,1,13.538,26.369
8251,cycle,bounded,40,40,2,14,14,1.0000,2.0000,1,108.135,39.502
8252,ladder,bounded,34,49,3,9,9,1.0000,3.0000,1,97.774,22.071
8253,grid,bounded,15,22,4,4,4,1.0000,4.0000,1,37.150,21.390
8254,regular,bounded,28,28,2,10,10,1.0000,2.0000,1,59.750,26.534
8255,balanced_tree,bounded,13,12,4,3,3,1.0000,4.0000,1,24.094,3.484
8256,lollipop,bounded,10,10,3,3,3,1.0000,3.0000,1,13.848,19.242
8257,clique,rigid,13,78,12,1,1,1.0000,1.0000,1,39.865,4.927
8258,star,rigid,26,25,25,1,1,1.0000,1.0000,1,58.447,3.078
8259,complete_bipartite,rigid,10,21,7,3,3,1.0000,1.0000,1,17.911,1.812
8260,crown,rigid,6,6,2,2,2,1.0000,1.0000,1,10.832,29.195
8261,double_star,rigid,21,20,13,8,8,1.0000,1.0000,1,31.917,1.780
8262,erdos_renyi,random,8,7,4,4,4,1.0000,4.0000,1,9.844,15.414
8263,barabasi_albert,random,14,24,7,3,3,1.0000,7.0000,1,21.027,11.948
8264,random_tree,random,30,29,4,12,12,1.0000,4.0000,1,78.906,2.038
8265,path,bounded,7,6,2,3,3,1.0000,2.0000,1,7.887,1.474
8266,cycle,bounded,27,27,2,9,9,1.0000,2.0000,1,64.436,15.517
8267,ladder,bounded,32,46,3,9,9,1.0000,3.0000,1,72.330,26.873
8268,grid,bounded,8,10,3,3,3,1.0000,4.0000,1,13.417,13.800
8269,regular,bounded,28,42,3,8,8,1.0000,3.0000,1,68.915,58.843
8270,balanced_tree,bounded,15,14,3,5,5,1.0000,3.0000,1,26.468,27.780
8271,lollipop,bounded,17,26,6,5,5,1.0000,6.0000,1,45.835,22.555
8272,clique,rigid,3,3,2,1,1,1.0000,1.0000,1,6.395,3.568
8273,star,rigid,25,24,24,1,1,1.0000,1.0000,1,38.802,1.982
8274,complete_bipartite,rigid,17,60,12,5,5,1.0000,1.0000,1,53.991,4.083
8275,crown,rigid,4,2,1,2,2,1.0000,1.0000,1,10.585,2.727
8276,double_star,rigid,16,15,12,4,4,1.0000,1.0000,1,30.273,1.848
8277,erdos_renyi,random,30,156,14,4,4,1.0000,14.0000,1,206.812,72.855
8278,barabasi_albert,random,22,21,6,8,8,1.0000,6.0000,1,37.082,3.423
8279,random_tree,random,37,36,4,15,15,1.0000,4.0000,1,87.143,30.527
8280,path,bounded,24,23,2,8,8,1.0000,2.0000,1,38.937,18.235
8281,cycle,bounded,20,20,2,7,7,1.0000,2.0000,1,28.620,17.667
8282,ladder,bounded,36,52,3,10,10,1.0000,3.0000,1,124.252,51.508
8283,grid,bounded,4,4,2,2,2,1.0000,4.0000,1,9.362,2.630
8284,regular,bounded,22,55,5,5,5,1.0000,5.0000,1,43.844,42.100
8285,balanced_tree,bounded,15,14,3,5,5,1.0000,3.0000,1,41.221,17.844
8286,lollipop,bounded,17,37,8,4,4,1.0000,8.0000,1,52.744,28.841
8287,clique,rigid,3,3,2,1,1,1.0000,1.0000,1,9.765,2.612
8288,star,rigid,6,5,5,1,1,1.0000,1.0000,1,7.945,1.460
8289,complete_bipartite,rigid,13,42,7,6,6,1.0000,1.0000,1,32.962,1.870
8290,crown,rigid,4,2,1,2,2,1.0000,1.0000,1,5.935,1.311
8291,double_star,rigid,13,12,11,2,2,1.0000,1.0000,1,12.889,3.353
8292,erdos_renyi,random,23,73,11,4,4,1.0000,11.0000,1,112.346,11.709
8293,barabasi_albert,random,8,12,5,3,3,1.0000,5.0000,1,11.508,12.420
8294,random_tree,random,31,30,4,12,12,1.0000,4.0000,1,60.861,14.291
8295,path,bounded,31,30,2,11,11,1.0000,2.0000,1,100.468,26.604
8296,cycle,bounded,6,6,2,2,2,1.0000,2.0000,1,8.999,26.387
8297,ladder,bounded,30,43,3,8,8,1.0000,3.0000,1,69.590,21.578
8298,grid,bounded,8,10,3,3,3,1.0000,4.0000,1,12.098,15.471
8299,regular,bounded,18,27,3,5,5,1.0000,3.0000,1,38.559,13.371
8300,balanced_tree,bounded,15,14,3,5,5,1.0000,3.0000,1,42.823,24.587
8301,lollipop,bounded,20,40,8,5,5,1.0000,8.0000,1,49.674,32.630
8302,clique,rigid,3,3,2,1,1,1.0000,1.0000,1,7.207,2.092
8303,star,rigid,3,2,2,1,1,1.0000,1.0000,1,5.412,1.234
8304,complete_bipartite,rigid,15,56,8,7,7,1.0000,1.0000,1,41.853,5.658
8305,crown,rigid,8,12,3,2,2,1.0000,1.0000,1,15.482,13.667
8306,double_star,rigid,17,16,10,7,7,1.0000,1.0000,1,18.307,2.690
8307,erdos_renyi,random,34,199,18,4,4,1.0000,18.0000,1,255.418,30.804
8308,barabasi_albert,random,31,58,16,10,10,1.0000,16.0000,1,61.383,23.314
8309,random_tree,random,36,35,4,12,12,1.0000,4.0000,1,130.866,16.291
8310,path,bounded,7,6,2,3,3,1.0000,2.0000,1,9.491,2.976
8311,cycle,bounded,22,22,2,8,8,1.0000,2.0000,1,61.530,41.542
8312,ladder,bounded,30,43,3,8,8,1.0000,3.0000,1,73.383,18.624
8313,grid,bounded,30,49,4,8,8,1.0000,4.0000,1,64.727,16.895
8314,regular,bounded,12,30,5,3,3,1.0000,5.0000,1,19.649,12.228
8315,balanced_tree,bounded,15,14,3,5,5,1.0000,3.0000,1,19.564,16.503
8316,lollipop,bounded,7,7,3,2,2,1.0000,3.0000,1,9.319,1.475
8317,clique,rigid,14,91,13,1,1,1.0000,1.0000,1,34.186,3.298
8318,star,rigid,18,17,17,1,1,1.0000,1.0000,1,16.964,1.716
8319,complete_bipartite,rigid,3,2,2,1,1,1.0000,1.0000,1,3.763,1.226
8320,crown,rigid,10,20,4,2,2,1.0000,1.0000,1,15.858,12.966
8321,double_star,rigid,12,11,6,6,6,1.0000,1.0000,1,16.521,2.444
8322,erdos_renyi,random,21,62,9,4,4,1.0000,9.0000,1,85.517,21.803
8323,barabasi_albert,random,14,24,9,3,3,1.0000,9.0000,1,20.532,14.817
8324,random_tree,random,37,36,5,14,14,1.0000,5.0000,1,105.183,23.424
8325,path,bounded,13,12,2,5,5,1.0000,2.0000,1,30.331,21.293
8326,cycle,bounded,35,35,2,12,12,1.0000,2.0000,1,86.675,28.677
8327,ladder,bounded,30,43,3,8,8,1.0000,3.0000,1,73.303,13.903
8328,grid,bounded,10,13,3,3,3,1.0000,4.0000,1,14.093,14.766
8329,regular,bounded,32,80,5,7,7,1.0000,5.0000,1,135.779,80.857
8330,balanced_tree,bounded,15,14,3,5,5,1.0000,3.0000,1,23.414,18.656
8331,lollipop,bounded,12,17,5,3,3,1.0000,5.0000,1,16.678,22.872
8332,clique,rigid,10,45,9,1,1,1.0000,1.0000,1,28.265,2.132
8333,star,rigid,4,3,3,1,1,1.0000,1.0000,1,6.322,1.757
8334,complete_bipartite,rigid,6,8,4,2,2,1.0000,1.0000,1,15.570,3.213
8335,crown,rigid,12,30,5,2,2,1.0000,1.0000,1,21.827,13.335
8336,double_star,rigid,10,9,7,3,3,1.0000,1.0000,1,18.270,3.981
8337,erdos_renyi,random,16,10,2,9,9,1.0000,2.0000,1,54.024,29.950
8338,barabasi_albert,random,14,13,6,6,6,1.0000,6.0000,1,24.818,3.351
8339,random_tree,random,34,33,4,13,13,1.0000,4.0000,1,79.508,23.965
8340,path,bounded,20,19,2,7,7,1.0000,2.0000,1,59.368,19.453
8341,cycle,bounded,19,19,2,7,7,1.0000,2.0000,1,45.520,14.847
8342,ladder,bounded,34,49,3,9,9,1.0000,3.0000,1,133.748,13.886
8343,grid,bounded,12,17,4,4,4,1.0000,4.0000,1,25.773,24.142
8344,regular,bounded,28,28,2,10,10,1.0000,2.0000,1,42.762,19.544
8345,balanced_tree,bounded,13,12,4,3,3,1.0000,4.0000,1,22.843,1.816
8346,lollipop,bounded,10,15,5,3,3,1.0000,5.0000,1,20.141,39.395
8347,clique,rigid,8,28,7,1,1,1.0000,1.0000,1,15.189,2.110
8348,star,rigid,27,26,26,1,1,1.0000,1.0000,1,64.878,3.891
8349,complete_bipartite,rigid,13,36,9,4,4,1.0000,1.0000,1,38.583,2.562
8350,crown,rigid,10,20,4,2,2,1.0000,1.0000,1,21.235,21.483
8351,double_star,rigid,17,16,10,7,7,1.0000,1.0000,1,29.266,3.783
8352,erdos_renyi,random,33,94,11,6,6,1.0000,11.0000,1,213.611,35.380
8353,barabasi_albert,random,23,42,10,5,5,1.0000,10.0000,1,106.593,34.332
8354,random_tree,random,28,27,5,11,11,1.0000,5.0000,1,93.550,94.200
8355,path,bounded,14,13,2,5,5,1.0000,2.0000,1,23.706,26.663
8356,cycle,bounded,36,36,2,12,12,1.0000,2.0000,1,55.531,14.266
8357,ladder,bounded,10,13,3,3,3,1.0000,3.0000,1,15.033,13.267
8358,grid,bounded,24,38,4,7,7,1.0000,4.0000,1,44.611,42.102
8359,regular,bounded,16,24,3,4,4,1.0000,3.0000,1,24.579,17.957
8360,balanced_tree,bounded,15,14,3,5,5,1.0000,3.0000,1,21.221,31.436
8361,lollipop,bounded,10,19,6,2,2,1.0000,6.0000,1,15.627,2.128
8362,clique,rigid,4,6,3,1,1,1.0000,1.0000,1,8.166,3.347
8363,star,rigid,2,1,1,1,1,1.0000,1.0000,1,6.278,3.177
8364,complete_bipartite,rigid,10,21,7,3,3,1.0000,1.0000,1,18.952,1.826
8365,crown,rigid,6,6,2,2,2,1.0000,1.0000,1,5.877,23.782
8366,double_star,rigid,8,7,6,2,2,1.0000,1.0000,1,14.542,2.622
8367,erdos_renyi,random,17,37,7,5,5,1.0000,7.0000,1,46.492,24.963
8368,barabasi_albert,random,31,58,10,9,9,1.0000,10.0000,1,115.500,24.731
8369,random_tree,random,27,26,5,11,11,1.0000,5.0000,1,46.470,1.869
8370,path,bounded,20,19,2,7,7,1.0000,2.0000,1,26.588,46.341
8371,cycle,bounded,3,3,2,1,1,1.0000,2.0000,1,8.830,3.423
8372,ladder,bounded,14,19,3,4,4,1.0000,3.0000,1,24.650,15.591
8373,grid,bounded,10,13,3,3,3,1.0000,4.0000,1,22.061,19.355
8374,regular,bounded,29,29,2,10,10,1.0000,2.0000,1,71.019,24.276
8375,balanced_tree,bounded,15,14,3,5,5,1.0000,3.0000,1,38.562,21.744
8376,lollipop,bounded,14,14,3,5,5,1.0000,3.0000,1,19.273,20.715
8377,clique,rigid,1,0,0,1,1,1.0000,1.0000,1,2.168,1.654
8378,star,rigid,25,24,24,1,1,1.0000,1.0000,1,23.999,1.883
8379,complete_bipartite,rigid,5,6,3,2,2,1.0000,1.0000,1,15.535,2.184
8380,crown,rigid,12,30,5,2,2,1.0000,1.0000,1,24.518,11.577
8381,double_star,rigid,14,13,10,4,4,1.0000,1.0000,1,14.695,1.505
8382,erdos_renyi,random,20,49,9,4,4,1.0000,9.0000,1,65.183,20.908
8383,barabasi_albert,random,21,38,12,3,3,1.0000,12.0000,1,43.464,25.339
8384,random_tree,random,33,32,4,12,12,1.0000,4.0000,1,58.078,16.900
8385,path,bounded,39,38,2,13,13,1.0000,2.0000,1,87.236,24.630
8386,cycle,bounded,32,32,2,11,11,1.0000,2.0000,1,54.037,36.788
8387,ladder,bounded,30,43,3,8,8,1.0000,3.0000,1,88.400,23.823
8388,grid,bounded,6,7,3,2,2,1.0000,4.0000,1,16.372,20.466
8389,regular,bounded,24,36,3,7,7,1.0000,3.0000,1,51.191,46.061
8390,balanced_tree,bounded,15,14,3,5,5,1.0000,3.0000,1,40.970,25.032
8391,lollipop,bounded,11,31,8,2,2,1.0000,8.0000,1,16.765,4.041
8392,clique,rigid,7,21,6,1,1,1.0000,1.0000,1,15.409,3.251
8393,star,rigid,8,7,7,1,1,1.0000,1.0000,1,15.637,3.708
8394,complete_bipartite,rigid,14,49,7,7,7,1.0000,1.0000,1,59.074,4.068
8395,crown,rigid,10,20,4,2,2,1.0000,1.0000,1,23.457,22.557
8396,double_star,rigid,14,13,11,3,3,1.0000,1.0000,1,26.350,3.606
8397,erdos_renyi,random,8,9,4,3,3,1.0000,4.0000,1,18.970,30.004
8398,barabasi_albert,random,30,29,7,13,13,1.0000,7.0000,1,77.940,5.653
8399,random_tree,random,9,8,4,3,3,1.0000,4.0000,1,25.494,2.797
8400,path,bounded,11,10,2,4,4,1.0000,2.0000,1,26.477,26.283
8401,cycle,bounded,22,22,2,8,8,1.0000,2.0000,1,29.277,21.121
8402,ladder,bounded,26,37,3,7,7,1.0000,3.0000,1,61.184,24.924
8403,grid,bounded,12,16,3,4,4,1.0000,4.0000,1,16.739,13.563
8404,regular,bounded,22,33,3,6,6,1.0000,3.0000,1,41.121,34.425
8405,balanced_tree,bounded,13,12,4,3,3,1.0000,4.0000,1,15.169,1.537
8406,lollipop,bounded,13,13,3,4,4,1.0000,3.0000,1,14.019,24.195
8407,clique,rigid,5,10,4,1,1,1.0000,1.0000,1,8.200,1.778
8408,star,rigid,11,10,10,1,1,1.0000,1.0000,1,10.125,1.348
8409,complete_bipartite,rigid,10,16,8,2,2,1.0000,1.0000,1,22.175,2.928
8410,crown,rigid,10,20,4,2,2,1.0000,1.0000,1,14.528,12.940
8411,double_star,rigid,7,6,5,2,2,1.0000,1.0000,1,12.867,3.308
8412,erdos_renyi,random,10,14,5,3,3,1.0000,5.0000,1,25.635,24.012
8413,barabasi_albert,random,18,17,6,8,8,1.0000,6.0000,1,27.250,1.765
8414,random_tree,random,15,14,4,5,5,1.0000,4.0000,1,18.315,15.679
8415,path,bounded,11,10,2,4,4,1.0000,2.0000,1,13.367,14.792
8416,cycle,bounded,32,32,2,11,11,1.0000,2.0000,1,73.732,21.840
8417,ladder,bounded,18,25,3,5,5,1.0000,3.0000,1,52.395,14.170
8418,grid,bounded,30,49,4,8,8,1.0000,4.0000,1,73.624,17.256
8419,regular,bounded,34,34,2,12,12,1.0000,2.0000,1,84.194,24.964
8420,balanced_tree,bounded,15,14,3,5,5,1.0000,3.0000,1,22.105,21.327
8421,lollipop,bounded,12,32,8,2,2,1.0000,8.0000,1,27.671,3.440
8422,clique,rigid,5,10,4,1,1,1.0000,1.0000,1,8.295,2.476
8423,star,rigid,16,15,15,1,1,1.0000,1.0000,1,23.281,2.121
8424,complete_bipartite,rigid,19,88,11,8,8,1.0000,1.0000,1,64.030,6.458
8425,crown,rigid,6,6,2,2,2,1.0000,1.0000,1,13.153,35.562
8426,double_star,rigid,17,16,9,8,8,1.0000,1.0000,1,18.327,1.699
8427,erdos_renyi,random,26,33,5,11,10,1.1000,5.0000,1,64.530,28.516
8428,barabasi_albert,random,25,46,10,8,8,1.0000,10.0000,1,94.388,26.020
8429,random_tree,random,11,10,4,4,4,1.0000,4.0000,1,20.190,1.659
8430,path,bounded,9,8,2,3,3,1.0000,2.0000,1,11.593,19.969
8431,cycle,bounded,26,26,2,9,9,1.0000,2.0000,1,65.335,25.357
8432,ladder,bounded,26,37,3,7,7,1.0000,3.0000,1,47.570,29.393
8433,grid,bounded,15,22,4,4,4,1.0000,4.0000,1,41.774,21.012
8434,regular,bounded,7,14,4,2,2,1.0000,4.0000,1,9.750,1.679
8435,balanced_tree,bounded,15,14,3,5,5,1.0000,3.0000,1,18.198,24.365
8436,lollipop,bounded,8,8,3,3,3,1.0000,3.0000,1,15.878,35.427
8437,clique,rigid,5,10,4,1,1,1.0000,1.0000,1,7.366,2.277
8438,star,rigid,23,22,22,1,1,1.0000,1.0000,1,36.462,3.962
8439,complete_bipartite,rigid,10,21,7,3,3,1.0000,1.0000,1,30.072,2.462
8440,crown,rigid,6,6,2,2,2,1.0000,1.0000,1,8.348,32.374
8441,double_star,rigid,8,7,5,3,3,1.0000,1.0000,1,16.720,3.450
8442,erdos_renyi,random,17,46,9,3,3,1.0000,9.0000,1,57.594,24.395
8443,barabasi_albert,random,13,12,6,6,6,1.0000,6.0000,1,27.058,1.667
8444,random_tree,random,11,10,3,4,4,1.0000,3.0000,1,22.094,3.241
8445,path,bounded,20,19,2,7,7,1.0000,2.0000,1,53.093,31.771
8446,cycle,bounded,38,38,2,13,13,1.0000,2.0000,1,73.293,16.946
8447,ladder,bounded,30,43,3,8,8,1.0000,3.0000,1,104.066,20.478
8448,grid,bounded,24,38,4,7,7,1.0000,4.0000,1,81.583,32.347
8449,regular,bounded,20,50,5,4,4,1.0000,5.0000,1,57.635,26.817
8450,balanced_tree,bounded,13,12,4,3,3,1.0000,4.0000,1,28.033,3.368
8451,lollipop,bounded,16,18,4,5,5,1.0000,4.0000,1,29.895,26.929
8452,clique,rigid,10,45,9,1,1,1.0000,1.0000,1,22.124,3.232
8453,star,rigid,17,16,16,1,1,1.0000,1.0000,1,35.537,3.815
8454,complete_bipartite,rigid,6,9,3,3,3,1.0000,1.0000,1,11.172,1.870
8455,crown,rigid,4,2,1,2,2,1.0000,1.0000,1,4.748,1.096
8456,double_star,rigid,11,10,8,3,3,1.0000,1.0000,1,22.339,3.156
8457,erdos_renyi,random,34,110,11,7,7,1.0000,11.0000,1,177.817,70.018
8458,barabasi_albert,random,8,12,6,2,2,1.0000,6.0000,1,9.712,15.686
8459,random_tree,random,10,9,4,4,4,1.0000,4.0000,1,24.456,3.068
8460,path,bounded,5,4,2,2,2,1.0000,2.0000,1,12.480,4.003
8461,cycle,bounded,12,12,2,4,4,1.0000,2.0000,1,23.161,23.020
8462,ladder,bounded,16,22,3,5,5,1.0000,3.0000,1,42.271,17.108
8463,grid,bounded,15,22,4,4,4,1.0000,4.0000,1,30.616,12.791
8464,regular,bounded,34,68,4,8,8,1.0000,4.0000,1,108.444,104.692
8465,balanced_tree,bounded,13,12,4,3,3,1.0000,4.0000,1,32.418,3.106
8466,lollipop,bounded,10,19,6,2,2,1.0000,6.0000,1,14.791,2.460
8467,clique,rigid,6,15,5,1,1,1.0000,1.0000,1,11.435,2.226
8468,star,rigid,8,7,7,1,1,1.0000,1.0000,1,10.108,1.566
8469,complete_bipartite,rigid,7,6,6,1,1,1.0000,1.0000,1,6.840,1.375
8470,crown,rigid,8,12,3,2,2,1.0000,1.0000,1,8.211,19.672
8471,double_star,rigid,17,16,11,6,6,1.0000,1.0000,1,25.268,2.677
8472,erdos_renyi,random,15,27,5,4,4,1.0000,5.0000,1,29.031,28.029
8473,barabasi_albert,random,17,30,9,5,5,1.0000,9.0000,1,43.055,13.688
8474,random_tree,random,24,23,6,8,8,1.0000,6.0000,1,60.925,1.844
8475,path,bounded,4,3,2,2,2,1.0000,2.0000,1,4.778,1.241
8476,cycle,bounded,28,28,2,10,10,1.0000,2.0000,1,50.667,30.399
8477,ladder,bounded,14,19,3,4,4,1.0000,3.0000,1,27.336,18.622
8478,grid,bounded,15,22,4,4,4,1.0000,4.0000,1,50.993,32.883
8479,regular,bounded,30,45,3,9,9,1.0000,3.0000,1,94.454,61.326
8480,balanced_tree,bounded,15,14,3,5,5,1.0000,3.0000,1,19.487,21.325
8481,lollipop,bounded,10,19,6,2,2,1.0000,6.0000,1,15.230,2.083
8482,clique,rigid,1,0,0,1,1,1.0000,1.0000,1,1.958,1.326
8483,star,rigid,5,4,4,1,1,1.0000,1.0000,1,5.428,2.071
8484,complete_bipartite,rigid,15,50,10,5,5,1.0000,1.0000,1,45.272,2.066
8485,crown,rigid,4,2,1,2,2,1.0000,1.0000,1,5.063,1.210
8486,double_star,rigid,14,13,11,3,3,1.0000,1.0000,1,23.906,3.507
8487,erdos_renyi,random,27,77,11,5,5,1.0000,11.0000,1,133.712,18.655
8488,barabasi_albert,random,10,9,5,5,5,1.0000,5.0000,1,27.220,3.290
8489,random_tree,random,7,6,3,3,3,1.0000,3.0000,1,12.745,1.472
8490,path,bounded,24,23,2,8,8,1.0000,2.0000,1,30.888,14.828
8491,cycle,bounded,7,7,2,3,3,1.0000,2.0000,1,8.341,15.581
8492,ladder,bounded,30,43,3,8,8,1.0000,3.0000,1,88.936,13.353
8493,grid,bounded,18,27,4,6,6,1.0000,4.0000,1,50.623,18.110
8494,regular,bounded,22,33,3,6,6,1.0000,3.0000,1,34.844,25.277
8495,balanced_tree,bounded,15,14,3,5,5,1.0000,3.0000,1,33.026,32.069
8496,lollipop,bounded,14,34,8,3,3,1.0000,8.0000,1,25.160,27.409
8497,clique,rigid,9,36,8,1,1,1.0000,1.0000,1,27.391,3.988
8498,star,rigid,7,6,6,1,1,1.0000,1.0000,1,14.199,1.980
8499,complete_bipartite,rigid,22,121,11,11,11,1.0000,1.0000,1,83.620,3.217
8500,crown,rigid,4,2,1,2,2,1.0000,1.0000,1,10.228,4.549
8501,double_star,rigid,14,13,11,3,3,1.0000,1.0000,1,32.029,3.383
8502,erdos_renyi,random,26,75,10,5,5,1.0000,10.0000,1,77.559,60.214
8503,barabasi_albert,random,9,8,5,3,3,1.0000,5.0000,1,20.202,2.958
8504,random_tree,random,12,11,3,4,4,1.0000,3.0000,1,29.651,26.776
8505,path,bounded,18,17,2,6,6,1.0000,2.0000,1,68.525,41.307
8506,cycle,bounded,14,14,2,5,5,1.0000,2.0000,1,22.515,31.486
8507,ladder,bounded,30,43,3,8,8,1.0000,3.0000,1,95.664,19.178
8508,grid,bounded,12,17,4,4,4,1.0000,4.0000,1,33.912,25.102
8509,regular,bounded,22,33,3,6,6,1.0000,3.0000,1,47.753,52.837
8510,balanced_tree,bounded,13,12,4,3,3,1.0000,4.0000,1,14.563,1.555
8511,lollipop,bounded,14,28,7,3,3,1.0000,7.0000,1,16.763,17.249
8512,clique,rigid,6,15,5,1,1,1.0000,1.0000,1,18.256,3.685
8513,star,rigid,31,30,30,1,1,1.0000,1.0000,1,40.950,2.004
8514,complete_bipartite,rigid,6,8,4,2,2,1.0000,1.0000,1,7.805,1.385
8515,crown,rigid,4,2,1,2,2,1.0000,1.0000,1,5.013,1.159
8516,double_star,rigid,15,14,10,5,5,1.0000,1.0000,1,14.548,1.527
8517,erdos_renyi,random,28,79,10,6,6,1.0000,10.0000,1,72.976,24.142
8518,barabasi_albert,random,11,18,5,3,3,1.0000,5.0000,1,13.536,18.272
8519,random_tree,random,6,5,3,2,2,1.0000,3.0000,1,9.743,1.451
8520,path,bounded,27,26,2,9,9,1.0000,2.0000,1,56.442,16.824
8521,cycle,bounded,23,23,2,8,8,1.0000,2.0000,1,46.424,26.853
8522,ladder,bounded,16,22,3,5,5,1.0000,3.0000,1,38.303,23.325
8523,grid,bounded,30,49,4,8,8,1.0000,4.0000,1,127.103,38.411
8524,regular,bounded,10,10,2,4,4,1.0000,2.0000,1,28.329,27.258
8525,balanced_tree,bounded,15,14,3,5,5,1.0000,3.0000,1,26.670,31.739
8526,lollipop,bounded,14,34,8,3,3,1.0000,8.0000,1,44.902,31.867
8527,clique,rigid,7,21,6,1,1,1.0000,1.0000,1,20.204,4.074
8528,star,rigid,5,4,4,1,1,1.0000,1.0000,1,12.093,4.253
8529,complete_bipartite,rigid,11,18,9,2,2,1.0000,1.0000,1,19.004,1.764
8530,crown,rigid,8,12,3,2,2,1.0000,1.0000,1,8.276,27.625
8531,double_star,rigid,16,15,11,5,5,1.0000,1.0000,1,33.645,2.008
8532,erdos_renyi,random,31,61,9,9,9,1.0000,9.0000,1,176.045,26.388
8533,barabasi_albert,random,18,17,12,5,5,1.0000,12.0000,1,35.345,2.536
8534,random_tree,random,38,37,5,12,12,1.0000,5.0000,1,118.851,38.327
8535,path,bounded,8,7,2,3,3,1.0000,2.0000,1,20.047,28.907
8536,cycle,bounded,28,28,2,10,10,1.0000,2.0000,1,53.780,16.619
8537,ladder,bounded,8,10,3,3,3,1.0000,3.0000,1,10.554,13.522
8538,grid,bounded,15,22,4,4,4,1.0000,4.0000,1,22.182,28.801
8539,regular,bounded,3,3,2,1,1,1.0000,2.0000,1,10.889,5.515
8540,balanced_tree,bounded,15,14,3,5,5,1.0000,3.0000,1,58.565,35.662
8541,lollipop,bounded,10,15,5,3,3,1.0000,5.0000,1,27.915,27.308
8542,clique,rigid,14,91,13,1,1,1.0000,1.0000,1,24.291,2.324
8543,star,rigid,16,15,15,1,1,1.0000,1.0000,1,25.360,3.192
8544,complete_bipartite,rigid,11,10,10,1,1,1.0000,1.0000,1,15.032,1.997
8545,crown,rigid,6,6,2,2,2,1.0000,1.0000,1,14.088,23.416
8546,double_star,rigid,8,7,6,2,2,1.0000,1.0000,1,20.489,2.597
8547,erdos_renyi,random,18,27,6,6,6,1.0000,6.0000,1,67.388,24.730
8548,barabasi_albert,random,8,7,3,3,3,1.0000,3.0000,1,8.557,1.539
8549,random_tree,random,10,9,3,4,4,1.0000,3.0000,1,12.600,1.765
8550,path,bounded,8,7,2,3,3,1.0000,2.0000,1,8.597,29.010
8551,cycle,bounded,33,33,2,11,11,1.0000,2.0000,1,49.913,14.860
8552,ladder,bounded,28,40,3,8,8,1.0000,3.0000,1,70.109,31.738
8553,grid,bounded,20,31,4,6,6,1.0000,4.0000,1,36.015,13.240
8554,regular,bounded,10,15,3,3,3,1.0000,3.0000,1,12.621,14.265
8555,balanced_tree,bounded,13,12,4,3,3,1.0000,4.0000,1,18.590,2.736
8556,lollipop,bounded,16,30,7,4,4,1.0000,7.0000,1,21.301,24.793
8557,clique,rigid,8,28,7,1,1,1.0000,1.0000,1,21.831,3.916
8558,star,rigid,11,10,10,1,1,1.0000,1.0000,1,21.493,2.519
8559,complete_bipartite,rigid,18,72,12,6,6,1.0000,1.0000,1,54.029,5.605
8560,crown,rigid,8,12,3,2,2,1.0000,1.0000,1,17.230,22.833
8561,double_star,rigid,15,14,12,3,3,1.0000,1.0000,1,19.215,2.920
8562,erdos_renyi,random,31,161,15,4,4,1.0000,15.0000,1,186.296,69.524
8563,barabasi_albert,random,22,40,9,7,7,1.0000,9.0000,1,68.626,34.040
8564,random_tree,random,10,9,3,4,4,1.0000,3.0000,1,13.236,1.534
8565,path,bounded,28,27,2,10,10,1.0000,2.0000,1,60.658,15.203
8566,cycle,bounded,39,39,2,13,13,1.0000,2.0000,1,109.665,33.882
8567,ladder,bounded,6,7,3,2,2,1.0000,3.0000,1,29.985,23.559
8568,grid,bounded,16,24,4,4,4,1.0000,4.0000,1,30.310,15.224
8569,regular,bounded,26,65,5,6,5,1.2000,5.0000,1,78.371,24.479
8570,balanced_tree,bounded,15,14,3,5,5,1.0000,3.0000,1,44.221,42.248
8571,lollipop,bounded,10,30,8,2,2,1.0000,8.0000,1,30.060,3.150
8572,clique,rigid,6,15,5,1,1,1.0000,1.0000,1,14.192,1.710
8573,star,rigid,14,13,13,1,1,1.0000,1.0000,1,27.633,5.124
8574,complete_bipartite,rigid,12,20,10,2,2,1.0000,1.0000,1,51.179,2.548
8575,crown,rigid,8,12,3,2,2,1.0000,1.0000,1,18.078,21.153
8576,double_star,rigid,18,17,10,8,8,1.0000,1.0000,1,37.866,1.746
8577,erdos_renyi,random,20,22,4,8,8,1.0000,4.0000,1,32.009,19.682
8578,barabasi_albert,random,13,12,9,4,4,1.0000,9.0000,1,14.920,1.645
8579,random_tree,random,24,23,4,9,9,1.0000,4.0000,1,42.635,28.228
8580,path,bounded,32,31,2,11,11,1.0000,2.0000,1,69.724,14.991
8581,cycle,bounded,9,9,2,3,3,1.0000,2.0000,1,9.769,17.941
8582,ladder,bounded,6,7,3,2,2,1.0000,3.0000,1,9.091,14.999
8583,grid,bounded,8,10,3,3,3,1.0000,4.0000,1,12.217,24.444
8584,regular,bounded,25,25,2,9,9,1.0000,2.0000,1,39.474,15.644
8585,balanced_tree,bounded,13,12,4,3,3,1.0000,4.0000,1,28.767,3.369
8586,lollipop,bounded,15,24,6,4,4,1.0000,6.0000,1,22.680,28.838
8587,clique,rigid,14,91,13,1,1,1.0000,1.0000,1,49.069,3.148
8588,star,rigid,10,9,9,1,1,1.0000,1.0000,1,11.925,3.123
8589,complete_bipartite,rigid,18,77,11,7,7,1.0000,1.0000,1,54.510,2.726
8590,crown,rigid,4,2,1,2,2,1.0000,1.0000,1,5.019,1.250
8591,double_star,rigid,20,19,12,8,8,1.0000,1.0000,1,32.292,2.834
8592,erdos_renyi,random,30,21,4,15,15,1.0000,4.0000,1,86.111,19.422
8593,barabasi_albert,random,14,13,5,5,5,1.0000,5.0000,1,35.839,2.191
8594,random_tree,random,6,5,2,2,2,1.0000,2.0000,1,8.147,1.546
8595,path,bounded,40,39,2,14,14,1.0000,2.0000,1,67.828,15.260
8596,cycle,bounded,35,35,2,12,12,1.0000,2.0000,1,111.654,28.990
8597,ladder,bounded,10,13,3,3,3,1.0000,3.0000,1,17.881,20.715
8598,grid,bounded,10,13,3,3,3,1.0000,4.0000,1,13.985,13.372
8599,regular,bounded,18,45,5,4,4,1.0000,5.0000,1,42.119,34.151
8600,balanced_tree,bounded,13,12,4,3,3,1.0000,4.0000,1,23.590,2.427
8601,lollipop,bounded,9,23,7,2,2,1.0000,7.0000,1,15.984,1.940
8602,clique,rigid,7,21,6,1,1,1.0000,1.0000,1,8.127,1.509
8603,star,rigid,17,16,16,1,1,1.0000,1.0000,1,15.486,1.466
8604,complete_bipartite,rigid,12,32,8,4,4,1.0000,1.0000,1,20.030,2.982
8605,crown,rigid,4,2,1,2,2,1.0000,1.0000,1,8.108,1.246
8606,double_star,rigid,19,18,13,6,6,1.0000,1.0000,1,27.734,2.752
8607,erdos_renyi,random,28,110,12,4,4,1.0000,12.0000,1,153.328,54.991
8608,barabasi_albert,random,24,23,11,10,10,1.0000,11.0000,1,72.431,2.405
8609,random_tree,random,5,4,3,2,2,1.0000,3.0000,1,9.957,2.887
8610,path,bounded,7,6,2,3,3,1.0000,2.0000,1,14.954,3.029
8611,cycle,bounded,5,5,2,2,2,1.0000,2.0000,1,6.446,21.222
8612,ladder,bounded,18,25,3,5,5,1.0000,3.0000,1,54.753,28.875
8613,grid,bounded,10,13,3,3,3,1.0000,4.0000,1,33.123,19.301
8614,regular,bounded,31,31,2,11,11,1.0000,2.0000,1,39.610,33.910
8615,balanced_tree,bounded,15,14,3,5,5,1.0000,3.0000,1,30.064,26.239
8616,lollipop,bounded,13,13,3,4,4,1.0000,3.0000,1,25.292,31.020
8617,clique,rigid,5,10,4,1,1,1.0000,1.0000,1,12.460,2.251
8618,star,rigid,20,19,19,1,1,1.0000,1.0000,1,19.236,1.744
8619,complete_bipartite,rigid,4,4,2,2,2,1.0000,1.0000,1,12.920,5.525
8620,crown,rigid,10,20,4,2,2,1.0000,1.0000,1,34.411,33.424
8621,double_star,rigid,23,22,12,11,11,1.0000,1.0000,1,45.832,1.900
8622,erdos_renyi,random,27,95,10,4,4,1.0000,10.0000,1,127.976,21.429
8623,barabasi_albert,random,29,28,8,12,12,1.0000,8.0000,1,59.330,4.254
8624,random_tree,random,19,18,4,8,8,1.0000,4.0000,1,48.379,2.721
8625,path,bounded,16,15,2,6,6,1.0000,2.0000,1,26.532,23.207
8626,cycle,bounded,27,27,2,9,9,1.0000,2.0000,1,69.420,29.475
8627,ladder,bounded,32,46,3,9,9,1.0000,3.0000,1,99.365,21.820
8628,grid,bounded,6,7,3,2,2,1.0000,4.0000,1,8.338,14.566
8629,regular,bounded,29,29,2,11,11,1.0000,2.0000,1,69.713,21.651
8630,balanced_tree,bounded,15,14,3,5,5,1.0000,3.0000,1,27.465,29.266
8631,lollipop,bounded,13,27,7,3,3,1.0000,7.0000,1,31.333,17.123
8632,clique,rigid,12,66,11,1,1,1.0000,1.0000,1,30.067,3.384
8633,star,rigid,20,19,19,1,1,1.0000,1.0000,1,44.157,4.143
8634,complete_bipartite,rigid,10,21,7,3,3,1.0000,1.0000,1,34.282,4.403
8635,crown,rigid,6,6,2,2,2,1.0000,1.0000,1,20.055,22.781
8636,double_star,rigid,18,17,11,7,7,1.0000,1.0000,1,25.315,3.746
8637,erdos_renyi,random,8,8,3,4,4,1.0000,3.0000,1,19.951,16.696
8638,barabasi_albert,random,23,22,8,9,9,1.0000,8.0000,1,63.208,3.156
8639,random_tree,random,8,7,4,3,3,1.0000,4.0000,1,17.380,3.202
8640,path,bounded,9,8,2,3,3,1.0000,2.0000,1,20.593,29.554
8641,cycle,bounded,19,19,2,7,7,1.0000,2.0000,1,22.767,14.716
8642,ladder,bounded,8,10,3,3,3,1.0000,3.0000,1,11.063,12.852
8643,grid,bounded,36,60,4,10,10,1.0000,4.0000,1,149.821,121.014
8644,regular,bounded,33,66,4,8,8,1.0000,4.0000,1,118.895,73.590
8645,balanced_tree,bounded,15,14,3,5,5,1.0000,3.0000,1,42.445,27.976
8646,lollipop,bounded,13,27,7,3,3,1.0000,7.0000,1,20.569,16.066
8647,clique,rigid,12,66,11,1,1,1.0000,1.0000,1,20.120,1.990
8648,star,rigid,24,23,23,1,1,1.0000,1.0000,1,21.727,3.032
8649,complete_bipartite,rigid,13,40,8,5,5,1.0000,1.0000,1,37.577,2.061
8650,crown,rigid,8,12,3,2,2,1.0000,1.0000,1,12.135,30.650
8651,double_star,rigid,20,19,12,8,8,1.0000,1.0000,1,69.627,3.738
8652,erdos_renyi,random,28,21,4,14,14,1.0000,4.0000,1,65.445,1.676
8653,barabasi_albert,random,8,7,6,2,2,1.0000,6.0000,1,7.925,1.185
8654,random_tree,random,28,27,4,10,10,1.0000,4.0000,1,81.737,19.751
8655,path,bounded,27,26,2,9,9,1.0000,2.0000,1,38.680,14.059
8656,cycle,bounded,11,11,2,4,4,1.0000,2.0000,1,13.413,15.227
8657,ladder,bounded,16,22,3,5,5,1.0000,3.0000,1,24.681,20.752
8658,grid,bounded,12,16,3,4,4,1.0000,4.0000,1,18.215,13.420
8659,regular,bounded,34,34,2,12,12,1.0000,2.0000,1,74.671,33.667
8660,balanced_tree,bounded,15,14,3,5,5,1.0000,3.0000,1,41.328,30.224
8661,lollipop,bounded,9,18,6,2,2,1.0000,6.0000,1,27.740,3.266
8662,clique,rigid,7,21,6,1,1,1.0000,1.0000,1,13.113,3.215
8663,star,rigid,13,12,12,1,1,1.0000,1.0000,1,25.221,3.033
8664,complete_bipartite,rigid,14,48,8,6,6,1.0000,1.0000,1,29.771,2.055
8665,crown,rigid,6,6,2,2,2,1.0000,1.0000,1,9.750,31.345
8666,double_star,rigid,9,8,7,2,2,1.0000,1.0000,1,24.121,3.151
8667,erdos_renyi,random,18,69,11,3,3,1.0000,11.0000,1,69.935,12.866
8668,barabasi_albert,random,25,24,14,9,9,1.0000,14.0000,1,51.961,1.854
8669,random_tree,random,4,3,3,1,1,1.0000,3.0000,1,4.864,1.510
8670,path,bounded,35,34,2,12,12,1.0000,2.0000,1,57.606,13.476
8671,cycle,bounded,19,19,2,7,7,1.0000,2.0000,1,35.324,30.656
8672,ladder,bounded,26,37,3,7,7,1.0000,3.0000,1,72.619,16.662
8673,grid,bounded,9,12,4,3,3,1.0000,4.0000,1,20.862,19.376
8674,regular,bounded,22,33,3,6,6,1.0000,3.0000,1,40.337,52.419
8675,balanced_tree,bounded,13,12,4,3,3,1.0000,4.0000,1,28.803,1.992
8676,lollipop,bounded,16,18,4,5,5,1.0000,4.0000,1,19.691,14.930
8677,clique,rigid,2,1,1,1,1,1.0000,1.0000,1,4.517,1.872
8678,star,rigid,4,3,3,1,1,1.0000,1.0000,1,5.648,2.756
8679,complete_bipartite,rigid,6,8,4,2,2,1.0000,1.0000,1,15.618,2.434
8680,crown,rigid,6,6,2,2,2,1.0000,1.0000,1,8.056,14.427
8681,double_star,rigid,6,5,4,2,2,1.0000,1.0000,1,14.739,2.623
8682,erdos_renyi,random,23,30,5,9,9,1.0000,5.0000,1,40.073,25.096
8683,barabasi_albert,random,31,30,13,10,10,1.0000,13.0000,1,67.814,5.022
8684,random_tree,random,16,15,3,6,6,1.0000,3.0000,1,34.668,39.891
8685,path,bounded,18,17,2,6,6,1.0000,2.0000,1,44.880,22.952
8686,cycle,bounded,17,17,2,6,6,1.0000,2.0000,1,21.704,19.197
8687,ladder,bounded,24,34,3,7,7,1.0000,3.0000,1,62.400,29.676
8688,grid,bounded,18,27,4,6,6,1.0000,4.0000,1,53.471,33.189
8689,regular,bounded,10,15,3,3,3,1.0000,3.0000,1,13.810,15.457
8690,balanced_tree,bounded,13,12,4,3,3,1.0000,4.0000,1,15.972,1.675
8691,lollipop,bounded,9,23,7,2,2,1.0000,7.0000,1,10.827,1.641
8692,clique,rigid,1,0,0,1,1,1.0000,1.0000,1,1.802,1.299
8693,star,rigid,18,17,17,1,1,1.0000,1.0000,1,16.309,1.610
8694,complete_bipartite,rigid,16,63,9,7,7,1.0000,1.0000,1,86.460,2.387
8695,crown,rigid,8,12,3,2,2,1.0000,1.0000,1,8.384,21.358
8696,double_star,rigid,9,8,6,3,3,1.0000,1.0000,1,9.489,1.694
8697,erdos_renyi,random,25,82,14,4,4,1.0000,14.0000,1,149.018,40.888
8698,barabasi_albert,random,16,28,8,6,6,1.0000,8.0000,1,43.007,20.272
8699,random_tree,random,27,26,4,10,10,1.0000,4.0000,1,60.569,16.301
8700,path,bounded,4,3,2,2,2,1.0000,2.0000,1,5.729,1.467
8701,cycle,bounded,39,39,2,13,13,1.0000,2.0000,1,69.467,21.217
8702,ladder,bounded,10,13,3,3,3,1.0000,3.0000,1,14.467,24.904
8703,grid,bounded,15,22,4,4,4,1.0000,4.0000,1,47.043,21.900
8704,regular,bounded,10,10,2,4,4,1.0000,2.0000,1,12.288,25.855
8705,balanced_tree,bounded,15,14,3,5,5,1.0000,3.0000,1,28.198,28.220
8706,lollipop,bounded,15,29,7,4,4,1.0000,7.0000,1,32.305,22.100
8707,clique,rigid,14,91,13,1,1,1.0000,1.0000,1,32.334,2.792
8708,star,rigid,13,12,12,1,1,1.0000,1.0000,1,18.684,2.045
8709,complete_bipartite,rigid,15,50,10,5,5,1.0000,1.0000,1,58.233,3.209
8710,crown,rigid,12,30,5,2,2,1.0000,1.0000,1,24.061,12.829
8711,double_star,rigid,23,22,12,11,11,1.0000,1.0000,1,49.348,6.175
8712,erdos_renyi,random,10,4,2,7,7,1.0000,2.0000,1,24.639,3.120
8713,barabasi_albert,random,33,62,13,9,9,1.0000,13.0000,1,132.820,15.856
8714,random_tree,random,3,2,2,1,1,1.0000,2.0000,1,4.950,1.744
8715,path,bounded,15,14,2,5,5,1.0000,2.0000,1,21.784,13.576
8716,cycle,bounded,15,15,2,5,5,1.0000,2.0000,1,22.512,27.482
8717,ladder,bounded,16,22,3,5,5,1.0000,3.0000,1,39.413,19.188
8718,grid,bounded,18,27,4,6,6,1.0000,4.0000,1,30.582,18.097
8719,regular,bounded,32,80,5,7,7,1.0000,5.0000,1,130.744,94.443
8720,balanced_tree,bounded,13,12,4,3,3,1.0000,4.0000,1,28.682,2.678
8721,lollipop,bounded,11,20,6,3,3,1.0000,6.0000,1,30.948,35.510
8722,clique,rigid,14,91,13,1,1,1.0000,1.0000,1,23.508,2.155
8723,star,rigid,20,19,19,1,1,1.0000,1.0000,1,16.885,1.653
8724,complete_bipartite,rigid,12,32,8,4,4,1.0000,1.0000,1,25.796,3.388
8725,crown,rigid,6,6,2,2,2,1.0000,1.0000,1,6.196,14.694
8726,double_star,rigid,14,13,9,5,5,1.0000,1.0000,1,29.515,4.180
8727,erdos_renyi,random,13,18,5,4,4,1.0000,5.0000,1,37.092,33.818
8728,barabasi_albert,random,23,42,10,6,6,1.0000,10.0000,1,64.861,23.249
8729,random_tree,random,23,22,5,8,8,1.0000,5.0000,1,40.962,35.938
8730,path,bounded,19,18,2,7,7,1.0000,2.0000,1,29.389,29.702
8731,cycle,bounded,24,24,2,8,8,1.0000,2.0000,1,57.934,27.718
8732,ladder,bounded,28,40,3,8,8,1.0000,3.0000,1,78.823,27.288
8733,grid,bounded,15,22,4,4,4,1.0000,4.0000,1,25.110,15.817
8734,regular,bounded,31,62,4,7,7,1.0000,4.0000,1,113.932,63.212
8735,balanced_tree,bounded,13,12,4,3,3,1.0000,4.0000,1,26.758,2.050
8736,lollipop,bounded,16,21,5,5,5,1.0000,5.0000,1,21.019,22.870
8737,clique,rigid,5,10,4,1,1,1.0000,1.0000,1,14.593,3.574
8738,star,rigid,13,12,12,1,1,1.0000,1.0000,1,26.958,3.147
8739,complete_bipartite,rigid,16,55,11,5,5,1.0000,1.0000,1,62.897,4.512
8740,crown,rigid,10,20,4,2,2,1.0000,1.0000,1,21.122,32.724
8741,double_star,rigid,16,15,9,7,7,1.0000,1.0000,1,31.929,2.426
8742,erdos_renyi,random,12,7,3,5,5,1.0000,3.0000,1,34.586,3.332
8743,barabasi_albert,random,10,9,4,4,4,1.0000,4.0000,1,17.234,2.522
8744,random_tree,random,22,21,4,8,8,1.0000,4.0000,1,31.869,14.928
8745,path,bounded,10,9,2,4,4,1.0000,2.0000,1,12.306,15.804
8746,cycle,bounded,34,34,2,12,12,1.0000,2.0000,1,84.790,27.046
8747,ladder,bounded,22,31,3,6,6,1.0000,3.0000,1,63.292,29.916
8748,grid,bounded,10,13,3,3,3,1.0000,4.0000,1,23.501,20.278
8749,regular,bounded,12,30,5,2,2,1.0000,5.0000,1,27.470,12.813
8750,balanced_tree,bounded,15,14,3,5,5,1.0000,3.0000,1,31.101,31.852
8751,lollipop,bounded,17,22,5,5,5,1.0000,5.0000,1,47.711,20.774
8752,clique,rigid,11,55,10,1,1,1.0000,1.0000,1,15.665,1.851
8753,star,rigid,5,4,4,1,1,1.0000,1.0000,1,6.555,2.237
8754,complete_bipartite,rigid,11,28,7,4,4,1.0000,1.0000,1,19.300,3.188
8755,crown,rigid,8,12,3,2,2,1.0000,1.0000,1,20.338,25.915
8756,double_star,rigid,16,15,10,6,6,1.0000,1.0000,1,39.982,3.613
8757,erdos_renyi,random,29,170,16,3,3,1.0000,16.0000,1,174.000,58.146
8758,barabasi_albert,random,28,52,12,8,8,1.0000,12.0000,1,81.495,34.989
8759,random_tree,random,32,31,4,11,11,1.0000,4.0000,1,101.151,15.063
8760,path,bounded,21,20,2,7,7,1.0000,2.0000,1,58.445,22.269
8761,cycle,bounded,20,20,2,7,7,1.0000,2.0000,1,26.701,16.695
8762,ladder,bounded,24,34,3,7,7,1.0000,3.0000,1,75.369,22.121
8763,grid,bounded,18,27,4,6,6,1.0000,4.0000,1,46.605,23.936
8764,regular,bounded,30,45,3,9,8,1.1250,3.0000,1,68.425,90.003
8765,balanced_tree,bounded,13,12,4,3,3,1.0000,4.0000,1,31.364,3.209
8766,lollipop,bounded,4,4,3,1,1,1.0000,3.0000,1,6.589,20.654
8767,clique,rigid,5,10,4,1,1,1.0000,1.0000,1,15.477,3.530
8768,star,rigid,21,20,20,1,1,1.0000,1.0000,1,40.231,3.160
8769,complete_bipartite,rigid,15,44,11,4,4,1.0000,1.0000,1,52.005,2.145
8770,crown,rigid,6,6,2,2,2,1.0000,1.0000,1,5.924,20.486
8771,double_star,rigid,20,19,13,7,7,1.0000,1.0000,1,35.345,3.930
8772,erdos_renyi,random,31,134,13,5,5,1.0000,13.0000,1,174.153,147.803
8773,barabasi_albert,random,29,28,10,11,11,1.0000,10.0000,1,94.041,3.986
8774,random_tree,random,4,3,2,2,2,1.0000,2.0000,1,8.091,1.564
8775,path,bounded,5,4,2,2,2,1.0000,2.0000,1,13.168,3.097
8776,cycle,bounded,29,29,2,10,10,1.0000,2.0000,1,60.378,22.376
8777,ladder,bounded,28,40,3,8,8,1.0000,3.0000,1,74.984,14.765
8778,grid,bounded,4,4,2,2,2,1.0000,4.0000,1,4.546,3.319
8779,regular,bounded,26,39,3,7,7,1.0000,3.0000,1,55.909,75.910
8780,balanced_tree,bounded,13,12,4,3,3,1.0000,4.0000,1,19.008,1.572
8781,lollipop,bounded,11,11,3,4,4,1.0000,3.0000,1,11.732,15.125
8782,clique,rigid,8,28,7,1,1,1.0000,1.0000,1,11.237,1.570
8783,star,rigid,13,12,12,1,1,1.0000,1.0000,1,11.315,2.119
8784,complete_bipartite,rigid,11,28,7,4,4,1.0000,1.0000,1,26.046,1.922
8785,crown,rigid,4,2,1,2,2,1.0000,1.0000,1,5.206,1.269
8786,double_star,rigid,19,18,13,6,6,1.0000,1.0000,1,36.505,3.263
8787,erdos_renyi,random,29,35,6,11,11,1.0000,6.0000,1,63.153,12.959
8788,barabasi_albert,random,12,20,7,3,3,1.0000,7.0000,1,17.183,12.265
8789,random_tree,random,6,5,3,3,3,1.0000,3.0000,1,9.491,1.540
8790,path,bounded,23,22,2,8,8,1.0000,2.0000,1,32.968,20.860
8791,cycle,bounded,22,22,2,8,8,1.0000,2.0000,1,60.465,21.531
8792,ladder,bounded,32,46,3,9,9,1.0000,3.0000,1,141.632,44.763
8793,grid,bounded,12,17,4,4,4,1.0000,4.0000,1,35.824,14.521
8794,regular,bounded,14,28,4,4,4,1.0000,4.0000,1,22.311,14.483
8795,balanced_tree,bounded,15,14,3,5,5,1.0000,3.0000,1,19.154,16.363
8796,lollipop,bounded,11,25,7,2,2,1.0000,7.0000,1,24.247,2.468
8797,clique,rigid,3,3,2,1,1,1.0000,1.0000,1,4.149,1.127
8798,star,rigid,26,25,25,1,1,1.0000,1.0000,1,37.954,1.960
8799,complete_bipartite,rigid,16,48,12,4,4,1.0000,1.0000,1,57.173,2.294
8800,crown,rigid,12,30,5,2,2,1.0000,1.0000,1,13.862,11.209
8801,double_star,rigid,20,19,11,9,9,1.0000,1.0000,1,28.359,3.469
8802,erdos_renyi,random,19,28,7,6,6,1.0000,7.0000,1,39.630,13.543
8803,barabasi_albert,random,20,36,8,4,4,1.0000,8.0000,1,57.830,12.451
8804,random_tree,random,16,15,6,6,6,1.0000,6.0000,1,27.916,3.117
8805,path,bounded,30,29,2,10,10,1.0000,2.0000,1,86.556,15.269
8806,cycle,bounded,26,26,2,9,9,1.0000,2.0000,1,68.894,25.220
8807,ladder,bounded,30,43,3,8,8,1.0000,3.0000,1,119.549,20.581
8808,grid,bounded,18,27,4,6,6,1.0000,4.0000,1,29.501,23.774
8809,regular,bounded,10,10,2,4,4,1.0000,2.0000,1,11.235,16.972
8810,balanced_tree,bounded,15,14,3,5,5,1.0000,3.0000,1,34.795,31.888
8811,lollipop,bounded,6,8,4,2,2,1.0000,4.0000,1,18.597,4.585
8812,clique,rigid,11,55,10,1,1,1.0000,1.0000,1,44.302,4.706
8813,star,rigid,18,17,17,1,1,1.0000,1.0000,1,28.023,1.827
8814,complete_bipartite,rigid,12,11,11,1,1,1.0000,1.0000,1,9.901,2.284
8815,crown,rigid,10,20,4,2,2,1.0000,1.0000,1,10.201,15.219
8816,double_star,rigid,26,25,13,13,13,1.0000,1.0000,1,46.205,1.803
8817,erdos_renyi,random,18,9,2,11,11,1.0000,2.0000,1,23.503,2.602
8818,barabasi_albert,random,17,30,11,4,4,1.0000,11.0000,1,51.212,21.086
8819,random_tree,random,28,27,5,10,10,1.0000,5.0000,1,42.624,1.940
8820,path,bounded,7,6,2,3,3,1.0000,2.0000,1,7.646,1.338
8821,cycle,bounded,22,22,2,8,8,1.0000,2.0000,1,57.973,20.283
8822,ladder,bounded,8,10,3,3,3,1.0000,3.0000,1,23.333,27.065
8823,grid,bounded,20,31,4,6,6,1.0000,4.0000,1,75.618,17.265
8824,regular,bounded,8,16,4,2,2,1.0000,4.0000,1,10.922,12.130
8825,balanced_tree,bounded,15,14,3,5,5,1.0000,3.0000,1,19.800,16.761
8826,lollipop,bounded,12,26,7,3,3,1.0000,7.0000,1,17.068,22.859
8827,clique,rigid,13,78,12,1,1,1.0000,1.0000,1,20.644,1.904
8828,star,rigid,16,15,15,1,1,1.0000,1.0000,1,13.768,1.421
8829,complete_bipartite,rigid,7,10,5,2,2,1.0000,1.0000,1,16.532,2.552
8830,crown,rigid,12,30,5,2,2,1.0000,1.0000,1,15.057,20.096
8831,double_star,rigid,13,12,11,2,2,1.0000,1.0000,1,27.035,4.468
8832,erdos_renyi,random,10,14,6,3,3,1.0000,6.0000,1,28.698,32.216
8833,barabasi_albert,random,28,52,16,8,8,1.0000,16.0000,1,72.204,31.259
8834,random_tree,random,2,1,1,1,1,1.0000,1.0000,1,7.333,2.271
8835,path,bounded,5,4,2,2,2,1.0000,2.0000,1,7.963,1.449
8836,cycle,bounded,17,17,2,6,6,1.0000,2.0000,1,20.045,17.029
8837,ladder,bounded,16,22,3,5,5,1.0000,3.0000,1,30.542,14.767
8838,grid,bounded,12,17,4,4,4,1.0000,4.0000,1,16.787,13.311
8839,regular,bounded,12,18,3,4,4,1.0000,3.0000,1,16.774,14.124
8840,balanced_tree,bounded,15,14,3,5,5,1.0000,3.0000,1,19.801,17.113
8841,lollipop,bounded,12,26,7,3,3,1.0000,7.0000,1,15.378,25.649
8842,clique,rigid,2,1,1,1,1,1.0000,1.0000,1,6.594,2.279
8843,star,rigid,12,11,11,1,1,1.0000,1.0000,1,24.429,3.054
8844,complete_bipartite,rigid,12,32,8,4,4,1.0000,1.0000,1,41.711,2.963
8845,crown,rigid,12,30,5,2,2,1.0000,1.0000,1,17.136,10.990
8846,double_star,rigid,15,14,9,6,6,1.0000,1.0000,1,15.910,1.464
8847,erdos_renyi,random,31,127,13,4,4,1.0000,13.0000,1,197.598,104.661
8848,barabasi_albert,random,9,14,6,3,3,1.0000,6.0000,1,22.838,21.568
8849,random_tree,random,19,18,5,8,8,1.0000,5.0000,1,42.453,3.560
8850,path,bounded,38,37,2,13,13,1.0000,2.0000,1,110.839,22.461
8851,cycle,bounded,3,3,2,1,1,1.0000,2.0000,1,6.226,4.479
8852,ladder,bounded,12,16,3,4,4,1.0000,3.0000,1,30.300,17.995
8853,grid,bounded,30,49,4,8,8,1.0000,4.0000,1,141.646,29.567
8854,regular,bounded,18,18,2,6,6,1.0000,2.0000,1,35.037,32.893
8855,balanced_tree,bounded,13,12,4,3,3,1.0000,4.0000,1,33.094,3.432
8856,lollipop,bounded,15,20,5,4,4,1.0000,5.0000,1,19.974,15.308
8857,clique,rigid,9,36,8,1,1,1.0000,1.0000,1,12.543,1.459
8858,star,rigid,20,19,19,1,1,1.0000,1.0000,1,17.657,1.583
8859,complete_bipartite,rigid,17,66,11,6,6,1.0000,1.0000,1,62.646,2.473
8860,crown,rigid,12,30,5,2,2,1.0000,1.0000,1,14.073,23.862
8861,double_star,rigid,11,10,6,5,5,1.0000,1.0000,1,24.603,3.471
8862,erdos_renyi,random,34,198,17,4,4,1.0000,17.0000,1,268.441,96.406
8863,barabasi_albert,random,14,13,7,7,7,1.0000,7.0000,1,17.507,1.637
8864,random_tree,random,10,9,3,3,3,1.0000,3.0000,1,9.528,1.433
8865,path,bounded,34,33,2,12,12,1.0000,2.0000,1,104.539,21.329
8866,cycle,bounded,24,24,2,8,8,1.0000,2.0000,1,61.006,23.087
8867,ladder,bounded,10,13,3,3,3,1.0000,3.0000,1,31.252,23.062
8868,grid,bounded,10,13,3,3,3,1.0000,4.0000,1,14.814,19.065
8869,regular,bounded,26,65,5,5,5,1.0000,5.0000,1,94.543,34.667
8870,balanced_tree,bounded,13,12,4,3,3,1.0000,4.0000,1,22.810,2.197
8871,lollipop,bounded,12,32,8,2,2,1.0000,8.0000,1,23.494,2.070
8872,clique,rigid,10,45,9,1,1,1.0000,1.0000,1,22.281,4.826
8873,star,rigid,31,30,30,1,1,1.0000,1.0000,1,37.058,2.614
8874,complete_bipartite,rigid,17,72,9,8,8,1.0000,1.0000,1,73.585,3.465
8875,crown,rigid,12,30,5,2,2,1.0000,1.0000,1,20.078,16.174
8876,double_star,rigid,13,12,7,6,6,1.0000,1.0000,1,17.428,2.359
8877,erdos_renyi,random,14,23,6,3,3,1.0000,6.0000,1,30.194,15.328
8878,barabasi_albert,random,17,16,8,7,7,1.0000,8.0000,1,24.194,1.976
8879,random_tree,random,10,9,4,4,4,1.0000,4.0000,1,10.798,2.825
8880,path,bounded,34,33,2,12,12,1.0000,2.0000,1,95.096,28.061
8881,cycle,bounded,10,10,2,4,4,1.0000,2.0000,1,20.029,26.753
8882,ladder,bounded,26,37,3,7,7,1.0000,3.0000,1,78.428,35.718
8883,grid,bounded,6,7,3,2,2,1.0000,4.0000,1,13.075,25.953
8884,regular,bounded,6,15,5,1,1,1.0000,5.0000,1,23.616,3.768
8885,balanced_tree,bounded,13,12,4,3,3,1.0000,4.0000,1,29.747,2.134
8886,lollipop,bounded,14,16,4,4,4,1.0000,4.0000,1,38.384,26.352
8887,clique,rigid,1,0,0,1,1,1.0000,1.0000,1,2.365,2.234
8888,star,rigid,4,3,3,1,1,1.0000,1.0000,1,11.687,3.491
8889,complete_bipartite,rigid,10,25,5,5,5,1.0000,1.0000,1,30.592,3.097
8890,crown,rigid,8,12,3,2,2,1.0000,1.0000,1,17.613,15.022
8891,double_star,rigid,26,25,13,13,13,1.0000,1.0000,1,34.292,3.720
8892,erdos_renyi,random,24,36,6,7,7,1.0000,6.0000,1,58.056,27.076
8893,barabasi_albert,random,12,20,7,3,3,1.0000,7.0000,1,28.603,18.497
8894,random_tree,random,28,27,5,10,10,1.0000,5.0000,1,64.880,2.330
8895,path,bounded,13,12,2,5,5,1.0000,2.0000,1,32.056,30.032
8896,cycle,bounded,34,34,2,12,12,1.0000,2.0000,1,69.259,37.840
8897,ladder,bounded,22,31,3,6,6,1.0000,3.0000,1,61.740,22.544
8898,grid,bounded,18,27,4,6,6,1.0000,4.0000,1,42.259,29.964
8899,regular,bounded,34,34,2,12,12,1.0000,2.0000,1,85.209,30.274
8900,balanced_tree,bounded,15,14,3,5,5,1.0000,3.0000,1,28.230,25.672
8901,lollipop,bounded,16,18,4,5,5,1.0000,4.0000,1,19.246,15.039
8902,clique,rigid,5,10,4,1,1,1.0000,1.0000,1,6.183,2.574
8903,star,rigid,8,7,7,1,1,1.0000,1.0000,1,14.853,1.909
8904,complete_bipartite,rigid,12,36,6,6,6,1.0000,1.0000,1,26.877,1.927
8905,crown,rigid,4,2,1,2,2,1.0000,1.0000,1,4.543,1.212
8906,double_star,rigid,10,9,8,2,2,1.0000,1.0000,1,17.161,1.775
8907,erdos_renyi,random,34,217,20,4,4,1.0000,20.0000,1,262.936,31.119
8908,barabasi_albert,random,9,14,5,2,2,1.0000,5.0000,1,12.296,12.750
8909,random_tree,random,37,36,4,13,13,1.0000,4.0000,1,115.247,30.112
8910,path,bounded,32,31,2,11,11,1.0000,2.0000,1,92.630,25.990
8911,cycle,bounded,6,6,2,2,2,1.0000,2.0000,1,11.017,29.254
8912,ladder,bounded,18,25,3,5,5,1.0000,3.0000,1,65.977,30.497
8913,grid,bounded,18,27,4,6,6,1.0000,4.0000,1,48.501,17.870
8914,regular,bounded,24,60,5,5,5,1.0000,5.0000,1,88.707,50.465
8915,balanced_tree,bounded,15,14,3,5,5,1.0000,3.0000,1,18.837,16.657
8916,lollipop,bounded,18,32,7,5,5,1.0000,7.0000,1,24.310,15.043
8917,clique,rigid,1,0,0,1,1,1.0000,1.0000,1,1.696,1.157
8918,star,rigid,25,24,24,1,1,1.0000,1.0000,1,20.711,1.739
8919,complete_bipartite,rigid,11,30,6,5,5,1.0000,1.0000,1,21.818,1.850
8920,crown,rigid,6,6,2,2,2,1.0000,1.0000,1,6.058,14.555
8921,double_star,rigid,23,22,13,10,10,1.0000,1.0000,1,29.051,3.630
8922,erdos_renyi,random,19,50,8,4,4,1.0000,8.0000,1,84.756,23.138
8923,barabasi_albert,random,23,42,14,5,5,1.0000,14.0000,1,88.094,30.215
8924,random_tree,random,22,21,5,9,9,1.0000,5.0000,1,46.160,1.999
8925,path,bounded,36,35,2,12,12,1.0000,2.0000,1,88.269,17.053
8926,cycle,bounded,4,4,2,2,2,1.0000,2.0000,1,5.781,1.588
8927,ladder,bounded,28,40,3,8,8,1.0000,3.0000,1,55.644,24.377
8928,grid,bounded,12,17,4,4,4,1.0000,4.0000,1,15.730,13.626
8929,regular,bounded,24,60,5,6,5,1.2000,5.0000,1,111.950,82.993
8930,balanced_tree,bounded,13,12,4,3,3,1.0000,4.0000,1,38.643,5.586
8931,lollipop,bounded,6,8,4,2,2,1.0000,4.0000,1,12.815,2.519
8932,clique,rigid,9,36,8,1,1,1.0000,1.0000,1,14.606,1.785
8933,star,rigid,27,26,26,1,1,1.0000,1.0000,1,21.416,1.782
8934,complete_bipartite,rigid,13,12,12,1,1,1.0000,1.0000,1,13.442,2.236
8935,crown,rigid,12,30,5,2,2,1.0000,1.0000,1,18.507,19.001
8936,double_star,rigid,21,20,11,10,10,1.0000,1.0000,1,37.727,1.811
8937,erdos_renyi,random,33,61,9,10,10,1.0000,9.0000,1,147.882,86.724
8938,barabasi_albert,random,27,26,10,12,12,1.0000,10.0000,1,46.445,2.421
8939,random_tree,random,4,3,2,2,2,1.0000,2.0000,1,4.848,1.246
8940,path,bounded,37,36,2,13,13,1.0000,2.0000,1,88.004,22.829
8941,cycle,bounded,30,30,2,10,10,1.0000,2.0000,1,70.254,31.454
8942,ladder,bounded,34,49,3,9,9,1.0000,3.0000,1,163.203,24.742
8943,grid,bounded,15,22,4,4,4,1.0000,4.0000,1,22.385,15.384
8944,regular,bounded,18,45,5,3,3,1.0000,5.0000,1,44.332,14.498
8945,balanced_tree,bounded,13,12,4,3,3,1.0000,4.0000,1,27.839,3.586
8946,lollipop,bounded,9,11,4,3,3,1.0000,4.0000,1,26.883,35.478
8947,clique,rigid,11,55,10,1,1,1.0000,1.0000,1,34.200,2.968
8948,star,rigid,27,26,26,1,1,1.0000,1.0000,1,35.957,2.521
8949,complete_bipartite,rigid,20,96,12,8,8,1.0000,1.0000,1,68.054,4.565
8950,crown,rigid,10,20,4,2,2,1.0000,1.0000,1,19.520,15.552
8951,double_star,rigid,20,19,13,7,7,1.0000,1.0000,1,21.088,1.852
8952,erdos_renyi,random,18,44,9,4,4,1.0000,9.0000,1,32.743,13.980
8953,barabasi_albert,random,22,21,11,8,8,1.0000,11.0000,1,48.940,1.931
8954,random_tree,random,4,3,3,1,1,1.0000,3.0000,1,4.982,2.013
8955,path,bounded,31,30,2,11,11,1.0000,2.0000,1,78.902,13.922
8956,cycle,bounded,35,35,2,12,12,1.0000,2.0000,1,77.397,30.124
8957,ladder,bounded,10,13,3,3,3,1.0000,3.0000,1,26.990,24.488
8958,grid,bounded,12,17,4,4,4,1.0000,4.0000,1,19.234,13.883
8959,regular,bounded,20,50,5,4,4,1.0000,5.0000,1,39.918,28.564
8960,balanced_tree,bounded,13,12,4,3,3,1.0000,4.0000,1,14.456,1.541
8961,lollipop,bounded,11,13,4,3,3,1.0000,4.0000,1,11.602,14.665
8962,clique,rigid,10,45,9,1,1,1.0000,1.0000,1,16.472,2.979
8963,star,rigid,9,8,8,1,1,1.0000,1.0000,1,16.726,3.185
8964,complete_bipartite,rigid,14,33,11,3,3,1.0000,1.0000,1,27.165,2.037
8965,crown,rigid,4,2,1,2,2,1.0000,1.0000,1,6.120,2.933
8966,double_star,rigid,19,18,10,9,9,1.0000,1.0000,1,33.394,1.808
8967,erdos_renyi,random,8,7,3,2,2,1.0000,3.0000,1,9.497,1.605
8968,barabasi_albert,random,14,13,5,6,6,1.0000,5.0000,1,18.888,3.121
8969,random_tree,random,20,19,4,7,7,1.0000,4.0000,1,43.490,24.223
8970,path,bounded,33,32,2,11,11,1.0000,2.0000,1,93.388,24.967
8971,cycle,bounded,21,21,2,7,7,1.0000,2.0000,1,37.296,32.582
8972,ladder,bounded,4,4,2,2,2,1.0000,3.0000,1,13.059,3.163
8973,grid,bounded,6,7,3,2,2,1.0000,4.0000,1,20.579,31.519
8974,regular,bounded,13,26,4,3,3,1.0000,4.0000,1,42.274,30.691
8975,balanced_tree,bounded,15,14,3,5,5,1.0000,3.0000,1,27.662,16.235
8976,lollipop,bounded,19,33,7,5,5,1.0000,7.0000,1,26.594,21.792
8977,clique,rigid,3,3,2,1,1,1.0000,1.0000,1,4.429,1.636
8978,star,rigid,7,6,6,1,1,1.0000,1.0000,1,6.707,1.219
8979,complete_bipartite,rigid,20,96,12,8,8,1.0000,1.0000,1,125.574,5.844
8980,crown,rigid,8,12,3,2,2,1.0000,1.0000,1,16.643,19.943
8981,double_star,rigid,11,10,6,5,5,1.0000,1.0000,1,23.972,2.787
8982,erdos_renyi,random,11,8,5,4,4,1.0000,5.0000,1,27.435,3.145
8983,barabasi_albert,random,25,46,10,7,7,1.0000,10.0000,1,72.477,14.793
8984,random_tree,random,4,3,2,2,2,1.0000,2.0000,1,5.912,1.346
8985,path,bounded,19,18,2,7,7,1.0000,2.0000,1,23.166,14.846
8986,cycle,bounded,36,36,2,12,12,1.0000,2.0000,1,54.609,14.701
8987,ladder,bounded,30,43,3,8,8,1.0000,3.0000,1,92.586,26.547
8988,grid,bounded,8,10,3,3,3,1.0000,4.0000,1,22.999,18.014
8989,regular,bounded,10,15,3,3,3,1.0000,3.0000,1,12.692,15.400
8990,balanced_tree,bounded,15,14,3,5,5,1.0000,3.0000,1,19.393,28.779
8991,lollipop,bounded,8,8,3,3,3,1.0000,3.0000,1,14.813,25.774
8992,clique,rigid,3,3,2,1,1,1.0000,1.0000,1,4.311,1.627
8993,star,rigid,26,25,25,1,1,1.0000,1.0000,1,26.910,3.789
8994,complete_bipartite,rigid,18,72,12,6,6,1.0000,1.0000,1,77.552,2.593
8995,crown,rigid,12,30,5,2,2,1.0000,1.0000,1,13.723,24.291
8996,double_star,rigid,7,6,5,2,2,1.0000,1.0000,1,20.478,2.132
8997,erdos_renyi,random,29,111,13,5,5,1.0000,13.0000,1,156.409,119.017
8998,barabasi_albert,random,10,9,7,3,3,1.0000,7.0000,1,14.477,1.733
8999,random_tree,random,2,1,1,1,1,1.0000,1.0000,1,2.890,1.716
9000,path,bounded,29,28,2,10,10,1.0000,2.0000,1,69.635,19.099
9001,cycle,bounded,15,15,2,5,5,1.0000,2.0000,1,27.730,15.489
9002,ladder,bounded,14,19,3,4,4,1.0000,3.0000,1,40.915,17.215
9003,grid,bounded,24,38,4,7,7,1.0000,4.0000,1,68.999,37.265
9004,regular,bounded,26,52,4,6,6,1.0000,4.0000,1,116.897,39.357
9005,balanced_tree,bounded,13,12,4,3,3,1.0000,4.0000,1,26.453,5.092
9006,lollipop,bounded,12,17,5,3,3,1.0000,5.0000,1,27.585,29.092
9007,clique,rigid,2,1,1,1,1,1.0000,1.0000,1,5.517,3.736
9008,star,rigid,7,6,6,1,1,1.0000,1.0000,1,11.390,1.817
9009,complete_bipartite,rigid,17,70,10,7,7,1.0000,1.0000,1,69.535,5.844
9010,crown,rigid,12,30,5,2,2,1.0000,1.0000,1,34.707,19.179
9011,double_star,rigid,25,24,13,12,12,1.0000,1.0000,1,32.730,2.474
9012,erdos_renyi,random,25,17,3,13,13,1.0000,3.0000,1,58.507,3.988
9013,barabasi_albert,random,17,16,6,6,6,1.0000,6.0000,1,28.766,1.592
9014,random_tree,random,36,35,4,14,14,1.0000,4.0000,1,61.615,2.083
9015,path,bounded,30,29,2,10,10,1.0000,2.0000,1,85.288,26.567
9016,cycle,bounded,6,6,2,2,2,1.0000,2.0000,1,16.502,32.329
9017,ladder,bounded,12,16,3,4,4,1.0000,3.0000,1,26.895,16.599
9018,grid,bounded,18,27,4,6,6,1.0000,4.0000,1,53.919,26.904
9019,regular,bounded,21,42,4,5,5,1.0000,4.0000,1,35.195,54.017
9020,balanced_tree,bounded,15,14,3,5,5,1.0000,3.0000,1,18.613,19.943
9021,lollipop,bounded,13,22,6,3,3,1.0000,6.0000,1,29.315,27.846
9022,clique,rigid,13,78,12,1,1,1.0000,1.0000,1,31.931,3.417
9023,star,rigid,23,22,22,1,1,1.0000,1.0000,1,28.271,1.796
9024,complete_bipartite,rigid,16,55,11,5,5,1.0000,1.0000,1,51.968,2.341
9025,crown,rigid,12,30,5,2,2,1.0000,1.0000,1,14.072,18.974
9026,double_star,rigid,11,10,8,3,3,1.0000,1.0000,1,27.457,3.396
9027,erdos_renyi,random,26,30,6,11,11,1.0000,6.0000,1,72.647,13.851
9028,barabasi_albert,random,34,33,9,14,14,1.0000,9.0000,1,85.149,2.028
9029,random_tree,random,23,22,4,8,8,1.0000,4.0000,1,37.697,1.951
9030,path,bounded,32,31,2,11,11,1.0000,2.0000,1,64.941,31.265
9031,cycle,bounded,39,39,2,13,13,1.0000,2.0000,1,112.487,15.146
9032,ladder,bounded,12,16,3,4,4,1.0000,3.0000,1,33.216,29.010
9033,grid,bounded,24,38,4,7,7,1.0000,4.0000,1,58.758,19.398
9034,regular,bounded,18,36,4,4,4,1.0000,4.0000,1,31.129,43.417
9035,balanced_tree,bounded,13,12,4,3,3,1.0000,4.0000,1,15.591,1.389
9036,lollipop,bounded,13,18,5,4,4,1.0000,5.0000,1,14.462,17.065
9037,clique,rigid,2,1,1,1,1,1.0000,1.0000,1,3.500,1.578
9038,star,rigid,6,5,5,1,1,1.0000,1.0000,1,6.172,1.290
9039,complete_bipartite,rigid,11,18,9,2,2,1.0000,1.0000,1,15.174,1.511
9040,crown,rigid,4,2,1,2,2,1.0000,1.0000,1,4.917,1.085
9041,double_star,rigid,22,21,12,10,10,1.0000,1.0000,1,20.876,1.587
9042,erdos_renyi,random,26,109,13,4,4,1.0000,13.0000,1,140.920,24.946
9043,barabasi_albert,random,15,26,10,3,3,1.0000,10.0000,1,28.192,14.992
9044,random_tree,random,2,1,1,1,1,1.0000,1.0000,1,2.236,1.196
9045,path,bounded,39,38,2,13,13,1.0000,2.0000,1,78.544,19.288
9046,cycle,bounded,16,16,2,6,6,1.0000,2.0000,1,19.533,14.392
9047,ladder,bounded,20,28,3,6,6,1.0000,3.0000,1,56.740,27.909
9048,grid,bounded,8,10,3,3,3,1.0000,4.0000,1,25.175,27.822
9049,regular,bounded,22,55,5,5,5,1.0000,5.0000,1,74.498,29.864
9050,balanced_tree,bounded,13,12,4,3,3,1.0000,4.0000,1,13.709,1.389
9051,lollipop,bounded,12,17,5,3,3,1.0000,5.0000,1,13.245,29.870
9052,clique,rigid,4,6,3,1,1,1.0000,1.0000,1,10.931,2.335
9053,star,rigid,3,2,2,1,1,1.0000,1.0000,1,4.957,1.222
9054,complete_bipartite,rigid,7,12,4,3,3,1.0000,1.0000,1,9.320,1.341
9055,crown,rigid,4,2,1,2,2,1.0000,1.0000,1,5.008,1.136
9056,double_star,rigid,14,13,7,7,7,1.0000,1.0000,1,20.451,2.439
9057,erdos_renyi,random,26,95,10,4,4,1.0000,10.0000,1,95.435,35.658
9058,barabasi_albert,random,29,28,12,12,12,1.0000,12.0000,1,40.050,2.583
9059,random_tree,random,34,33,4,13,13,1.0000,4.0000,1,94.979,19.706
9060,path,bounded,40,39,2,14,14,1.0000,2.0000,1,114.535,23.466
9061,cycle,bounded,4,4,2,2,2,1.0000,2.0000,1,7.969,1.837
9062,ladder,bounded,24,34,3,7,7,1.0000,3.0000,1,85.456,25.486
9063,grid,bounded,8,10,3,3,3,1.0000,4.0000,1,18.566,15.556
9064,regular,bounded,32,80,5,7,7,1.0000,5.0000,1,169.911,140.048
9065,balanced_tree,bounded,15,14,3,5,5,1.0000,3.0000,1,19.341,17.142
9066,lollipop,bounded,8,22,7,1,1,1.0000,7.0000,1,14.367,18.962
9067,clique,rigid,6,15,5,1,1,1.0000,1.0000,1,10.680,2.742
9068,star,rigid,19,18,18,1,1,1.0000,1.0000,1,24.329,2.652
9069,complete_bipartite,rigid,5,6,3,2,2,1.0000,1.0000,1,14.713,2.391
9070,crown,rigid,6,6,2,2,2,1.0000,1.0000,1,8.225,24.130
9071,double_star,rigid,6,5,4,2,2,1.0000,1.0000,1,11.266,1.793
9072,erdos_renyi,random,16,8,3,10,10,1.0000,3.0000,1,23.558,3.117
9073,barabasi_albert,random,21,20,8,7,7,1.0000,8.0000,1,44.912,4.371
9074,random_tree,random,20,19,4,8,8,1.0000,4.0000,1,65.545,18.202
9075,path,bounded,28,27,2,10,10,1.0000,2.0000,1,59.652,36.567
9076,cycle,bounded,22,22,2,8,8,1.0000,2.0000,1,39.596,16.800
9077,ladder,bounded,28,40,3,8,8,1.0000,3.0000,1,85.785,27.656
9078,grid,bounded,18,27,4,6,6,1.0000,4.0000,1,46.817,36.926
9079,regular,bounded,28,56,4,7,7,1.0000,4.0000,1,63.190,52.535
9080,balanced_tree,bounded,15,14,3,5,5,1.0000,3.0000,1,39.264,32.711
9081,lollipop,bounded,17,31,7,4,4,1.0000,7.0000,1,35.769,26.784
9082,clique,rigid,8,28,7,1,1,1.0000,1.0000,1,11.074,1.643
9083,star,rigid,22,21,21,1,1,1.0000,1.0000,1,27.511,3.655
9084,complete_bipartite,rigid,14,40,10,4,4,1.0000,1.0000,1,36.023,3.010
9085,crown,rigid,6,6,2,2,2,1.0000,1.0000,1,13.314,25.355
9086,double_star,rigid,13,12,9,4,4,1.0000,1.0000,1,19.435,2.859
9087,erdos_renyi,random,22,66,11,4,4,1.0000,11.0000,1,79.208,14.948
9088,barabasi_albert,random,8,12,5,3,3,1.0000,5.0000,1,20.389,2.242
9089,random_tree,random,40,39,5,15,15,1.0000,5.0000,1,82.686,68.053
9090,path,bounded,25,24,2,9,9,1.0000,2.0000,1,37.539,27.001
9091,cycle,bounded,3,3,2,1,1,1.0000,2.0000,1,7.326,1.816
9092,ladder,bounded,8,10,3,3,3,1.0000,3.0000,1,19.428,26.794
9093,grid,bounded,8,10,3,3,3,1.0000,4.0000,1,18.018,15.126
9094,regular,bounded,12,24,4,3,3,1.0000,4.0000,1,38.685,22.152
9095,balanced_tree,bounded,13,12,4,3,3,1.0000,4.0000,1,28.235,4.376
9096,lollipop,bounded,8,17,6,2,2,1.0000,6.0000,1,20.716,3.359
9097,clique,rigid,10,45,9,1,1,1.0000,1.0000,1,27.632,3.529
9098,star,rigid,13,12,12,1,1,1.0000,1.0000,1,16.020,1.546
9099,complete_bipartite,rigid,14,33,11,3,3,1.0000,1.0000,1,23.017,1.804
9100,crown,rigid,10,20,4,2,2,1.0000,1.0000,1,20.006,20.104
9101,double_star,rigid,12,11,10,2,2,1.0000,1.0000,1,25.986,3.356
9102,erdos_renyi,random,23,95,13,3,3,1.0000,13.0000,1,84.070,20.010
9103,barabasi_albert,random,27,50,14,10,10,1.0000,14.0000,1,106.273,22.961
9104,random_tree,random,7,6,3,2,2,1.0000,3.0000,1,8.932,1.466
9105,path,bounded,12,11,2,4,4,1.0000,2.0000,1,13.365,19.185
9106,cycle,bounded,40,40,2,14,14,1.0000,2.0000,1,84.379,41.241
9107,ladder,bounded,4,4,2,2,2,1.0000,3.0000,1,11.257,3.680
9108,grid,bounded,8,10,3,3,3,1.0000,4.0000,1,15.229,13.287
9109,regular,bounded,12,30,5,3,3,1.0000,5.0000,1,20.172,6.607
9110,balanced_tree,bounded,15,14,3,5,5,1.0000,3.0000,1,19.599,16.723
9111,lollipop,bounded,11,11,3,4,4,1.0000,3.0000,1,13.263,29.562
9112,clique,rigid,10,45,9,1,1,1.0000,1.0000,1,14.655,1.788
9113,star,rigid,9,8,8,1,1,1.0000,1.0000,1,8.271,1.378
9114,complete_bipartite,rigid,13,22,11,2,2,1.0000,1.0000,1,21.561,1.737
9115,crown,rigid,6,6,2,2,2,1.0000,1.0000,1,11.603,31.551
9116,double_star,rigid,11,10,6,5,5,1.0000,1.0000,1,23.408,3.008
9117,erdos_renyi,random,12,24,6,3,3,1.0000,6.0000,1,52.860,30.201
9118,barabasi_albert,random,18,17,8,8,8,1.0000,8.0000,1,29.704,1.814
9119,random_tree,random,3,2,2,1,1,1.0000,2.0000,1,3.949,1.273
9120,path,bounded,10,9,2,4,4,1.0000,2.0000,1,11.784,17.912
9121,cycle,bounded,17,17,2,6,6,1.0000,2.0000,1,36.181,20.007
9122,ladder,bounded,36,52,3,10,10,1.0000,3.0000,1,136.447,73.701
9123,grid,bounded,12,16,3,4,4,1.0000,4.0000,1,28.072,24.833
9124,regular,bounded,24,60,5,5,5,1.0000,5.0000,1,57.733,67.230
9125,balanced_tree,bounded,13,12,4,3,3,1.0000,4.0000,1,29.240,2.695
9126,lollipop,bounded,14,34,8,3,3,1.0000,8.0000,1,38.528,28.987
9127,clique,rigid,12,66,11,1,1,1.0000,1.0000,1,27.766,1.975
9128,star,rigid,3,2,2,1,1,1.0000,1.0000,1,4.042,1.178
9129,complete_bipartite,rigid,19,88,11,8,8,1.0000,1.0000,1,48.446,2.627
9130,crown,rigid,8,12,3,2,2,1.0000,1.0000,1,10.396,22.983
9131,double_star,rigid,4,3,2,2,2,1.0000,1.0000,1,9.557,2.429
9132,erdos_renyi,random,8,12,5,3,3,1.0000,5.0000,1,20.828,38.500
9133,barabasi_albert,random,9,14,7,2,2,1.0000,7.0000,1,12.297,15.452
9134,random_tree,random,16,15,3,7,7,1.0000,3.0000,1,33.316,2.889
9135,path,bounded,18,17,2,6,6,1.0000,2.0000,1,31.750,15.022
9136,cycle,bounded,30,30,2,10,10,1.0000,2.0000,1,68.716,30.473
9137,ladder,bounded,24,34,3,7,7,1.0000,3.0000,1,90.074,27.386
9138,grid,bounded,15,22,4,4,4,1.0000,4.0000,1,36.571,21.373
9139,regular,bounded,8,20,5,2,2,1.0000,5.0000,1,12.658,17.478
9140,balanced_tree,bounded,13,12,4,3,3,1.0000,4.0000,1,18.105,2.847
9141,lollipop,bounded,7,16,6,1,1,1.0000,6.0000,1,15.107,14.814
9142,clique,rigid,5,10,4,1,1,1.0000,1.0000,1,10.791,2.839
9143,star,rigid,26,25,25,1,1,1.0000,1.0000,1,40.623,3.102
9144,complete_bipartite,rigid,12,32,8,4,4,1.0000,1.0000,1,26.633,3.375
9145,crown,rigid,6,6,2,2,2,1.0000,1.0000,1,11.775,20.004
9146,double_star,rigid,5,4,3,2,2,1.0000,1.0000,1,9.918,3.687
9147,erdos_renyi,random,26,55,9,7,7,1.0000,9.0000,1,90.318,40.419
9148,barabasi_albert,random,15,26,8,5,5,1.0000,8.0000,1,46.014,29.808
9149,random_tree,random,23,22,5,9,9,1.0000,5.0000,1,39.137,1.776
9150,path,bounded,7,6,2,3,3,1.0000,2.0000,1,7.187,1.362
9151,cycle,bounded,13,13,2,5,5,1.0000,2.0000,1,13.188,20.453
9152,ladder,bounded,8,10,3,3,3,1.0000,3.0000,1,14.710,22.423
9153,grid,bounded,6,7,3,2,2,1.0000,4.0000,1,7.817,17.048
9154,regular,bounded,34,51,3,10,9,1.1111,3.0000,1,94.233,89.917
9155,balanced_tree,bounded,15,14,3,5,5,1.0000,3.0000,1,29.445,17.130
9156,lollipop,bounded,8,22,7,1,1,1.0000,7.0000,1,17.779,22.086
9157,clique,rigid,8,28,7,1,1,1.0000,1.0000,1,19.746,3.558
9158,star,rigid,13,12,12,1,1,1.0000,1.0000,1,24.278,2.809
9159,complete_bipartite,rigid,14,45,9,5,5,1.0000,1.0000,1,42.037,2.142
9160,crown,rigid,4,2,1,2,2,1.0000,1.0000,1,5.163,1.351
9161,double_star,rigid,14,13,10,4,4,1.0000,1.0000,1,14.629,2.744
9162,erdos_renyi,random,33,41,5,14,14,1.0000,5.0000,1,95.868,16.143
9163,barabasi_albert,random,8,12,5,3,3,1.0000,5.0000,1,20.002,16.590
9164,random_tree,random,23,22,3,8,8,1.0000,3.0000,1,62.886,3.121
9165,path,bounded,24,23,2,8,8,1.0000,2.0000,1,53.589,25.299
9166,cycle,bounded,20,20,2,7,7,1.0000,2.0000,1,33.545,18.615
9167,ladder,bounded,30,43,3,8,8,1.0000,3.0000,1,98.983,24.070
9168,grid,bounded,4,4,2,2,2,1.0000,4.0000,1,8.276,2.722
9169,regular,bounded,5,10,4,1,1,1.0000,4.0000,1,5.864,1.785
9170,balanced_tree,bounded,13,12,4,3,3,1.0000,4.0000,1,23.079,1.779
9171,lollipop,bounded,12,32,8,2,2,1.0000,8.0000,1,19.022,2.148
9172,clique,rigid,3,3,2,1,1,1.0000,1.0000,1,4.344,1.690
9173,star,rigid,14,13,13,1,1,1.0000,1.0000,1,14.619,1.659
9174,complete_bipartite,rigid,13,30,10,3,3,1.0000,1.0000,1,42.534,4.037
9175,crown,rigid,12,30,5,2,2,1.0000,1.0000,1,55.630,35.645
9176,double_star,rigid,12,11,7,5,5,1.0000,1.0000,1,25.346,3.189
9177,erdos_renyi,random,29,74,9,7,7,1.0000,9.0000,1,121.079,120.916
9178,barabasi_albert,random,10,16,7,2,2,1.0000,7.0000,1,25.820,25.706
9179,random_tree,random,28,27,4,10,10,1.0000,4.0000,1,44.085,16.039
9180,path,bounded,37,36,2,13,13,1.0000,2.0000,1,81.449,21.462
9181,cycle,bounded,20,20,2,7,7,1.0000,2.0000,1,48.268,23.729
9182,ladder,bounded,32,46,3,9,9,1.0000,3.0000,1,102.286,15.314
9183,grid,bounded,20,31,4,6,6,1.0000,4.0000,1,57.518,21.497
9184,regular,bounded,6,6,2,2,2,1.0000,2.0000,1,12.158,29.275
9185,balanced_tree,bounded,15,14,3,5,5,1.0000,3.0000,1,32.593,21.008
9186,lollipop,bounded,5,7,4,1,1,1.0000,4.0000,1,8.911,14.789
9187,clique,rigid,10,45,9,1,1,1.0000,1.0000,1,19.912,4.801
9188,star,rigid,15,14,14,1,1,1.0000,1.0000,1,28.776,3.903
9189,complete_bipartite,rigid,16,60,10,6,6,1.0000,1.0000,1,97.899,6.513
9190,crown,rigid,12,30,5,2,2,1.0000,1.0000,1,36.354,27.607
9191,double_star,rigid,11,10,9,2,2,1.0000,1.0000,1,18.015,2.136
9192,erdos_renyi,random,29,65,9,7,7,1.0000,9.0000,1,170.560,56.324
9193,barabasi_albert,random,8,12,4,2,2,1.0000,4.0000,1,15.707,12.706
9194,random_tree,random,2,1,1,1,1,1.0000,1.0000,1,3.093,1.554
9195,path,bounded,30,29,2,10,10,1.0000,2.0000,1,46.981,28.160
9196,cycle,bounded,21,21,2,7,7,1.0000,2.0000,1,42.751,23.263
9197,ladder,bounded,36,52,3,10,10,1.0000,3.0000,1,125.517,31.510
9198,grid,bounded,20,31,4,6,6,1.0000,4.0000,1,37.889,16.671
9199,regular,bounded,8,16,4,2,2,1.0000,4.0000,1,10.617,21.338
9200,balanced_tree,bounded,13,12,4,3,3,1.0000,4.0000,1,30.075,3.248
9201,lollipop,bounded,18,27,6,5,5,1.0000,6.0000,1,37.903,24.579
9202,clique,rigid,4,6,3,1,1,1.0000,1.0000,1,5.529,1.670
9203,star,rigid,25,24,24,1,1,1.0000,1.0000,1,21.745,1.924
9204,complete_bipartite,rigid,19,84,12,7,7,1.0000,1.0000,1,76.440,5.315
9205,crown,rigid,6,6,2,2,2,1.0000,1.0000,1,9.063,30.414
9206,double_star,rigid,9,8,6,3,3,1.0000,1.0000,1,15.417,2.557
9207,erdos_renyi,random,23,95,14,3,3,1.0000,14.0000,1,135.127,27.282
9208,barabasi_albert,random,27,26,8,10,10,1.0000,8.0000,1,55.336,1.937
9209,random_tree,random,27,26,4,10,10,1.0000,4.0000,1,59.917,2.419
9210,path,bounded,12,11,2,4,4,1.0000,2.0000,1,13.187,14.607
9211,cycle,bounded,23,23,2,8,8,1.0000,2.0000,1,33.183,16.511
9212,ladder,bounded,22,31,3,6,6,1.0000,3.0000,1,50.831,24.002
9213,grid,bounded,10,13,3,3,3,1.0000,4.0000,1,18.053,18.523
9214,regular,bounded,10,20,4,2,2,1.0000,4.0000,1,20.447,17.817
9215,balanced_tree,bounded,13,12,4,3,3,1.0000,4.0000,1,31.807,3.626
9216,lollipop,bounded,19,39,8,5,5,1.0000,8.0000,1,54.907,16.314
9217,clique,rigid,7,21,6,1,1,1.0000,1.0000,1,10.034,1.874
9218,star,rigid,15,14,14,1,1,1.0000,1.0000,1,14.879,2.197
9219,complete_bipartite,rigid,14,33,11,3,3,1.0000,1.0000,1,34.027,2.643
9220,crown,rigid,6,6,2,2,2,1.0000,1.0000,1,7.230,14.326
9221,double_star,rigid,12,11,10,2,2,1.0000,1.0000,1,16.939,1.534
9222,erdos_renyi,random,19,21,5,9,9,1.0000,5.0000,1,25.206,14.274
9223,barabasi_albert,random,23,22,7,10,10,1.0000,7.0000,1,32.372,2.208
9224,random_tree,random,27,26,5,9,9,1.0000,5.0000,1,60.105,3.187
9225,path,bounded,28,27,2,10,10,1.0000,2.0000,1,42.495,24.419
9226,cycle,bounded,15,15,2,5,5,1.0000,2.0000,1,23.476,16.156
9227,ladder,bounded,22,31,3,6,6,1.0000,3.0000,1,42.114,13.198
9228,grid,bounded,12,16,3,4,4,1.0000,4.0000,1,22.613,19.057
9229,regular,bounded,28,70,5,6,6,1.0000,5.0000,1,107.581,73.118
9230,balanced_tree,bounded,15,14,3,5,5,1.0000,3.0000,1,39.956,29.652
9231,lollipop,bounded,7,16,6,1,1,1.0000,6.0000,1,9.641,11.439
9232,clique,rigid,6,15,5,1,1,1.0000,1.0000,1,8.098,1.385
9233,star,rigid,14,13,13,1,1,1.0000,1.0000,1,12.740,1.467
9234,complete_bipartite,rigid,16,55,11,5,5,1.0000,1.0000,1,48.993,4.558
9235,crown,rigid,10,20,4,2,2,1.0000,1.0000,1,23.951,22.393
9236,double_star,rigid,18,17,12,6,6,1.0000,1.0000,1,32.353,1.537
9237,erdos_renyi,random,24,39,5,6,6,1.0000,5.0000,1,41.614,20.949
9238,barabasi_albert,random,11,10,4,4,4,1.0000,4.0000,1,29.878,2.785
9239,random_tree,random,34,33,5,13,13,1.0000,5.0000,1,76.912,2.084
9240,path,bounded,22,21,2,8,8,1.0000,2.0000,1,48.222,28.932
9241,cycle,bounded,21,21,2,7,7,1.0000,2.0000,1,55.212,16.140
9242,ladder,bounded,26,37,3,7,7,1.0000,3.0000,1,48.302,13.588
9243,grid,bounded,24,38,4,7,7,1.0000,4.0000,1,91.093,42.122
9244,regular,bounded,9,9,2,3,3,1.0000,2.0000,1,12.405,15.999
9245,balanced_tree,bounded,13,12,4,3,3,1.0000,4.0000,1,14.572,1.572
9246,lollipop,bounded,10,10,3,3,3,1.0000,3.0000,1,10.305,15.125
9247,clique,rigid,3,3,2,1,1,1.0000,1.0000,1,4.602,1.852
9248,star,rigid,31,30,30,1,1,1.0000,1.0000,1,47.986,1.734
9249,complete_bipartite,rigid,18,80,10,8,8,1.0000,1.0000,1,69.327,5.041
9250,crown,rigid,10,20,4,2,2,1.0000,1.0000,1,13.504,11.609
9251,double_star,rigid,5,4,3,2,2,1.0000,1.0000,1,6.760,1.272
9252,erdos_renyi,random,23,54,11,5,5,1.0000,11.0000,1,74.610,24.605
9253,barabasi_albert,random,27,26,10,12,12,1.0000,10.0000,1,38.959,2.790
9254,random_tree,random,28,27,6,9,9,1.0000,6.0000,1,47.923,32.545
9255,path,bounded,5,4,2,2,2,1.0000,2.0000,1,12.233,2.336
9256,cycle,bounded,30,30,2,10,10,1.0000,2.0000,1,89.353,32.228
9257,ladder,bounded,6,7,3,2,2,1.0000,3.0000,1,19.028,21.867
9258,grid,bounded,15,22,4,4,4,1.0000,4.0000,1,27.825,14.310
9259,regular,bounded,31,31,2,11,11,1.0000,2.0000,1,77.135,21.461
9260,balanced_tree,bounded,15,14,3,5,5,1.0000,3.0000,1,26.453,36.562
9261,lollipop,bounded,18,38,8,4,4,1.0000,8.0000,1,28.107,27.144
9262,clique,rigid,1,0,0,1,1,1.0000,1.0000,1,2.564,2.888
9263,star,rigid,4,3,3,1,1,1.0000,1.0000,1,6.603,2.840
9264,complete_bipartite,rigid,20,100,10,10,10,1.0000,1.0000,1,79.847,3.377
9265,crown,rigid,6,6,2,2,2,1.0000,1.0000,1,10.755,26.375
9266,double_star,rigid,15,14,9,6,6,1.0000,1.0000,1,17.021,1.615
9267,erdos_renyi,random,33,68,10,9,9,1.0000,10.0000,1,122.734,76.522
9268,barabasi_albert,random,17,16,9,8,8,1.0000,9.0000,1,32.875,1.636
9269,random_tree,random,3,2,2,1,1,1.0000,2.0000,1,3.924,1.187
9270,path,bounded,40,39,2,14,14,1.0000,2.0000,1,115.978,24.870
9271,cycle,bounded,16,16,2,6,6,1.0000,2.0000,1,56.399,21.960
9272,ladder,bounded,32,46,3,9,9,1.0000,3.0000,1,110.269,26.651
9273,grid,bounded,12,17,4,4,4,1.0000,4.0000,1,25.491,24.517
9274,regular,bounded,10,15,3,3,3,1.0000,3.0000,1,12.643,15.707
9275,balanced_tree,bounded,13,12,4,3,3,1.0000,4.0000,1,31.190,2.265
9276,lollipop,bounded,17,31,7,4,4,1.0000,7.0000,1,25.649,26.716
9277,clique,rigid,9,36,8,1,1,1.0000,1.0000,1,30.296,3.198
9278,star,rigid,10,9,9,1,1,1.0000,1.0000,1,19.114,2.095
9279,complete_bipartite,rigid,19,90,10,9,9,1.0000,1.0000,1,82.588,3.188
9280,crown,rigid,8,12,3,2,2,1.0000,1.0000,1,10.591,27.071
9281,double_star,rigid,8,7,4,4,4,1.0000,1.0000,1,12.041,1.704
9282,erdos_renyi,random,31,152,17,4,4,1.0000,17.0000,1,201.522,14.893
9283,barabasi_albert,random,29,54,14,9,9,1.0000,14.0000,1,88.089,15.428
9284,random_tree,random,38,37,5,16,16,1.0000,5.0000,1,117.974,16.212
9285,path,bounded,21,20,2,7,7,1.0000,2.0000,1,64.278,30.584
9286,cycle,bounded,29,29,2,10,10,1.0000,2.0000,1,76.148,32.176
9287,ladder,bounded,4,4,2,2,2,1.0000,3.0000,1,6.131,1.622
9288,grid,bounded,16,24,4,4,4,1.0000,4.0000,1,26.021,13.404
9289,regular,bounded,27,54,4,7,7,1.0000,4.0000,1,74.473,84.981
9290,balanced_tree,bounded,13,12,4,3,3,1.0000,4.0000,1,16.054,3.418
9291,lollipop,bounded,9,11,4,3,3,1.0000,4.0000,1,33.713,41.730
9292,clique,rigid,7,21,6,1,1,1.0000,1.0000,1,14.050,3.699
9293,star,rigid,23,22,22,1,1,1.0000,1.0000,1,31.601,2.803
9294,complete_bipartite,rigid,17,70,10,7,7,1.0000,1.0000,1,46.031,2.696
9295,crown,rigid,10,20,4,2,2,1.0000,1.0000,1,13.300,28.935
9296,double_star,rigid,18,17,12,6,6,1.0000,1.0000,1,34.464,2.058
9297,erdos_renyi,random,11,13,4,4,4,1.0000,4.0000,1,22.398,29.752
9298,barabasi_albert,random,33,32,6,15,15,1.0000,6.0000,1,89.258,3.835
9299,random_tree,random,11,10,5,5,5,1.0000,5.0000,1,25.790,4.381
9300,path,bounded,17,16,2,6,6,1.0000,2.0000,1,37.614,30.379
9301,cycle,bounded,12,12,2,4,4,1.0000,2.0000,1,25.789,20.330
9302,ladder,bounded,22,31,3,6,6,1.0000,3.0000,1,52.392,16.626
9303,grid,bounded,6,7,3,2,2,1.0000,4.0000,1,10.963,26.265
9304,regular,bounded,29,58,4,7,7,1.0000,4.0000,1,131.320,60.442
9305,balanced_tree,bounded,15,14,3,5,5,1.0000,3.0000,1,34.006,33.351
9306,lollipop,bounded,7,9,4,2,2,1.0000,4.0000,1,13.180,2.582
9307,clique,rigid,13,78,12,1,1,1.0000,1.0000,1,45.683,3.734
9308,star,rigid,31,30,30,1,1,1.0000,1.0000,1,53.562,2.615
9309,complete_bipartite,rigid,7,12,4,3,3,1.0000,1.0000,1,15.813,1.820
9310,crown,rigid,6,6,2,2,2,1.0000,1.0000,1,10.052,19.223
9311,double_star,rigid,20,19,12,8,8,1.0000,1.0000,1,27.443,2.234
9312,erdos_renyi,random,19,54,9,3,3,1.0000,9.0000,1,63.847,26.804
9313,barabasi_albert,random,32,31,11,14,14,1.0000,11.0000,1,94.623,4.233
9314,random_tree,random,20,19,5,8,8,1.0000,5.0000,1,47.767,3.553
9315,path,bounded,38,37,2,13,13,1.0000,2.0000,1,78.332,15.279
9316,cycle,bounded,17,17,2,6,6,1.0000,2.0000,1,41.859,27.945
9317,ladder,bounded,26,37,3,7,7,1.0000,3.0000,1,95.341,32.614
9318,grid,bounded,12,16,3,4,4,1.0000,4.0000,1,26.293,29.757
9319,regular,bounded,8,12,3,2,2,1.0000,3.0000,1,14.814,13.920
9320,balanced_tree,bounded,15,14,3,5,5,1.0000,3.0000,1,36.494,23.335
9321,lollipop,bounded,8,22,7,1,1,1.0000,7.0000,1,15.460,25.194
9322,clique,rigid,13,78,12,1,1,1.0000,1.0000,1,45.175,5.602
9323,star,rigid,7,6,6,1,1,1.0000,1.0000,1,9.315,1.730
9324,complete_bipartite,rigid,8,12,6,2,2,1.0000,1.0000,1,21.026,3.336
9325,crown,rigid,8,12,3,2,2,1.0000,1.0000,1,13.281,23.829
9326,double_star,rigid,11,10,8,3,3,1.0000,1.0000,1,21.104,3.927
9327,erdos_renyi,random,25,59,9,5,5,1.0000,9.0000,1,116.983,16.560
9328,barabasi_albert,random,15,26,9,5,5,1.0000,9.0000,1,46.013,13.991
9329,random_tree,random,18,17,5,7,7,1.0000,5.0000,1,50.793,21.774
9330,path,bounded,10,9,2,4,4,1.0000,2.0000,1,16.466,20.861
9331,cycle,bounded,4,4,2,2,2,1.0000,2.0000,1,5.844,1.733
9332,ladder,bounded,22,31,3,6,6,1.0000,3.0000,1,50.632,13.884
9333,grid,bounded,20,31,4,6,6,1.0000,4.0000,1,53.521,26.166
9334,regular,bounded,32,48,3,9,9,1.0000,3.0000,1,96.602,72.952
9335,balanced_tree,bounded,15,14,3,5,5,1.0000,3.0000,1,37.812,17.125
9336,lollipop,bounded,8,10,4,2,2,1.0000,4.0000,1,9.469,1.491
9337,clique,rigid,1,0,0,1,1,1.0000,1.0000,1,1.665,1.154
9338,star,rigid,10,9,9,1,1,1.0000,1.0000,1,12.584,2.889
9339,complete_bipartite,rigid,12,36,6,6,6,1.0000,1.0000,1,46.933,4.511
9340,crown,rigid,6,6,2,2,2,1.0000,1.0000,1,12.390,31.672
9341,double_star,rigid,12,11,7,5,5,1.0000,1.0000,1,31.160,3.989
9342,erdos_renyi,random,25,49,7,7,7,1.0000,7.0000,1,57.592,16.902
9343,barabasi_albert,random,12,11,5,4,4,1.0000,5.0000,1,13.313,1.539
9344,random_tree,random,8,7,3,4,4,1.0000,3.0000,1,8.612,1.334
9345,path,bounded,23,22,2,8,8,1.0000,2.0000,1,38.850,43.279
9346,cycle,bounded,31,31,2,11,11,1.0000,2.0000,1,94.344,44.313
9347,ladder,bounded,36,52,3,10,10,1.0000,3.0000,1,129.990,39.674
9348,grid,bounded,12,17,4,4,4,1.0000,4.0000,1,20.490,14.983
9349,regular,bounded,18,36,4,5,4,1.2500,4.0000,1,40.444,20.621
9350,balanced_tree,bounded,13,12,4,3,3,1.0000,4.0000,1,16.073,3.132
9351,lollipop,bounded,15,35,8,3,3,1.0000,8.0000,1,33.746,29.898
9352,clique,rigid,4,6,3,1,1,1.0000,1.0000,1,5.737,2.186
9353,star,rigid,19,18,18,1,1,1.0000,1.0000,1,15.704,1.631
9354,complete_bipartite,rigid,22,121,11,11,11,1.0000,1.0000,1,98.907,7.394
9355,crown,rigid,4,2,1,2,2,1.0000,1.0000,1,5.733,1.121
9356,double_star,rigid,17,16,10,7,7,1.0000,1.0000,1,42.293,3.345
9357,erdos_renyi,random,34,202,18,4,4,1.0000,18.0000,1,278.043,37.317
9358,barabasi_albert,random,30,29,12,12,12,1.0000,12.0000,1,55.604,4.113
9359,random_tree,random,19,18,3,6,6,1.0000,3.0000,1,39.477,35.366
9360,path,bounded,25,24,2,9,9,1.0000,2.0000,1,47.717,24.149
9361,cycle,bounded,31,31,2,11,11,1.0000,2.0000,1,73.118,25.251
9362,ladder,bounded,26,37,3,7,7,1.0000,3.0000,1,58.685,14.887
9363,grid,bounded,4,4,2,2,2,1.0000,4.0000,1,8.878,2.956
9364,regular,bounded,6,9,3,2,2,1.0000,3.0000,1,11.313,16.639
9365,balanced_tree,bounded,13,12,4,3,3,1.0000,4.0000,1,18.512,1.974
9366,lollipop,bounded,19,39,8,5,5,1.0000,8.0000,1,26.361,29.934
9367,clique,rigid,7,21,6,1,1,1.0000,1.0000,1,13.753,1.973
9368,star,rigid,27,26,26,1,1,1.0000,1.0000,1,35.443,2.909
9369,complete_bipartite,rigid,9,8,8,1,1,1.0000,1.0000,1,12.876,3.206
9370,crown,rigid,8,12,3,2,2,1.0000,1.0000,1,10.952,18.357
9371,double_star,rigid,15,14,8,7,7,1.0000,1.0000,1,28.637,2.462
9372,erdos_renyi,random,23,81,11,3,3,1.0000,11.0000,1,111.887,13.470
9373,barabasi_albert,random,32,60,10,10,10,1.0000,10.0000,1,108.102,32.472
9374,random_tree,random,8,7,4,3,3,1.0000,4.0000,1,16.999,2.900
9375,path,bounded,24,23,2,8,8,1.0000,2.0000,1,34.144,28.528
9376,cycle,bounded,12,12,2,4,4,1.0000,2.0000,1,23.435,28.693
9377,ladder,bounded,22,31,3,6,6,1.0000,3.0000,1,45.374,15.802
9378,grid,bounded,12,17,4,4,4,1.0000,4.0000,1,19.547,20.183
9379,regular,bounded,25,50,4,6,6,1.0000,4.0000,1,69.697,33.146
9380,balanced_tree,bounded,15,14,3,5,5,1.0000,3.0000,1,27.037,26.652
9381,lollipop,bounded,16,36,8,4,4,1.0000,8.0000,1,35.380,22.808
9382,clique,rigid,2,1,1,1,1,1.0000,1.0000,1,3.167,1.516
9383,star,rigid,7,6,6,1,1,1.0000,1.0000,1,7.615,2.135
9384,complete_bipartite,rigid,14,40,10,4,4,1.0000,1.0000,1,40.123,4.638
9385,crown,rigid,10,20,4,2,2,1.0000,1.0000,1,21.567,19.648
9386,double_star,rigid,16,15,12,4,4,1.0000,1.0000,1,33.540,3.344
9387,erdos_renyi,random,22,64,9,4,4,1.0000,9.0000,1,94.160,12.022
9388,barabasi_albert,random,32,31,7,13,13,1.0000,7.0000,1,66.035,2.003
9389,random_tree,random,5,4,2,2,2,1.0000,2.0000,1,6.500,2.302
9390,path,bounded,14,13,2,5,5,1.0000,2.0000,1,22.308,15.124
9391,cycle,bounded,30,30,2,10,10,1.0000,2.0000,1,59.425,22.217
9392,ladder,bounded,26,37,3,7,7,1.0000,3.0000,1,64.877,16.285
9393,grid,bounded,16,24,4,4,4,1.0000,4.0000,1,45.253,27.367
9394,regular,bounded,19,38,4,5,5,1.0000,4.0000,1,84.671,20.839
9395,balanced_tree,bounded,13,12,4,3,3,1.0000,4.0000,1,16.281,1.741
9396,lollipop,bounded,12,32,8,2,2,1.0000,8.0000,1,28.081,2.843
9397,clique,rigid,12,66,11,1,1,1.0000,1.0000,1,21.318,2.569
9398,star,rigid,14,13,13,1,1,1.0000,1.0000,1,17.072,6.107
9399,complete_bipartite,rigid,20,96,12,8,8,1.0000,1.0000,1,169.277,3.723
9400,crown,rigid,4,2,1,2,2,1.0000,1.0000,1,7.721,3.438
9401,double_star,rigid,16,15,13,3,3,1.0000,1.0000,1,24.436,2.162
9402,erdos_renyi,random,17,28,6,5,5,1.0000,6.0000,1,34.524,20.591
9403,barabasi_albert,random,8,7,4,4,4,1.0000,4.0000,1,18.303,2.110
9404,random_tree,random,40,39,5,15,15,1.0000,5.0000,1,164.921,25.002
9405,path,bounded,30,29,2,10,10,1.0000,2.0000,1,82.622,21.797
9406,cycle,bounded,33,33,2,11,11,1.0000,2.0000,1,94.687,19.007
9407,ladder,bounded,8,10,3,3,3,1.0000,3.0000,1,13.945,20.745
9408,grid,bounded,12,16,3,4,4,1.0000,4.0000,1,23.192,25.782
9409,regular,bounded,18,27,3,5,5,1.0000,3.0000,1,45.600,32.007
9410,balanced_tree,bounded,15,14,3,5,5,1.0000,3.0000,1,39.893,42.224
9411,lollipop,bounded,8,10,4,2,2,1.0000,4.0000,1,19.393,3.842
9412,clique,rigid,2,1,1,1,1,1.0000,1.0000,1,2.948,2.399
9413,star,rigid,26,25,25,1,1,1.0000,1.0000,1,42.372,3.992
9414,complete_bipartite,rigid,8,15,5,3,3,1.0000,1.0000,1,24.241,3.881
9415,crown,rigid,8,12,3,2,2,1.0000,1.0000,1,19.433,17.225
9416,double_star,rigid,8,7,6,2,2,1.0000,1.0000,1,9.666,3.142
9417,erdos_renyi,random,10,8,3,5,5,1.0000,3.0000,1,20.711,15.775
9418,barabasi_albert,random,30,29,13,11,11,1.0000,13.0000,1,56.970,2.859
9419,random_tree,random,20,19,4,7,7,1.0000,4.0000,1,23.994,26.581
9420,path,bounded,20,19,2,7,7,1.0000,2.0000,1,44.009,20.314
9421,cycle,bounded,37,37,2,13,13,1.0000,2.0000,1,89.338,29.562
9422,ladder,bounded,28,40,3,8,8,1.0000,3.0000,1,104.514,33.608
9423,grid,bounded,20,31,4,6,6,1.0000,4.0000,1,59.558,19.654
9424,regular,bounded,31,62,4,8,8,1.0000,4.0000,1,111.578,170.587
9425,balanced_tree,bounded,13,12,4,3,3,1.0000,4.0000,1,22.072,1.772
9426,lollipop,bounded,5,7,4,1,1,1.0000,4.0000,1,6.567,15.466
9427,clique,rigid,7,21,6,1,1,1.0000,1.0000,1,11.630,1.716
9428,star,rigid,19,18,18,1,1,1.0000,1.0000,1,37.859,4.132
9429,complete_bipartite,rigid,9,18,6,3,3,1.0000,1.0000,1,25.524,2.202
9430,crown,rigid,4,2,1,2,2,1.0000,1.0000,1,5.316,1.169
9431,double_star,rigid,11,10,7,4,4,1.0000,1.0000,1,21.008,3.048
9432,erdos_renyi,random,10,15,6,4,4,1.0000,6.0000,1,26.256,23.380
9433,barabasi_albert,random,8,12,6,2,2,1.0000,6.0000,1,18.634,27.639
9434,random_tree,random,39,38,5,14,14,1.0000,5.0000,1,101.036,30.804
9435,path,bounded,2,1,1,1,1,1.0000,2.0000,1,4.722,1.429
9436,cycle,bounded,8,8,2,3,3,1.0000,2.0000,1,8.113,28.960
9437,ladder,bounded,6,7,3,2,2,1.0000,3.0000,1,13.696,23.102
9438,grid,bounded,12,17,4,4,4,1.0000,4.0000,1,19.764,16.370
9439,regular,bounded,21,42,4,5,5,1.0000,4.0000,1,71.323,35.595
9440,balanced_tree,bounded,13,12,4,3,3,1.0000,4.0000,1,35.060,5.080
9441,lollipop,bounded,13,33,8,3,3,1.0000,8.0000,1,33.044,25.507
9442,clique,rigid,13,78,12,1,1,1.0000,1.0000,1,40.519,4.516
9443,star,rigid,29,28,28,1,1,1.0000,1.0000,1,41.569,2.335
9444,complete_bipartite,rigid,4,4,2,2,2,1.0000,1.0000,1,8.318,1.786
9445,crown,rigid,4,2,1,2,2,1.0000,1.0000,1,6.189,1.570
9446,double_star,rigid,23,22,13,10,10,1.0000,1.0000,1,41.696,2.988
9447,erdos_renyi,random,29,77,12,6,6,1.0000,12.0000,1,91.997,21.737
9448,barabasi_albert,random,32,60,18,6,6,1.0000,18.0000,1,120.415,16.141
9449,random_tree,random,35,34,5,13,13,1.0000,5.0000,1,116.823,4.555
9450,path,bounded,4,3,2,2,2,1.0000,2.0000,1,12.597,3.976
9451,cycle,bounded,30,30,2,10,10,1.0000,2.0000,1,79.385,16.572
9452,ladder,bounded,20,28,3,6,6,1.0000,3.0000,1,54.558,43.375
9453,grid,bounded,16,24,4,4,4,1.0000,4.0000,1,47.155,28.202
9454,regular,bounded,12,30,5,3,3,1.0000,5.0000,1,29.944,30.763
9455,balanced_tree,bounded,15,14,3,5,5,1.0000,3.0000,1,27.234,16.951
9456,lollipop,bounded,13,13,3,4,4,1.0000,3.0000,1,15.077,21.271
9457,clique,rigid,1,0,0,1,1,1.0000,1.0000,1,2.558,1.427
9458,star,rigid,4,3,3,1,1,1.0000,1.0000,1,4.953,1.215
9459,complete_bipartite,rigid,11,24,8,3,3,1.0000,1.0000,1,16.921,1.721
9460,crown,rigid,12,30,5,2,2,1.0000,1.0000,1,13.580,13.987
9461,double_star,rigid,21,20,11,10,10,1.0000,1.0000,1,28.193,1.721
9462,erdos_renyi,random,15,26,7,4,4,1.0000,7.0000,1,39.362,14.790
9463,barabasi_albert,random,8,12,6,2,2,1.0000,6.0000,1,12.187,34.710
9464,random_tree,random,15,14,4,6,6,1.0000,4.0000,1,34.218,1.922
9465,path,bounded,6,5,2,2,2,1.0000,2.0000,1,9.923,1.610
9466,cycle,bounded,5,5,2,2,2,1.0000,2.0000,1,6.909,18.629
9467,ladder,bounded,20,28,3,6,6,1.0000,3.0000,1,45.235,22.525
9468,grid,bounded,24,38,4,7,7,1.0000,4.0000,1,99.278,38.928
9469,regular,bounded,23,23,2,9,9,1.0000,2.0000,1,38.286,20.928
9470,balanced_tree,bounded,15,14,3,5,5,1.0000,3.0000,1,25.775,26.059
9471,lollipop,bounded,5,7,4,1,1,1.0000,4.0000,1,16.625,32.180
9472,clique,rigid,10,45,9,1,1,1.0000,1.0000,1,33.431,4.708
9473,star,rigid,7,6,6,1,1,1.0000,1.0000,1,18.850,3.450
9474,complete_bipartite,rigid,4,3,3,1,1,1.0000,1.0000,1,6.700,2.720
9475,crown,rigid,6,6,2,2,2,1.0000,1.0000,1,10.235,19.545
9476,double_star,rigid,19,18,10,9,9,1.0000,1.0000,1,22.681,3.519
9477,erdos_renyi,random,16,33,8,3,3,1.0000,8.0000,1,56.983,19.341
9478,barabasi_albert,random,21,20,12,7,7,1.0000,12.0000,1,60.661,2.733
9479,random_tree,random,7,6,3,3,3,1.0000,3.0000,1,19.778,3.258
9480,path,bounded,17,16,2,6,6,1.0000,2.0000,1,29.129,15.020
9481,cycle,bounded,12,12,2,4,4,1.0000,2.0000,1,13.698,14.495
9482,ladder,bounded,26,37,3,7,7,1.0000,3.0000,1,54.637,16.014
9483,grid,bounded,20,31,4,6,6,1.0000,4.0000,1,41.876,27.452
9484,regular,bounded,24,36,3,7,7,1.0000,3.0000,1,74.391,19.401
9485,balanced_tree,bounded,15,14,3,5,5,1.0000,3.0000,1,20.045,15.406
9486,lollipop,bounded,11,25,7,2,2,1.0000,7.0000,1,14.022,1.457
9487,clique,rigid,1,0,0,1,1,1.0000,1.0000,1,1.553,1.097
9488,star,rigid,22,21,21,1,1,1.0000,1.0000,1,19.982,2.676
9489,complete_bipartite,rigid,21,108,12,9,9,1.0000,1.0000,1,105.967,6.532
9490,crown,rigid,12,30,5,2,2,1.0000,1.0000,1,25.451,19.869
9491,double_star,rigid,11,10,8,3,3,1.0000,1.0000,1,16.872,1.794
9492,erdos_renyi,random,23,28,5,7,7,1.0000,5.0000,1,55.764,22.023
9493,barabasi_albert,random,27,50,18,5,5,1.0000,18.0000,1,56.955,12.200
9494,random_tree,random,6,5,2,2,2,1.0000,2.0000,1,8.556,1.555
9495,path,bounded,40,39,2,14,14,1.0000,2.0000,1,91.621,20.862
9496,cycle,bounded,3,3,2,1,1,1.0000,2.0000,1,5.268,2.039
9497,ladder,bounded,16,22,3,5,5,1.0000,3.0000,1,30.039,16.323
9498,grid,bounded,30,49,4,8,8,1.0000,4.0000,1,108.576,32.064
9499,regular,bounded,12,18,3,4,4,1.0000,3.0000,1,23.060,32.877
9500,balanced_tree,bounded,13,12,4,3,3,1.0000,4.0000,1,41.181,3.792
9501,lollipop,bounded,13,22,6,3,3,1.0000,6.0000,1,28.849,20.077
9502,clique,rigid,10,45,9,1,1,1.0000,1.0000,1,18.336,2.047
9503,star,rigid,18,17,17,1,1,1.0000,1.0000,1,25.268,3.267
9504,complete_bipartite,rigid,8,7,7,1,1,1.0000,1.0000,1,14.365,2.519
9505,crown,rigid,4,2,1,2,2,1.0000,1.0000,1,12.312,3.910
9506,double_star,rigid,15,14,10,5,5,1.0000,1.0000,1,27.324,1.643
9507,erdos_renyi,random,22,43,7,5,5,1.0000,7.0000,1,39.589,13.848
9508,barabasi_albert,random,13,12,8,4,4,1.0000,8.0000,1,15.734,1.545
9509,random_tree,random,2,1,1,1,1,1.0000,1.0000,1,2.606,1.126
9510,path,bounded,8,7,2,3,3,1.0000,2.0000,1,8.035,14.916
9511,cycle,bounded,27,27,2,9,9,1.0000,2.0000,1,46.304,31.734
9512,ladder,bounded,14,19,3,4,4,1.0000,3.0000,1,44.582,29.115
9513,grid,bounded,20,31,4,6,6,1.0000,4.0000,1,38.607,29.087
9514,regular,bounded,32,48,3,10,9,1.1111,3.0000,1,82.904,91.133
9515,balanced_tree,bounded,15,14,3,5,5,1.0000,3.0000,1,39.338,31.754
9516,lollipop,bounded,9,29,8,1,1,1.0000,8.0000,1,31.035,24.369
9517,clique,rigid,6,15,5,1,1,1.0000,1.0000,1,16.378,3.158
9518,star,rigid,25,24,24,1,1,1.0000,1.0000,1,47.904,3.156
9519,complete_bipartite,rigid,15,54,9,6,6,1.0000,1.0000,1,34.648,2.216
9520,crown,rigid,4,2,1,2,2,1.0000,1.0000,1,5.057,1.645
9521,double_star,rigid,5,4,3,2,2,1.0000,1.0000,1,5.804,1.198
9522,erdos_renyi,random,18,21,6,9,9,1.0000,6.0000,1,46.265,31.304
9523,barabasi_albert,random,18,17,9,7,7,1.0000,9.0000,1,30.555,4.114
9524,random_tree,random,36,35,5,14,14,1.0000,5.0000,1,115.860,30.689
9525,path,bounded,31,30,2,11,11,1.0000,2.0000,1,93.606,19.132
9526,cycle,bounded,18,18,2,6,6,1.0000,2.0000,1,28.256,28.757
9527,ladder,bounded,20,28,3,6,6,1.0000,3.0000,1,32.422,18.504
9528,grid,bounded,8,10,3,3,3,1.0000,4.0000,1,9.761,14.106
9529,regular,bounded,26,26,2,9,9,1.0000,2.0000,1,38.838,28.829
9530,balanced_tree,bounded,15,14,3,5,5,1.0000,3.0000,1,45.578,31.803
9531,lollipop,bounded,17,26,6,5,5,1.0000,6.0000,1,46.273,14.951
9532,clique,rigid,7,21,6,1,1,1.0000,1.0000,1,9.178,1.549
9533,star,rigid,4,3,3,1,1,1.0000,1.0000,1,4.507,1.149
9534,complete_bipartite,rigid,12,20,10,2,2,1.0000,1.0000,1,17.507,1.609
9535,crown,rigid,12,30,5,2,2,1.0000,1.0000,1,13.436,13.545
9536,double_star,rigid,21,20,11,10,10,1.0000,1.0000,1,38.055,2.788
9537,erdos_renyi,random,30,118,13,5,5,1.0000,13.0000,1,233.233,16.638
9538,barabasi_albert,random,27,26,8,11,11,1.0000,8.0000,1,40.335,1.870
9539,random_tree,random,7,6,4,3,3,1.0000,4.0000,1,7.485,1.321
9540,path,bounded,15,14,2,5,5,1.0000,2.0000,1,16.707,15.527
9541,cycle,bounded,40,40,2,14,14,1.0000,2.0000,1,95.837,21.268
9542,ladder,bounded,6,7,3,2,2,1.0000,3.0000,1,16.589,26.915
9543,grid,bounded,20,31,4,6,6,1.0000,4.0000,1,58.135,15.166
9544,regular,bounded,30,45,3,9,9,1.0000,3.0000,1,104.622,60.656
9545,balanced_tree,bounded,13,12,4,3,3,1.0000,4.0000,1,34.674,2.313
9546,lollipop,bounded,19,33,7,5,5,1.0000,7.0000,1,39.516,26.468
9547,clique,rigid,10,45,9,1,1,1.0000,1.0000,1,17.963,2.696
9548,star,rigid,21,20,20,1,1,1.0000,1.0000,1,37.496,3.358
9549,complete_bipartite,rigid,9,8,8,1,1,1.0000,1.0000,1,15.978,1.923
9550,crown,rigid,10,20,4,2,2,1.0000,1.0000,1,13.103,11.395
9551,double_star,rigid,20,19,13,7,7,1.0000,1.0000,1,20.322,1.667
9552,erdos_renyi,random,9,10,5,2,2,1.0000,5.0000,1,8.893,14.641
9553,barabasi_albert,random,16,28,7,5,5,1.0000,7.0000,1,43.012,22.694
9554,random_tree,random,33,32,5,12,12,1.0000,5.0000,1,56.841,21.805
9555,path,bounded,31,30,2,11,11,1.0000,2.0000,1,69.376,24.417
9556,cycle,bounded,31,31,2,11,11,1.0000,2.0000,1,58.215,17.427
9557,ladder,bounded,18,25,3,5,5,1.0000,3.0000,1,32.173,13.415
9558,grid,bounded,16,24,4,4,4,1.0000,4.0000,1,38.301,27.914
9559,regular,bounded,30,45,3,8,8,1.0000,3.0000,1,103.812,60.919
9560,balanced_tree,bounded,15,14,3,5,5,1.0000,3.0000,1,29.852,27.386
9561,lollipop,bounded,15,35,8,3,3,1.0000,8.0000,1,34.458,16.397
9562,clique,rigid,10,45,9,1,1,1.0000,1.0000,1,14.572,1.823
9563,star,rigid,12,11,11,1,1,1.0000,1.0000,1,10.998,1.457
9564,complete_bipartite,rigid,12,27,9,3,3,1.0000,1.0000,1,18.660,1.732
9565,crown,rigid,8,12,3,2,2,1.0000,1.0000,1,23.029,27.652
9566,double_star,rigid,21,20,12,9,9,1.0000,1.0000,1,27.955,1.746
9567,erdos_renyi,random,9,3,2,7,7,1.0000,2.0000,1,13.988,2.436
9568,barabasi_albert,random,15,14,5,5,5,1.0000,5.0000,1,38.144,2.871
9569,random_tree,random,13,12,3,4,4,1.0000,3.0000,1,24.782,9.803
9570,path,bounded,24,23,2,8,8,1.0000,2.0000,1,34.236,15.137
9571,cycle,bounded,28,28,2,10,10,1.0000,2.0000,1,78.599,31.901
9572,ladder,bounded,28,40,3,8,8,1.0000,3.0000,1,127.670,25.794
9573,grid,bounded,10,13,3,3,3,1.0000,4.0000,1,32.266,20.556
9574,regular,bounded,16,40,5,3,3,1.0000,5.0000,1,35.703,22.173
9575,balanced_tree,bounded,15,14,3,5,5,1.0000,3.0000,1,23.928,27.968
9576,lollipop,bounded,20,40,8,5,5,1.0000,8.0000,1,36.954,27.847
9577,clique,rigid,2,1,1,1,1,1.0000,1.0000,1,7.966,2.821
9578,star,rigid,6,5,5,1,1,1.0000,1.0000,1,9.359,1.735
9579,complete_bipartite,rigid,2,1,1,1,1,1.0000,1.0000,1,4.097,3.219
9580,crown,rigid,12,30,5,2,2,1.0000,1.0000,1,27.284,21.160
9581,double_star,rigid,6,5,4,2,2,1.0000,1.0000,1,15.494,2.470
9582,erdos_renyi,random,33,39,5,14,14,1.0000,5.0000,1,122.325,20.640
9583,barabasi_albert,random,20,36,9,6,6,1.0000,9.0000,1,66.744,17.978
9584,random_tree,random,13,12,4,4,4,1.0000,4.0000,1,32.616,2.135
9585,path,bounded,8,7,2,3,3,1.0000,2.0000,1,12.553,18.453
9586,cycle,bounded,16,16,2,6,6,1.0000,2.0000,1,23.613,14.878
9587,ladder,bounded,8,10,3,3,3,1.0000,3.0000,1,14.675,22.404
9588,grid,bounded,6,7,3,2,2,1.0000,4.0000,1,19.139,29.201
9589,regular,bounded,18,27,3,5,5,1.0000,3.0000,1,48.490,38.406
9590,balanced_tree,bounded,15,14,3,5,5,1.0000,3.0000,1,27.638,16.325
9591,lollipop,bounded,14,34,8,3,3,1.0000,8.0000,1,33.438,22.232
9592,clique,rigid,1,0,0,1,1,1.0000,1.0000,1,2.388,1.603
9593,star,rigid,7,6,6,1,1,1.0000,1.0000,1,7.575,2.315
9594,complete_bipartite,rigid,12,32,8,4,4,1.0000,1.0000,1,23.387,1.974
9595,crown,rigid,8,12,3,2,2,1.0000,1.0000,1,8.352,12.756
9596,double_star,rigid,16,15,8,8,8,1.0000,1.0000,1,29.542,2.483
9597,erdos_renyi,random,18,48,8,4,4,1.0000,8.0000,1,61.766,23.435
9598,barabasi_albert,random,13,22,7,4,4,1.0000,7.0000,1,41.374,23.183
9599,random_tree,random,15,14,4,6,6,1.0000,4.0000,1,41.677,3.092
9600,path,bounded,29,28,2,10,10,1.0000,2.0000,1,49.240,13.592
9601,cycle,bounded,9,9,2,3,3,1.0000,2.0000,1,9.784,16.255
9602,ladder,bounded,4,4,2,2,2,1.0000,3.0000,1,5.712,1.435
9603,grid,bounded,20,31,4,6,6,1.0000,4.0000,1,42.313,12.975
9604,regular,bounded,10,15,3,3,3,1.0000,3.0000,1,19.598,28.118
9605,balanced_tree,bounded,13,12,4,3,3,1.0000,4.0000,1,30.690,1.837
9606,lollipop,bounded,18,38,8,4,4,1.0000,8.0000,1,35.909,19.270
9607,clique,rigid,5,10,4,1,1,1.0000,1.0000,1,8.936,2.822
9608,star,rigid,16,15,15,1,1,1.0000,1.0000,1,28.428,2.946
9609,complete_bipartite,rigid,10,21,7,3,3,1.0000,1.0000,1,16.109,1.810
9610,crown,rigid,12,30,5,2,2,1.0000,1.0000,1,13.906,16.691
9611,double_star,rigid,20,19,11,9,9,1.0000,1.0000,1,23.182,1.917
9612,erdos_renyi,random,8,4,2,5,5,1.0000,2.0000,1,20.238,2.367
9613,barabasi_albert,random,31,30,7,13,13,1.0000,7.0000,1,67.140,2.520
9614,random_tree,random,25,24,5,10,10,1.0000,5.0000,1,41.527,83.132
9615,path,bounded,33,32,2,11,11,1.0000,2.0000,1,85.462,16.448
9616,cycle,bounded,9,9,2,3,3,1.0000,2.0000,1,15.518,17.495
9617,ladder,bounded,10,13,3,3,3,1.0000,3.0000,1,14.123,14.696
9618,grid,bounded,18,27,4,6,6,1.0000,4.0000,1,45.417,38.166
9619,regular,bounded,20,50,5,4,4,1.0000,5.0000,1,83.504,31.801
9620,balanced_tree,bounded,13,12,4,3,3,1.0000,4.0000,1,17.166,1.607
9621,lollipop,bounded,14,14,3,5,5,1.0000,3.0000,1,15.705,14.107
9622,clique,rigid,11,55,10,1,1,1.0000,1.0000,1,29.945,3.749
9623,star,rigid,22,21,21,1,1,1.0000,1.0000,1,28.283,2.108
9624,complete_bipartite,rigid,8,15,5,3,3,1.0000,1.0000,1,12.993,3.153
9625,crown,rigid,10,20,4,2,2,1.0000,1.0000,1,13.150,12.584
9626,double_star,rigid,22,21,11,11,11,1.0000,1.0000,1,39.801,1.801
9627,erdos_renyi,random,11,12,4,4,4,1.0000,4.0000,1,12.346,13.806
9628,barabasi_albert,random,28,52,16,6,6,1.0000,16.0000,1,87.415,21.435
9629,random_tree,random,12,11,3,4,4,1.0000,3.0000,1,18.933,1.929
9630,path,bounded,7,6,2,3,3,1.0000,2.0000,1,12.725,1.702
9631,cycle,bounded,40,40,2,14,14,1.0000,2.0000,1,108.166,22.071
9632,ladder,bounded,24,34,3,7,7,1.0000,3.0000,1,42.300,29.479
9633,grid,bounded,15,22,4,4,4,1.0000,4.0000,1,37.047,26.839
9634,regular,bounded,20,30,3,6,6,1.0000,3.0000,1,40.237,36.279
9635,balanced_tree,bounded,13,12,4,3,3,1.0000,4.0000,1,38.044,3.498
9636,lollipop,bounded,9,11,4,3,3,1.0000,4.0000,1,23.355,35.790
9637,clique,rigid,9,36,8,1,1,1.0000,1.0000,1,14.179,3.258
9638,star,rigid,29,28,28,1,1,1.0000,1.0000,1,40.136,3.005
9639,complete_bipartite,rigid,8,7,7,1,1,1.0000,1.0000,1,8.081,1.931
9640,crown,rigid,6,6,2,2,2,1.0000,1.0000,1,7.051,19.489
9641,double_star,rigid,13,12,10,3,3,1.0000,1.0000,1,14.449,1.635
9642,erdos_renyi,random,29,99,12,5,5,1.0000,12.0000,1,114.904,42.054
9643,barabasi_albert,random,25,46,9,7,7,1.0000,9.0000,1,102.716,21.595
9644,random_tree,random,5,4,3,2,2,1.0000,3.0000,1,7.021,2.262
9645,path,bounded,26,25,2,9,9,1.0000,2.0000,1,83.236,25.394
9646,cycle,bounded,22,22,2,8,8,1.0000,2.0000,1,40.386,15.802
9647,ladder,bounded,20,28,3,6,6,1.0000,3.0000,1,34.915,19.333
9648,grid,bounded,15,22,4,4,4,1.0000,4.0000,1,42.210,14.730
9649,regular,bounded,24,48,4,6,6,1.0000,4.0000,1,85.826,38.838
9650,balanced_tree,bounded,15,14,3,5,5,1.0000,3.0000,1,19.628,16.878
9651,lollipop,bounded,13,27,7,3,3,1.0000,7.0000,1,28.703,32.082
9652,clique,rigid,13,78,12,1,1,1.0000,1.0000,1,32.833,2.751
9653,star,rigid,24,23,23,1,1,1.0000,1.0000,1,32.215,3.664
9654,complete_bipartite,rigid,10,24,6,4,4,1.0000,1.0000,1,22.201,4.041
9655,crown,rigid,12,30,5,2,2,1.0000,1.0000,1,22.128,17.339
9656,double_star,rigid,17,16,9,8,8,1.0000,1.0000,1,32.265,1.843
9657,erdos_renyi,random,20,62,11,4,4,1.0000,11.0000,1,73.296,21.629
9658,barabasi_albert,random,14,24,9,4,4,1.0000,9.0000,1,33.989,17.844
9659,random_tree,random,3,2,2,1,1,1.0000,2.0000,1,3.376,1.122
9660,path,bounded,17,16,2,6,6,1.0000,2.0000,1,38.193,23.084
9661,cycle,bounded,30,30,2,10,10,1.0000,2.0000,1,67.512,26.316
9662,ladder,bounded,30,43,3,8,8,1.0000,3.0000,1,87.780,32.374
9663,grid,bounded,30,49,4,8,8,1.0000,4.0000,1,115.075,16.934
9664,regular,bounded,9,18,4,2,2,1.0000,4.0000,1,14.589,21.088
9665,balanced_tree,bounded,13,12,4,3,3,1.0000,4.0000,1,26.153,1.651
9666,lollipop,bounded,13,15,4,4,4,1.0000,4.0000,1,14.943,40.230
9667,clique,rigid,5,10,4,1,1,1.0000,1.0000,1,13.432,3.482
9668,star,rigid,22,21,21,1,1,1.0000,1.0000,1,39.970,4.556
9669,complete_bipartite,rigid,10,21,7,3,3,1.0000,1.0000,1,28.531,3.624
9670,crown,rigid,6,6,2,2,2,1.0000,1.0000,1,15.480,31.397
9671,double_star,rigid,19,18,10,9,9,1.0000,1.0000,1,56.668,8.588
9672,erdos_renyi,random,25,28,5,9,9,1.0000,5.0000,1,89.113,27.291
9673,barabasi_albert,random,16,28,8,5,5,1.0000,8.0000,1,41.709,24.280
9674,random_tree,random,20,19,4,9,9,1.0000,4.0000,1,43.040,7.980
9675,path,bounded,37,36,2,13,13,1.0000,2.0000,1,111.778,26.423
9676,cycle,bounded,32,32,2,11,11,1.0000,2.0000,1,80.268,36.099
9677,ladder,bounded,20,28,3,6,6,1.0000,3.0000,1,65.348,42.924
9678,grid,bounded,8,10,3,3,3,1.0000,4.0000,1,22.304,27.228
9679,regular,bounded,12,30,5,2,2,1.0000,5.0000,1,19.807,22.677
9680,balanced_tree,bounded,13,12,4,3,3,1.0000,4.0000,1,31.148,3.340
9681,lollipop,bounded,14,16,4,4,4,1.0000,4.0000,1,24.651,15.846
9682,clique,rigid,9,36,8,1,1,1.0000,1.0000,1,14.619,2.824
9683,star,rigid,11,10,10,1,1,1.0000,1.0000,1,23.954,3.090
9684,complete_bipartite,rigid,11,30,6,5,5,1.0000,1.0000,1,30.913,3.872
9685,crown,rigid,4,2,1,2,2,1.0000,1.0000,1,9.826,2.959
9686,double_star,rigid,19,18,11,8,8,1.0000,1.0000,1,31.022,1.958
9687,erdos_renyi,random,13,15,4,4,4,1.0000,4.0000,1,15.245,12.517
9688,barabasi_albert,random,22,21,9,9,9,1.0000,9.0000,1,76.303,3.211
9689,random_tree,random,23,22,4,10,10,1.0000,4.0000,1,38.054,1.946
9690,path,bounded,29,28,2,10,10,1.0000,2.0000,1,74.896,21.694
9691,cycle,bounded,4,4,2,2,2,1.0000,2.0000,1,7.107,2.186
9692,ladder,bounded,12,16,3,4,4,1.0000,3.0000,1,30.501,28.838
9693,grid,bounded,9,12,4,3,3,1.0000,4.0000,1,24.273,19.652
9694,regular,bounded,14,28,4,4,4,1.0000,4.0000,1,48.275,22.791
9695,balanced_tree,bounded,13,12,4,3,3,1.0000,4.0000,1,18.672,2.386
9696,lollipop,bounded,14,23,6,4,4,1.0000,6.0000,1,19.943,35.618
9697,clique,rigid,2,1,1,1,1,1.0000,1.0000,1,5.577,2.465
9698,star,rigid,3,2,2,1,1,1.0000,1.0000,1,10.032,2.787
9699,complete_bipartite,rigid,11,24,8,3,3,1.0000,1.0000,1,34.128,3.087
9700,crown,rigid,8,12,3,2,2,1.0000,1.0000,1,16.770,20.087
9701,double_star,rigid,7,6,4,3,3,1.0000,1.0000,1,8.713,3.739
9702,erdos_renyi,random,19,37,9,4,4,1.0000,9.0000,1,54.912,12.982
9703,barabasi_albert,random,31,30,9,12,12,1.0000,9.0000,1,88.362,2.350
9704,random_tree,random,32,31,4,13,13,1.0000,4.0000,1,78.048,31.399
9705,path,bounded,39,38,2,13,13,1.0000,2.0000,1,124.357,22.430
9706,cycle,bounded,15,15,2,5,5,1.0000,2.0000,1,41.430,35.913
9707,ladder,bounded,8,10,3,3,3,1.0000,3.0000,1,16.381,17.790
9708,grid,bounded,20,31,4,6,6,1.0000,4.0000,1,72.871,34.107
9709,regular,bounded,29,29,2,10,10,1.0000,2.0000,1,45.077,28.265
9710,balanced_tree,bounded,13,12,4,3,3,1.0000,4.0000,1,31.267,1.855
9711,lollipop,bounded,10,12,4,3,3,1.0000,4.0000,1,24.069,32.229
9712,clique,rigid,2,1,1,1,1,1.0000,1.0000,1,3.273,1.590
9713,star,rigid,13,12,12,1,1,1.0000,1.0000,1,12.246,1.449
9714,complete_bipartite,rigid,20,99,11,9,9,1.0000,1.0000,1,67.930,4.940
9715,crown,rigid,12,30,5,2,2,1.0000,1.0000,1,14.815,11.666
9716,double_star,rigid,19,18,12,7,7,1.0000,1.0000,1,19.746,1.619
9717,erdos_renyi,random,15,16,4,6,6,1.0000,4.0000,1,18.688,12.767
9718,barabasi_albert,random,22,21,8,9,9,1.0000,8.0000,1,45.311,2.083
9719,random_tree,random,40,39,6,16,16,1.0000,6.0000,1,125.245,25.859
9720,path,bounded,4,3,2,2,2,1.0000,2.0000,1,9.885,1.911
9721,cycle,bounded,3,3,2,1,1,1.0000,2.0000,1,4.598,1.397
9722,ladder,bounded,36,52,3,10,10,1.0000,3.0000,1,127.870,43.837
9723,grid,bounded,30,49,4,8,8,1.0000,4.0000,1,118.555,81.273
9724,regular,bounded,9,18,4,2,2,1.0000,4.0000,1,20.273,18.701
9725,balanced_tree,bounded,15,14,3,5,5,1.0000,3.0000,1,22.927,16.293
9726,lollipop,bounded,17,37,8,4,4,1.0000,8.0000,1,44.968,14.011
9727,clique,rigid,3,3,2,1,1,1.0000,1.0000,1,4.135,2.167
9728,star,rigid,30,29,29,1,1,1.0000,1.0000,1,37.484,3.308
9729,complete_bipartite,rigid,19,84,12,7,7,1.0000,1.0000,1,108.467,4.587
9730,crown,rigid,6,6,2,2,2,1.0000,1.0000,1,11.101,22.868
9731,double_star,rigid,18,17,10,8,8,1.0000,1.0000,1,28.238,2.466
9732,erdos_renyi,random,13,29,6,3,3,1.0000,6.0000,1,32.414,27.802
9733,barabasi_albert,random,25,24,9,10,10,1.0000,9.0000,1,87.918,2.342
9734,random_tree,random,30,29,4,10,10,1.0000,4.0000,1,81.755,24.415
9735,path,bounded,29,28,2,10,10,1.0000,2.0000,1,51.276,20.758
9736,cycle,bounded,16,16,2,6,6,1.0000,2.0000,1,32.603,21.066
9737,ladder,bounded,8,10,3,3,3,1.0000,3.0000,1,10.704,19.379
9738,grid,bounded,6,7,3,2,2,1.0000,4.0000,1,11.953,18.247
9739,regular,bounded,26,39,3,8,7,1.1429,3.0000,1,94.405,45.873
9740,balanced_tree,bounded,15,14,3,5,5,1.0000,3.0000,1,34.555,28.939
9741,lollipop,bounded,9,29,8,1,1,1.0000,8.0000,1,28.678,21.917
9742,clique,rigid,11,55,10,1,1,1.0000,1.0000,1,45.390,7.512
9743,star,rigid,23,22,22,1,1,1.0000,1.0000,1,42.285,3.257
9744,complete_bipartite,rigid,3,2,2,1,1,1.0000,1.0000,1,6.194,1.481
9745,crown,rigid,8,12,3,2,2,1.0000,1.0000,1,11.102,17.186
9746,double_star,rigid,6,5,4,2,2,1.0000,1.0000,1,13.811,2.977
9747,erdos_renyi,random,30,140,15,4,4,1.0000,15.0000,1,202.578,97.031
9748,barabasi_albert,random,15,14,8,6,6,1.0000,8.0000,1,39.293,4.116
9749,random_tree,random,13,12,3,6,6,1.0000,3.0000,1,28.907,5.284
9750,path,bounded,18,17,2,6,6,1.0000,2.0000,1,33.661,20.805
9751,cycle,bounded,26,26,2,9,9,1.0000,2.0000,1,54.711,35.542
9752,ladder,bounded,16,22,3,5,5,1.0000,3.0000,1,49.302,35.610
9753,grid,bounded,9,12,4,3,3,1.0000,4.0000,1,25.494,21.283
9754,regular,bounded,29,29,2,10,10,1.0000,2.0000,1,90.017,35.460
9755,balanced_tree,bounded,13,12,4,3,3,1.0000,4.0000,1,17.514,2.788
9756,lollipop,bounded,15,17,4,5,5,1.0000,4.0000,1,34.002,27.065
9757,clique,rigid,11,55,10,1,1,1.0000,1.0000,1,40.714,5.597
9758,star,rigid,9,8,8,1,1,1.0000,1.0000,1,19.777,3.010
9759,complete_bipartite,rigid,9,18,6,3,3,1.0000,1.0000,1,23.826,3.131
9760,crown,rigid,12,30,5,2,2,1.0000,1.0000,1,40.320,35.689
9761,double_star,rigid,22,21,11,11,11,1.0000,1.0000,1,70.958,1.904
9762,erdos_renyi,random,20,68,10,4,4,1.0000,10.0000,1,73.088,20.707
9763,barabasi_albert,random,23,22,8,9,9,1.0000,8.0000,1,58.147,3.397
9764,random_tree,random,6,5,2,2,2,1.0000,2.0000,1,10.519,1.983
9765,path,bounded,17,16,2,6,6,1.0000,2.0000,1,31.361,34.372
9766,cycle,bounded,10,10,2,4,4,1.0000,2.0000,1,23.172,16.642
9767,ladder,bounded,22,31,3,6,6,1.0000,3.0000,1,77.497,22.529
9768,grid,bounded,30,49,4,8,8,1.0000,4.0000,1,155.614,132.287
9769,regular,bounded,6,9,3,2,2,1.0000,3.0000,1,18.042,28.434
9770,balanced_tree,bounded,13,12,4,3,3,1.0000,4.0000,1,23.802,3.769
9771,lollipop,bounded,5,7,4,1,1,1.0000,4.0000,1,11.139,24.323
9772,clique,rigid,10,45,9,1,1,1.0000,1.0000,1,22.750,2.317
9773,star,rigid,21,20,20,1,1,1.0000,1.0000,1,31.887,2.780
9774,complete_bipartite,rigid,21,110,11,10,10,1.0000,1.0000,1,126.574,3.664
9775,crown,rigid,12,30,5,2,2,1.0000,1.0000,1,27.109,16.613
9776,double_star,rigid,8,7,5,3,3,1.0000,1.0000,1,18.549,2.150
9777,erdos_renyi,random,14,33,8,4,4,1.0000,8.0000,1,48.917,17.766
9778,barabasi_albert,random,9,8,5,3,3,1.0000,5.0000,1,17.032,3.428
9779,random_tree,random,5,4,2,2,2,1.0000,2.0000,1,16.122,2.086
9780,path,bounded,40,39,2,14,14,1.0000,2.0000,1,194.582,20.128
9781,cycle,bounded,30,30,2,10,10,1.0000,2.0000,1,74.524,30.803
9782,ladder,bounded,24,34,3,7,7,1.0000,3.0000,1,79.994,25.045
9783,grid,bounded,9,12,4,3,3,1.0000,4.0000,1,15.507,23.879
9784,regular,bounded,20,20,2,7,7,1.0000,2.0000,1,55.214,33.109
9785,balanced_tree,bounded,13,12,4,3,3,1.0000,4.0000,1,35.304,3.365
9786,lollipop,bounded,6,11,5,1,1,1.0000,5.0000,1,12.230,24.730
9787,clique,rigid,10,45,9,1,1,1.0000,1.0000,1,20.494,2.410
9788,star,rigid,15,14,14,1,1,1.0000,1.0000,1,21.689,2.925
9789,complete_bipartite,rigid,5,6,3,2,2,1.0000,1.0000,1,12.189,3.229
9790,crown,rigid,8,12,3,2,2,1.0000,1.0000,1,15.133,29.807
9791,double_star,rigid,10,9,7,3,3,1.0000,1.0000,1,28.550,3.147
9792,erdos_renyi,random,23,42,8,7,7,1.0000,8.0000,1,89.432,25.752
9793,barabasi_albert,random,20,36,12,5,5,1.0000,12.0000,1,33.024,14.931
9794,random_tree,random,25,24,5,9,9,1.0000,5.0000,1,37.788,1.989
9795,path,bounded,36,35,2,12,12,1.0000,2.0000,1,78.223,26.354
9796,cycle,bounded,15,15,2,5,5,1.0000,2.0000,1,18.321,14.019
9797,ladder,bounded,12,16,3,4,4,1.0000,3.0000,1,30.861,30.496
9798,grid,bounded,12,17,4,4,4,1.0000,4.0000,1,35.552,28.086
9799,regular,bounded,13,26,4,3,3,1.0000,4.0000,1,32.772,12.864
9800,balanced_tree,bounded,15,14,3,5,5,1.0000,3.0000,1,27.023,27.216
9801,lollipop,bounded,12,26,7,3,3,1.0000,7.0000,1,32.246,39.866
9802,clique,rigid,12,66,11,1,1,1.0000,1.0000,1,37.097,3.439
9803,star,rigid,2,1,1,1,1,1.0000,1.0000,1,5.043,2.234
9804,complete_bipartite,rigid,12,20,10,2,2,1.0000,1.0000,1,47.146,3.767
9805,crown,rigid,6,6,2,2,2,1.0000,1.0000,1,8.986,21.173
9806,double_star,rigid,9,8,5,4,4,1.0000,1.0000,1,21.357,3.585
9807,erdos_renyi,random,24,59,8,5,5,1.0000,8.0000,1,75.059,18.797
9808,barabasi_albert,random,13,22,6,4,4,1.0000,6.0000,1,35.734,12.778
9809,random_tree,random,23,22,4,7,7,1.0000,4.0000,1,58.412,22.293
9810,path,bounded,33,32,2,11,11,1.0000,2.0000,1,80.172,24.631
9811,cycle,bounded,18,18,2,6,6,1.0000,2.0000,1,40.355,24.859
9812,ladder,bounded,18,25,3,5,5,1.0000,3.0000,1,63.215,27.136
9813,grid,bounded,24,38,4,7,7,1.0000,4.0000,1,65.726,31.025
9814,regular,bounded,23,46,4,5,5,1.0000,4.0000,1,47.236,39.429
9815,balanced_tree,bounded,15,14,3,5,5,1.0000,3.0000,1,30.219,24.731
9816,lollipop,bounded,13,15,4,4,4,1.0000,4.0000,1,33.463,21.640
9817,clique,rigid,8,28,7,1,1,1.0000,1.0000,1,11.076,2.754
9818,star,rigid,7,6,6,1,1,1.0000,1.0000,1,14.542,3.003
9819,complete_bipartite,rigid,15,36,12,3,3,1.0000,1.0000,1,51.965,2.479
9820,crown,rigid,10,20,4,2,2,1.0000,1.0000,1,19.961,13.929
9821,double_star,rigid,14,13,10,4,4,1.0000,1.0000,1,22.503,1.946
9822,erdos_renyi,random,29,98,12,5,5,1.0000,12.0000,1,178.915,225.087
9823,barabasi_albert,random,31,30,13,11,11,1.0000,13.0000,1,82.187,2.169
9824,random_tree,random,5,4,3,2,2,1.0000,3.0000,1,6.312,2.716
9825,path,bounded,14,13,2,5,5,1.0000,2.0000,1,37.083,21.704
9826,cycle,bounded,40,40,2,14,14,1.0000,2.0000,1,80.412,20.640
9827,ladder,bounded,34,49,3,9,9,1.0000,3.0000,1,79.633,13.049
9828,grid,bounded,20,31,4,6,6,1.0000,4.0000,1,51.530,23.256
9829,regular,bounded,19,38,4,5,5,1.0000,4.0000,1,33.577,17.006
9830,balanced_tree,bounded,15,14,3,5,5,1.0000,3.0000,1,19.738,16.105
9831,lollipop,bounded,14,28,7,3,3,1.0000,7.0000,1,19.543,16.829
9832,clique,rigid,8,28,7,1,1,1.0000,1.0000,1,23.809,3.267
9833,star,rigid,12,11,11,1,1,1.0000,1.0000,1,24.341,3.594
9834,complete_bipartite,rigid,10,16,8,2,2,1.0000,1.0000,1,24.383,2.173
9835,crown,rigid,12,30,5,2,2,1.0000,1.0000,1,14.438,11.155
9836,double_star,rigid,13,12,10,3,3,1.0000,1.0000,1,13.891,1.727
9837,erdos_renyi,random,15,28,7,4,4,1.0000,7.0000,1,24.220,22.674
9838,barabasi_albert,random,23,22,7,9,9,1.0000,7.0000,1,52.803,3.654
9839,random_tree,random,31,30,4,11,11,1.0000,4.0000,1,80.701,29.790
9840,path,bounded,28,27,2,10,10,1.0000,2.0000,1,88.807,17.412
9841,cycle,bounded,18,18,2,6,6,1.0000,2.0000,1,31.129,17.221
9842,ladder,bounded,28,40,3,8,8,1.0000,3.0000,1,75.371,15.378
9843,grid,bounded,18,27,4,6,6,1.0000,4.0000,1,41.320,40.632
9844,regular,bounded,16,24,3,5,5,1.0000,3.0000,1,37.220,20.695
9845,balanced_tree,bounded,13,12,4,3,3,1.0000,4.0000,1,22.108,2.492
9846,lollipop,bounded,17,37,8,4,4,1.0000,8.0000,1,34.060,62.552
9847,clique,rigid,11,55,10,1,1,1.0000,1.0000,1,60.985,2.997
9848,star,rigid,12,11,11,1,1,1.0000,1.0000,1,23.026,2.654
9849,complete_bipartite,rigid,10,24,6,4,4,1.0000,1.0000,1,15.799,2.410
9850,crown,rigid,4,2,1,2,2,1.0000,1.0000,1,5.283,1.206
9851,double_star,rigid,15,14,10,5,5,1.0000,1.0000,1,14.523,1.475
9852,erdos_renyi,random,20,73,11,3,3,1.0000,11.0000,1,105.679,24.929
9853,barabasi_albert,random,13,12,5,5,5,1.0000,5.0000,1,22.751,3.326
9854,random_tree,random,28,27,6,12,12,1.0000,6.0000,1,74.035,3.264
9855,path,bounded,12,11,2,4,4,1.0000,2.0000,1,20.023,35.572
9856,cycle,bounded,20,20,2,7,7,1.0000,2.0000,1,49.822,29.635
9857,ladder,bounded,30,43,3,8,8,1.0000,3.0000,1,106.811,14.821
9858,grid,bounded,4,4,2,2,2,1.0000,4.0000,1,5.675,1.550
9859,regular,bounded,30,75,5,7,6,1.1667,5.0000,1,148.301,102.419
9860,balanced_tree,bounded,15,14,3,5,5,1.0000,3.0000,1,27.556,19.335
9861,lollipop,bounded,6,6,3,2,2,1.0000,3.0000,1,10.791,3.449
9862,clique,rigid,1,0,0,1,1,1.0000,1.0000,1,4.363,2.320
9863,star,rigid,7,6,6,1,1,1.0000,1.0000,1,12.860,1.572
9864,complete_bipartite,rigid,12,20,10,2,2,1.0000,1.0000,1,24.176,2.974
9865,crown,rigid,6,6,2,2,2,1.0000,1.0000,1,10.054,15.862
9866,double_star,rigid,16,15,10,6,6,1.0000,1.0000,1,20.612,1.972
9867,erdos_renyi,random,31,106,14,6,6,1.0000,14.0000,1,198.980,98.850
9868,barabasi_albert,random,10,16,7,2,2,1.0000,7.0000,1,23.309,15.944
9869,random_tree,random,28,27,3,10,10,1.0000,3.0000,1,69.454,18.119
9870,path,bounded,19,18,2,7,7,1.0000,2.0000,1,51.597,17.744
9871,cycle,bounded,31,31,2,11,11,1.0000,2.0000,1,53.828,29.984
9872,ladder,bounded,12,16,3,4,4,1.0000,3.0000,1,19.997,16.438
9873,grid,bounded,12,17,4,4,4,1.0000,4.0000,1,24.782,21.648
9874,regular,bounded,18,27,3,5,5,1.0000,3.0000,1,54.048,37.839
9875,balanced_tree,bounded,15,14,3,5,5,1.0000,3.0000,1,38.842,17.291
9876,lollipop,bounded,12,26,7,3,3,1.0000,7.0000,1,17.807,43.172
9877,clique,rigid,7,21,6,1,1,1.0000,1.0000,1,19.864,2.351
9878,star,rigid,15,14,14,1,1,1.0000,1.0000,1,17.266,1.722
9879,complete_bipartite,rigid,14,24,12,2,2,1.0000,1.0000,1,20.546,1.818
9880,crown,rigid,10,20,4,2,2,1.0000,1.0000,1,11.041,14.908
9881,double_star,rigid,14,13,12,2,2,1.0000,1.0000,1,27.201,3.587
9882,erdos_renyi,random,13,20,6,5,5,1.0000,6.0000,1,24.876,13.269
9883,barabasi_albert,random,10,16,6,2,2,1.0000,6.0000,1,14.418,18.917
9884,random_tree,random,32,31,4,12,12,1.0000,4.0000,1,107.005,30.017
9885,path,bounded,35,34,2,12,12,1.0000,2.0000,1,80.069,21.088
9886,cycle,bounded,19,19,2,7,7,1.0000,2.0000,1,30.835,15.161
9887,ladder,bounded,24,34,3,7,7,1.0000,3.0000,1,55.000,34.778
9888,grid,bounded,36,60,4,10,10,1.0000,4.0000,1,171.181,142.320
9889,regular,bounded,34,68,4,9,8,1.1250,4.0000,1,108.788,100.606
9890,balanced_tree,bounded,13,12,4,3,3,1.0000,4.0000,1,22.453,2.990
9891,lollipop,bounded,8,22,7,1,1,1.0000,7.0000,1,21.019,17.640
9892,clique,rigid,3,3,2,1,1,1.0000,1.0000,1,4.240,1.644
9893,star,rigid,31,30,30,1,1,1.0000,1.0000,1,42.620,1.970
9894,complete_bipartite,rigid,14,48,8,6,6,1.0000,1.0000,1,36.205,2.465
9895,crown,rigid,8,12,3,2,2,1.0000,1.0000,1,7.850,12.990
9896,double_star,rigid,17,16,10,7,7,1.0000,1.0000,1,30.924,3.393
9897,erdos_renyi,random,31,88,10,6,6,1.0000,10.0000,1,148.299,27.887
9898,barabasi_albert,random,13,22,7,2,2,1.0000,7.0000,1,32.957,23.952
9899,random_tree,random,12,11,3,4,4,1.0000,3.0000,1,26.358,2.081
9900,path,bounded,23,22,2,8,8,1.0000,2.0000,1,64.386,19.164
9901,cycle,bounded,23,23,2,8,8,1.0000,2.0000,1,36.819,24.595
9902,ladder,bounded,18,25,3,5,5,1.0000,3.0000,1,39.016,27.600
9903,grid,bounded,36,60,4,10,10,1.0000,4.0000,1,152.098,109.245
9904,regular,bounded,24,36,3,7,7,1.0000,3.0000,1,67.389,34.617
9905,balanced_tree,bounded,15,14,3,5,5,1.0000,3.0000,1,21.408,29.796
9906,lollipop,bounded,14,19,5,4,4,1.0000,5.0000,1,27.761,14.929
9907,clique,rigid,1,0,0,1,1,1.0000,1.0000,1,2.070,1.510
9908,star,rigid,14,13,13,1,1,1.0000,1.0000,1,13.383,1.508
9909,complete_bipartite,rigid,17,72,9,8,8,1.0000,1.0000,1,111.588,4.532
9910,crown,rigid,10,20,4,2,2,1.0000,1.0000,1,12.045,12.013
9911,double_star,rigid,8,7,6,2,2,1.0000,1.0000,1,9.802,1.444
9912,erdos_renyi,random,10,10,4,4,4,1.0000,4.0000,1,12.753,1.583
9913,barabasi_albert,random,21,20,9,6,6,1.0000,9.0000,1,25.450,1.622
9914,random_tree,random,14,13,3,5,5,1.0000,3.0000,1,16.086,1.482
9915,path,bounded,3,2,2,1,1,1.0000,2.0000,1,3.902,1.165
9916,cycle,bounded,33,33,2,11,11,1.0000,2.0000,1,47.033,14.818
9917,ladder,bounded,18,25,3,5,5,1.0000,3.0000,1,33.409,18.461
9918,grid,bounded,20,31,4,6,6,1.0000,4.0000,1,66.444,25.323
9919,regular,bounded,17,34,4,4,4,1.0000,4.0000,1,50.962,12.416
9920,balanced_tree,bounded,15,14,3,5,5,1.0000,3.0000,1,19.062,32.232
9921,lollipop,bounded,17,37,8,4,4,1.0000,8.0000,1,25.217,21.885
9922,clique,rigid,10,45,9,1,1,1.0000,1.0000,1,17.685,1.997
9923,star,rigid,27,26,26,1,1,1.0000,1.0000,1,40.297,2.629
9924,complete_bipartite,rigid,3,2,2,1,1,1.0000,1.0000,1,5.363,2.138
9925,crown,rigid,8,12,3,2,2,1.0000,1.0000,1,9.710,19.535
9926,double_star,rigid,16,15,12,4,4,1.0000,1.0000,1,26.828,2.543
9927,erdos_renyi,random,16,50,10,2,2,1.0000,10.0000,1,53.856,11.518
9928,barabasi_albert,random,13,12,6,4,4,1.0000,6.0000,1,30.934,3.158
9929,random_tree,random,39,38,4,14,14,1.0000,4.0000,1,84.720,26.119
9930,path,bounded,13,12,2,5,5,1.0000,2.0000,1,33.686,17.034
9931,cycle,bounded,5,5,2,2,2,1.0000,2.0000,1,6.996,15.225
9932,ladder,bounded,6,7,3,2,2,1.0000,3.0000,1,8.179,29.379
9933,grid,bounded,6,7,3,2,2,1.0000,4.0000,1,13.309,25.795
9934,regular,bounded,9,18,4,2,2,1.0000,4.0000,1,17.642,13.906
9935,balanced_tree,bounded,15,14,3,5,5,1.0000,3.0000,1,41.067,16.590
9936,lollipop,bounded,15,15,3,5,5,1.0000,3.0000,1,21.826,14.952
9937,clique,rigid,8,28,7,1,1,1.0000,1.0000,1,10.569,1.607
9938,star,rigid,5,4,4,1,1,1.0000,1.0000,1,5.072,1.230
9939,complete_bipartite,rigid,19,90,10,9,9,1.0000,1.0000,1,71.468,6.021
9940,crown,rigid,12,30,5,2,2,1.0000,1.0000,1,18.461,16.636
9941,double_star,rigid,18,17,13,5,5,1.0000,1.0000,1,35.186,1.823
9942,erdos_renyi,random,22,21,7,11,11,1.0000,7.0000,1,42.344,3.009
9943,barabasi_albert,random,29,28,13,10,10,1.0000,13.0000,1,62.888,2.464
9944,random_tree,random,5,4,3,2,2,1.0000,3.0000,1,7.040,1.735
9945,path,bounded,22,21,2,8,8,1.0000,2.0000,1,47.994,20.257
9946,cycle,bounded,7,7,2,3,3,1.0000,2.0000,1,11.375,16.213
9947,ladder,bounded,6,7,3,2,2,1.0000,3.0000,1,8.643,17.063
9948,grid,bounded,10,13,3,3,3,1.0000,4.0000,1,19.887,26.607
9949,regular,bounded,15,15,2,5,5,1.0000,2.0000,1,36.464,24.188
9950,balanced_tree,bounded,13,12,4,3,3,1.0000,4.0000,1,20.467,2.198
9951,lollipop,bounded,8,17,6,2,2,1.0000,6.0000,1,11.046,3.777
9952,clique,rigid,7,21,6,1,1,1.0000,1.0000,1,17.823,5.351
9953,star,rigid,5,4,4,1,1,1.0000,1.0000,1,9.874,3.179
9954,complete_bipartite,rigid,6,9,3,3,3,1.0000,1.0000,1,16.693,4.679
9955,crown,rigid,6,6,2,2,2,1.0000,1.0000,1,13.975,19.697
9956,double_star,rigid,13,12,10,3,3,1.0000,1.0000,1,27.015,2.439
9957,erdos_renyi,random,17,42,9,4,4,1.0000,9.0000,1,47.448,17.160
9958,barabasi_albert,random,19,34,8,5,5,1.0000,8.0000,1,36.195,13.911
9959,random_tree,random,29,28,4,10,10,1.0000,4.0000,1,46.489,25.353
9960,path,bounded,7,6,2,3,3,1.0000,2.0000,1,18.740,3.862
9961,cycle,bounded,19,19,2,7,7,1.0000,2.0000,1,37.801,22.948
9962,ladder,bounded,30,43,3,8,8,1.0000,3.0000,1,100.400,32.480
9963,grid,bounded,12,16,3,4,4,1.0000,4.0000,1,30.284,16.804
9964,regular,bounded,34,51,3,9,9,1.0000,3.0000,1,79.326,79.995
9965,balanced_tree,bounded,15,14,3,5,5,1.0000,3.0000,1,25.943,16.034
9966,lollipop,bounded,13,27,7,3,3,1.0000,7.0000,1,17.323,15.513
9967,clique,rigid,11,55,10,1,1,1.0000,1.0000,1,18.567,4.064
9968,star,rigid,28,27,27,1,1,1.0000,1.0000,1,41.380,2.551
9969,complete_bipartite,rigid,24,144,12,12,12,1.0000,1.0000,1,150.651,7.985
9970,crown,rigid,8,12,3,2,2,1.0000,1.0000,1,15.536,13.881
9971,double_star,rigid,7,6,5,2,2,1.0000,1.0000,1,8.646,1.329
9972,erdos_renyi,random,21,30,5,7,7,1.0000,5.0000,1,32.447,18.339
9973,barabasi_albert,random,18,17,13,5,5,1.0000,13.0000,1,40.860,2.428
9974,random_tree,random,18,17,4,6,6,1.0000,4.0000,1,45.581,21.888
9975,path,bounded,28,27,2,10,10,1.0000,2.0000,1,50.305,21.901
9976,cycle,bounded,29,29,2,10,10,1.0000,2.0000,1,75.376,32.116
9977,ladder,bounded,28,40,3,8,8,1.0000,3.0000,1,74.874,22.274
9978,grid,bounded,30,49,4,8,8,1.0000,4.0000,1,101.447,48.835
9979,regular,bounded,20,50,5,4,4,1.0000,5.0000,1,44.158,20.323
9980,balanced_tree,bounded,13,12,4,3,3,1.0000,4.0000,1,29.040,4.584
9981,lollipop,bounded,6,11,5,1,1,1.0000,5.0000,1,16.847,24.644
9982,clique,rigid,4,6,3,1,1,1.0000,1.0000,1,7.151,2.869
9983,star,rigid,27,26,26,1,1,1.0000,1.0000,1,37.852,4.387
9984,complete_bipartite,rigid,15,54,9,6,6,1.0000,1.0000,1,54.159,4.960
9985,crown,rigid,4,2,1,2,2,1.0000,1.0000,1,10.510,2.651
9986,double_star,rigid,18,17,10,8,8,1.0000,1.0000,1,22.951,1.689
9987,erdos_renyi,random,23,37,7,8,8,1.0000,7.0000,1,55.063,22.250
9988,barabasi_albert,random,11,10,4,4,4,1.0000,4.0000,1,19.553,1.596
9989,random_tree,random,27,26,4,9,9,1.0000,4.0000,1,40.294,19.754
9990,path,bounded,2,1,1,1,1,1.0000,2.0000,1,5.570,2.926
9991,cycle,bounded,21,21,2,7,7,1.0000,2.0000,1,57.524,15.041
9992,ladder,bounded,6,7,3,2,2,1.0000,3.0000,1,8.218,23.565
9993,grid,bounded,12,16,3,4,4,1.0000,4.0000,1,32.199,17.078
9994,regular,bounded,32,48,3,9,9,1.0000,3.0000,1,114.834,26.160
9995,balanced_tree,bounded,15,14,3,5,5,1.0000,3.0000,1,35.555,31.913
9996,lollipop,bounded,8,22,7,1,1,1.0000,7.0000,1,23.492,17.306
9997,clique,rigid,9,36,8,1,1,1.0000,1.0000,1,20.009,5.147
9998,star,rigid,5,4,4,1,1,1.0000,1.0000,1,12.011,2.702
9999,complete_bipartite,rigid,10,21,7,3,3,1.0000,1.0000,1,36.357,5.273
